nu_t_over_M,FastEMRIWaveforms_R_h20_over_nu_M,effective_0PN_R_h20_over_nu_M,arXiv_2407_19017_Fig3_R_h20_over_nu_M
-1970590.6797286046,0.00919049669741969,0.00919049669741969,nan
-1965624.2787081092,0.009196205831567963,0.009196209328388336,nan
-1960670.3943098166,0.009201918448135836,0.009201925293280618,nan
-1955728.9949885977,0.009207634542979118,0.009207644593367233,nan
-1950800.0492787827,0.009213354211984581,0.009213367229917219,nan
-1945883.5257940462,0.009219077495279754,0.009219093204197866,nan
-1940979.393227151,0.009224804360261388,0.009224822517474751,nan
-1936087.6203497602,0.00923053477751018,0.009230555171011737,nan
-1931208.1760122564,0.009236268722261114,0.009236291166070925,nan
-1926341.0291434857,0.00924200617435729,0.009242030503912728,nan
-1921486.1487506416,0.009247747118203836,0.00924777318579576,nan
-1916643.503919015,0.009253491542722304,0.009253519212976891,nan
-1911813.0638118095,0.009259239441305262,0.009259268586711222,nan
-1906994.7976699586,0.00926499081177117,0.009265021308252066,nan
-1902188.6748118768,0.009270745656319624,0.00927077737885099,nan
-1897394.6646333437,0.009276503981486725,0.009276536799757732,nan
-1892612.7366072577,0.009282265798100885,0.009282299572220237,nan
-1887842.8602834516,0.009288031121238837,0.009288065697484638,nan
-1883085.0052885152,0.00929379997018193,0.009293835176795237,nan
-1878339.1413255457,0.009299572368372762,0.009299608011394556,nan
-1873605.238174039,0.00930534834337196,0.009305384202523234,nan
-1868883.2656896373,0.009311127925414685,0.009311163751420076,nan
-1864173.1938039584,0.009316911124314549,0.009316946659322041,nan
-1859474.9925244113,0.00932269793128068,0.009322732927464201,nan
-1854788.6319339543,0.009328488337646705,0.009328522557079815,nan
-1850114.0821909853,0.009334282335479492,0.009334315549400207,nan
-1845451.3135290968,0.0093400799175717,0.009340111905654829,nan
-1840800.2962569,0.009345881077434278,0.00934591162707124,nan
-1836161.0007578507,0.009351685809289021,0.009351714714875071,nan
-1831533.397490005,0.009357494108061252,0.009357521170290097,nan
-1826917.4569859132,0.009363305969372389,0.009363330994538104,nan
-1822313.1498523767,0.00936912138953273,0.009369144188838979,nan
-1817720.4467702769,0.009374940365534183,0.009374960754410652,nan
-1813139.3184943853,0.009380762895043084,0.009380780692469115,nan
-1808569.735853194,0.009386588976393032,0.009386604004228376,nan
-1804011.6697486746,0.009392418608577851,0.009392430690900528,nan
-1799465.091156172,0.009398251791244441,0.00939826075369563,nan
-1794929.971124169,0.009404088524685831,0.009404094193821782,nan
-1790406.2807741126,0.009409928809834205,0.009409931012485077,nan
-1785893.9913002446,0.009415772648253965,0.009415771210889594,nan
-1781393.0739693665,0.009421620042134931,0.009421614790237445,nan
-1776903.5001207332,0.009427470994285403,0.009427461751728667,nan
-1772425.241165819,0.009433325508125461,0.009433312096561286,nan
-1767958.2685881492,0.009439183587680196,0.00943916582593128,nan
-1763502.5539431307,0.00944504523757301,0.009445022941032563,nan
-1759058.0688578198,0.009450910463019033,0.009450883443057043,nan
-1754624.7850308178,0.009456779269818404,0.009456747333194501,nan
-1750202.6742320415,0.009462651664340016,0.009462614612632656,nan
-1745791.7083025535,0.009468527652329592,0.009468485282557145,nan
-1741391.8591543965,0.009474407237474444,0.009474359344151488,nan
-1737003.0987703665,0.009480290423099913,0.009480236798597146,nan
-1732625.399203906,0.009486177212408147,0.009486117647073416,nan
-1728258.7325788783,0.009492067608478798,0.009492001890757483,nan
-1723903.0710894011,0.009497961614269667,0.009497889530824402,nan
-1719558.3869996835,0.009503859232617314,0.00950378056844706,nan
-1715224.6526437984,0.00950976046623778,0.009509675004796245,nan
-1710901.8404255814,0.009515665317727117,0.009515572841040527,nan
-1706589.9228184044,0.009521573789562091,0.009521474078346323,nan
-1702288.8723650142,0.009527485884100809,0.00952737871787786,nan
-1697998.6616773696,0.00953340160358332,0.009533286760797167,nan
-1693719.2634364176,0.009539320950132326,0.009539198208264108,nan
-1689450.650391992,0.009545243925753694,0.009545113061436293,nan
-1685192.795362593,0.009551170532337169,0.009551031321469125,nan
-1680945.671235225,0.009557100771656963,0.009556952989515774,nan
-1676709.2509652234,0.00956303464537238,0.00956287806672717,nan
-1672483.5075760966,0.009568972155028428,0.009568806554251972,nan
-1668268.4141593038,0.009574913302056492,0.009574738453236633,nan
-1664063.9438741568,0.009580858087774853,0.00958067376482528,nan
-1659870.0699476013,0.009586806513389372,0.009586612490159784,nan
-1655686.7656740574,0.009592758579994077,0.00959255463037971,nan
-1651514.0044152627,0.009598714288571758,0.009598500186622323,nan
-1647351.7596000547,0.00960467363999464,0.009604449160022616,nan
-1643200.0047242716,0.00961063663502489,0.009610401551713216,nan
-1639058.7133505384,0.009616603274315282,0.009616357362824433,nan
-1634927.8591081088,0.009622573558430783,0.00962231659448424,nan
-1630807.4156927087,0.009628547489223531,0.00962827924781824,nan
-1626697.3568663234,0.009634525070660434,0.009634245323949724,nan
-1622597.6564570994,0.009640506306746,0.009640214823999566,nan
-1618508.2883591314,0.00964649120131638,0.009646187749086271,nan
-1614429.2265323082,0.00965247975804042,0.009652164100325954,nan
-1610360.445002157,0.009658471980420712,0.009658143878832313,nan
-1606301.9178596342,0.009664467871794712,0.009664127085716685,nan
-1602253.6192610273,0.009670467435335712,0.009670113722087929,nan
-1598215.5234277453,0.009676470674053946,0.009676103789052494,nan
-1594187.6046461666,0.009682477590797618,0.009682097287714386,nan
-1590169.8372674847,0.009688488188253935,0.009688094219175136,nan
-1586162.195707502,0.009694502468950207,0.009694094584533864,nan
-1582164.6544465334,0.009700520435254777,0.00970009838488717,nan
-1578177.1880291987,0.009706542089378118,0.009706105621329182,nan
-1574199.7710642708,0.009712567433373844,0.009712116294951533,nan
-1570232.378224528,0.009718596469139697,0.009718130406843333,nan
-1566274.9842465452,0.009724629198418646,0.009724147958091232,nan
-1562327.563930602,0.009730665622799787,0.009730168949779294,nan
-1558390.0921404753,0.009736705743719406,0.00973619338298907,nan
-1554462.5438032935,0.009742749562461982,0.00974222125879956,nan
-1550544.893909374,0.009748797080161166,0.009748252578287207,nan
-1546637.1175120762,0.009754848297800768,0.00975428734252587,nan
-1542739.1897275988,0.009760903216215802,0.009760325552586865,nan
-1538851.0857348877,0.009766961836093364,0.009766367209538891,nan
-1534972.7807754322,0.009773024157973693,0.00977241231444804,nan
-1531104.2501531204,0.009779090182251114,0.009778460868377806,nan
-1527245.4692340912,0.009785159909180864,0.009784512872389035,nan
-1523396.4134465351,0.009791233340103662,0.009790568327539995,nan
-1519557.0582806026,0.009797310478950196,0.009796627234886253,nan
-1515727.3792882035,0.009803391329851118,0.009802689595480744,nan
-1511907.352082865,0.009809475896763507,0.009808755410373734,nan
-1508096.9523395835,0.009815564183471974,0.009814824680612788,nan
-1504296.1557946303,0.009821656193589825,0.009820897407242844,nan
-1500504.9382454578,0.009827751930560057,0.009826973591306078,nan
-1496723.2755505056,0.009833851397656537,0.009833053233841985,nan
-1492951.1436290564,0.009839954597985054,0.00983913633588733,nan
-1489188.5184610926,0.009846061534484404,0.009845222898476128,nan
-1485435.3760871019,0.009852172209927528,0.009851312922639702,nan
-1481691.692607988,0.009858286626922489,0.009857406409406569,nan
-1477957.444184875,0.009864404787913615,0.009863503359802498,nan
-1474232.6070389694,0.009870526695182534,0.009869603774850482,nan
-1470517.157451414,0.009876652350849236,0.009875707655570698,nan
-1466811.0717631006,0.009882781756873184,0.009881815002980588,nan
-1463114.3263745774,0.009888914915054267,0.009887925818094716,nan
-1459426.8977458598,0.009895051827033912,0.009894040101924857,nan
-1455748.762396291,0.009901192494296118,0.009900157855479933,nan
-1452079.8969043994,0.009907336918168462,0.00990627907976602,nan
-1448420.2779077133,0.009913485099823214,0.009912403775786376,nan
-1444769.8821026704,0.009919637040278248,0.009918531944541346,nan
-1441128.6862444282,0.009925792740398143,0.009924663587028407,nan
-1437496.6671467288,0.009931952200895187,0.009930798704242148,nan
-1433873.801681749,0.009938115422330375,0.009936937297174254,nan
-1430260.0667799632,0.009944282405114418,0.00994307936681347,nan
-1426655.4394299581,0.009950453149508806,0.009949224914145679,nan
-1423059.8966783439,0.009956627656203393,0.009955373940153766,nan
-1419473.4156295708,0.009962805928684954,0.009961526445817683,nan
-1415895.9734457904,0.009968987971210574,0.009967682432114421,nan
-1412327.5473467219,0.009975173787860876,0.009973841900017984,nan
-1408768.1146094678,0.009981363382540739,0.009980004850499434,nan
-1405217.6525684264,0.009987556758980332,0.009986171284526791,nan
-1401676.1386151114,0.009993753920736289,0.009992341203065086,nan
-1398143.5501980132,0.009999954871192828,0.00999851460707632,nan
-1394619.8648224706,0.01000615961356283,0.010004691497519445,nan
-1391105.060050482,0.01001236815088901,0.010010871875350427,nan
-1387599.1135006282,0.010018580486044936,0.010017055741522118,nan
-1384102.0028478848,0.010024796621736169,0.010023243096984321,nan
-1380613.7058234937,0.010031016560501345,0.010029433942683755,nan
-1377134.2002148284,0.010037240304713261,0.010035628279564031,nan
-1373663.4638652152,0.010043467856579993,0.010041826108565707,nan
-1370201.4746738512,0.010049699218145896,0.01004802743062617,nan
-1366748.2105956222,0.010055934391292732,0.010054232246679694,nan
-1363303.649640974,0.010062173377740721,0.010060440557657415,nan
-1359867.7698757811,0.010068416179049583,0.010066652364487297,nan
-1356440.5494211698,0.010074662796619673,0.010072867668094187,nan
-1353021.9664534344,0.010080913231692915,0.010079086469399702,nan
-1349611.9992038612,0.010087167485353933,0.010085308769322291,nan
-1346210.6259586008,0.010093425558531065,0.01009153456877719,nan
-1342817.8250585357,0.010099687451997389,0.010097763868676413,nan
-1339433.5748991084,0.010105953166371827,0.010103996669928788,nan
-1336057.8539302377,0.010112222702120057,0.010110232973439857,nan
-1332690.640656145,0.010118496059555629,0.010116472780111923,nan
-1329331.9136352276,0.010124773238921327,0.010122716090844029,nan
-1325981.6514799194,0.01013105424241798,0.01012896290653193,nan
-1322639.832856568,0.01013733907434828,0.01013521322806808,nan
-1319306.4364852577,0.010143627738947666,0.010141467056341684,nan
-1315981.4411397318,0.01014992024027226,0.010147724392238575,nan
-1312664.8256472216,0.010156216582200077,0.01015398523664127,nan
-1309356.568888317,0.010162516768432153,0.010160249590428955,nan
-1306056.6497968452,0.010168820802493662,0.010166517454477437,nan
-1302765.0473596975,0.010175128687735128,0.010172788829659208,nan
-1299481.740616751,0.01018144042733343,0.010179063716843332,nan
-1296206.708660699,0.010187756024293011,0.010185342116895497,nan
-1292939.930636926,0.010194075481446966,0.010191624030677988,nan
-1289681.385743386,0.010200398801458134,0.010197909459049642,nan
-1286431.053230431,0.010206725986820285,0.010204198402865933,nan
-1283188.9124007346,0.01021305703985911,0.010210490862978826,nan
-1279954.9426091255,0.01021939196273339,0.010216786840236854,nan
-1276729.123262462,0.010225730757436064,0.010223086335485075,nan
-1273511.4338195124,0.010232073425795305,0.010229389349565049,nan
-1270301.8537907866,0.01023841996947567,0.010235695883314886,nan
-1267100.3627384615,0.010244770389979074,0.01024200593756914,nan
-1263906.940276212,0.010251124688645922,0.01024831951315886,nan
-1260721.566069093,0.010257482866656172,0.01025463661091155,nan
-1257544.2198334178,0.01026384492503037,0.010260957231651156,nan
-1254374.8813365917,0.010270210864630782,0.01026728137619811,nan
-1251213.53039704,0.010276580686162337,0.010273609045369215,nan
-1248060.1468840404,0.010282954390173753,0.010279940239977706,nan
-1244914.7107176064,0.010289331977058554,0.010286274960833208,nan
-1241777.2018683574,0.01029571344705611,0.010292613208741735,nan
-1238647.6003574012,0.010302098800748583,0.010298954984505651,nan
-1235525.8862561712,0.010308488041590456,0.010305300288923734,nan
-1232412.0396863527,0.010314881174004706,0.010311649122791042,nan
-1229306.0408197201,0.01032127820223355,0.010318001486898994,nan
-1226207.8698780206,0.010327679130337337,0.010324357382035314,nan
-1223117.507132856,0.010334083962195704,0.010330716808984017,nan
-1220034.9329055229,0.010340492701508795,0.010337079768525458,nan
-1216960.12756694,0.010346905351798318,0.01034344626143621,nan
-1213893.0715374863,0.010353321916408767,0.010349816288489135,nan
-1210833.745286888,0.01035974239850854,0.010356189850453328,nan
-1207782.1293341008,0.010366166801091061,0.010362566948094112,nan
-1204738.2042471513,0.010372595126975992,0.010368947582173079,nan
-1201701.950643066,0.01037902737881025,0.010375331753447974,nan
-1198673.3491877136,0.010385463559069193,0.01038171946267275,nan
-1195652.3805956885,0.010391903670057745,0.010388110710597542,nan
-1192639.0256301987,0.01039834771391146,0.010394505497968626,nan
-1189633.2651029082,0.010404795692597727,0.010400903825528489,nan
-1186635.0798738662,0.010411247607916754,0.01040730569401569,nan
-1183644.450851351,0.01041770346150274,0.01041371110416494,nan
-1180661.3589917566,0.010424163254824944,0.010420120056707049,nan
-1177685.7852994816,0.010430626989188771,0.010426532552368906,nan
-1174717.7108267713,0.010437094665736916,0.010432948591873535,nan
-1171757.1166736505,0.010443566285450328,0.010439368175939968,nan
-1168803.983987769,0.01045004184914937,0.010445791305283308,nan
-1165858.2939642884,0.010456521357494865,0.010452217980614695,nan
-1162920.027845772,0.010463004810989135,0.010458648202641273,nan
-1159989.1669220321,0.010469492209977137,0.010465081972066248,nan
-1157065.6925300604,0.010475983554647853,0.010471519289588765,nan
-1154149.5860538762,0.010482478846035505,0.010477960155903967,nan
-1151240.8289244145,0.010488978088167088,0.010484404571702964,nan
-1148339.4026194108,0.010495481285508293,0.010490852537672813,nan
-1145445.2886632888,0.010501988442338897,0.010497304054496488,nan
-1142558.4686270116,0.010508499562754015,0.010503759122852944,nan
-1139678.924128012,0.010515014650665181,0.010510217743416981,nan
-1136806.6368300442,0.0105215337098016,0.010516679916859317,nan
-1133941.5884430744,0.0105280567437113,0.010523145643846538,nan
-1131083.7607231715,0.010534583755762274,0.010529614925041082,nan
-1128233.1354723612,0.01054111474914373,0.010536087761101286,nan
-1125389.6945385558,0.010547649726867133,0.010542564152681266,nan
-1122553.4198154083,0.010554188691767424,0.010549044100430975,nan
-1119724.2932422042,0.010560731646504149,0.010555527604996166,nan
-1116902.2968037538,0.010567278593562594,0.01056201466701837,nan
-1114087.4125302483,0.010573829535254984,0.010568505287134936,nan
-1111279.6224971898,0.010580384473721503,0.010574999465978925,nan
-1108478.908825247,0.010586943410931499,0.010581497204179155,nan
-1105685.2536801503,0.010593506348684584,0.010587998502360174,nan
-1102898.6392725834,0.010600073288611735,0.010594503361142225,nan
-1100119.0478580412,0.010606644232176471,0.010601011781141305,nan
-1097346.461736763,0.010613219180675858,0.01060752376296904,nan
-1094580.8632535874,0.010619798135241672,0.010614039307232735,nan
-1091822.234797849,0.010626381096841483,0.01062055841453536,nan
-1089070.5588032743,0.010632968066279735,0.010627081085475495,nan
-1086325.817747837,0.010639559044198887,0.010633607320647397,nan
-1083587.9941536945,0.010646154031080397,0.010640137120640884,nan
-1080857.070587046,0.010652753027245866,0.010646670486041373,nan
-1078133.0296580268,0.010659356032859882,0.010653207417429861,nan
-1075415.8540206084,0.010665963049092389,0.010659747915382888,nan
-1072705.5263724548,0.010672574080128635,0.010666291980472595,nan
-1070002.0294548601,0.010679189130507204,0.010672839613266594,nan
-1067305.3460526064,0.010685808204577688,0.010679390814328036,nan
-1064615.4589938633,0.010692431306501864,0.010685945584215562,nan
-1061932.3511500775,0.010699058440254915,0.010692503923483303,nan
-1059256.0054358717,0.010705689609626591,0.010699065832680835,nan
-1056586.4048089057,0.01071232481822249,0.010705631312353242,nan
-1053923.532269813,0.01071896406946513,0.010712200363040986,nan
-1051267.3708620623,0.010725607366595204,0.010718772985279972,nan
-1048617.9036718572,0.01073225471267273,0.010725349179601504,nan
-1045975.1138280358,0.010738906110578223,0.01073192894653226,nan
-1043338.9845019343,0.010745561563013916,0.01073851228659435,nan
-1040709.4989073224,0.010752221072504821,0.010745099200305171,nan
-1038086.6403002696,0.010758884641399956,0.010751689688177489,nan
-1035470.3919790435,0.01076555227187347,0.010758283750719397,nan
-1032860.7372840119,0.01077222396592578,0.010764881388434271,nan
-1030257.6595975073,0.010778899725384776,0.010771482601820839,nan
-1027661.1423437655,0.010785579551906855,0.010778087391373049,nan
-1025071.168988789,0.010792263446978112,0.01078469575758013,nan
-1022487.7230402514,0.010798951411915454,0.010791307700926546,nan
-1019910.7880473982,0.010805643447867696,0.010797923221891983,nan
-1017340.3476009129,0.010812339555816756,0.010804542320951386,nan
-1014776.3853328573,0.010819039736578646,0.010811164998574844,nan
-1012218.8849165367,0.010825743990804654,0.010817791255227634,nan
-1009667.8300664041,0.010832452318982421,0.01082442109137021,nan
-1007123.2045379636,0.010839164721437023,0.010831054507458145,nan
-1004584.9921276383,0.010845881198332123,0.010837691503942195,nan
-1002053.1766727095,0.010852601750514626,0.01084433208126818,nan
-999527.7420511862,0.010859326381995564,0.010850976239877031,0.010818464396309159
-997008.6721817087,0.010866055097421331,0.010857623980204761,0.010825864344781373
-994495.9510234535,0.01087278790124588,0.010864275302682429,0.010833245643458883
-991989.562576003,0.010879524797732038,0.010870930207736192,0.010840608339344067
-989489.4908792862,0.010886265790952608,0.010877588695787185,0.010847952479320772
-986995.7200134484,0.010893010884791663,0.010884250767251576,0.010855278110154718
-984508.234098757,0.010899760082945752,0.010890916422540527,0.010862585278493759
-982027.0172955008,0.010906513388925097,0.010897585662060182,0.010869874030868181
-979552.0538038953,0.01091327080605478,0.010904258486211628,0.010877144413690984
-977083.3278639548,0.01092003233747602,0.010910934895390956,0.01088439647325826
-974620.8237554342,0.010926797986147258,0.010917614889989128,0.010891630255749353
-972164.5257976998,0.010933567754845391,0.01092429847039204,0.010898845807227253
-969714.4183496379,0.010940341646166966,0.010930985636980481,0.010906043173638852
-967270.4858095607,0.010947119662529332,0.0109376763901301,0.010913222400815227
-964832.7126150806,0.01095390180617186,0.010944370730211464,0.010920383534472007
-962401.0832430518,0.010960688079157033,0.010951068657589927,0.010927526620209549
-959975.5822094436,0.010967478483371651,0.010957770172625695,0.010934651703513303
-957556.1940692493,0.010974273020527982,0.010964475275673773,0.010941758829754084
-955142.9034163948,0.010981071692164893,0.01097118396708395,0.010948848044188341
-952735.6948836127,0.010987874499649063,0.01097789624720084,0.010955919391958523
-950334.5531423849,0.010994681444176013,0.010984612116363764,0.010962972918093252
-947939.462902819,0.011001492526771309,0.010991331574906801,0.010970008667507684
-945550.4089135575,0.01100830774829169,0.010998054623158752,0.010977026685003777
-943167.375961686,0.01101512710942615,0.011004781261443103,0.010984027015270558
-940790.3488726108,0.011021950610697145,0.011011511490078094,0.010991009702884484
-938419.312510003,0.011028778252461591,0.011018245309376569,0.010997974792309607
-936054.2517756732,0.011035610034912048,0.011024982719646055,0.011004922327897943
-933695.1516094846,0.011042445958376014,0.011031723721188708,0.011011852353889722
-931341.9969892616,0.01104928602604293,0.011038468314301284,0.011018764914413665
-928994.7729306688,0.0110561302426818,0.011045216499275201,0.01102566005348733
-926653.4644871554,0.011062978612887872,0.011051968276396398,0.011032537815017285
-924318.0567498326,0.01106983114106153,0.0110587236459454,0.01103939824279946
-921988.5348473863,0.011076687831409542,0.011065482608197286,0.011046241380519404
-919664.8839459885,0.011083548687946284,0.011072245163421637,0.011053067271752554
-917347.0892491766,0.011090413714495036,0.011079011311882608,0.011059875959964579
-915035.1359977982,0.011097282914689121,0.011085781053838792,0.01106666748851155
-912729.009469892,0.011104156291973189,0.011092554389543274,0.011073441900640281
-910428.6949805992,0.011111033849604423,0.011099331319243603,0.011080199239488603
-908134.1778820712,0.011117915590653754,0.011106111843181757,0.011086939548085619
-905845.4435633818,0.011124801518007052,0.011112895961594132,0.011093662869351973
-903562.477450409,0.011131691634366407,0.011119683674711578,0.011100369246100195
-901285.2650057805,0.011138585942251205,0.011126474982759274,0.011107058721034858
-899013.791728756,0.011145484443999409,0.011133269885956787,0.01111373133675293
-896748.0431551404,0.011152387141768715,0.01114006838451803,0.011120387135744017
-894488.0048571985,0.01115929403753772,0.01114687047865124,0.01112702616039063
-892233.6624435378,0.011166205133107177,0.011153676168559013,0.011133648452968516
-889985.0015590553,0.011173120430101047,0.011160485454438191,0.01114025405564682
-887742.0078848194,0.011180039929967743,0.011167298336479904,0.01114684301048843
-885504.6671379866,0.011186963633981277,0.011174114814869547,0.011153415359450225
-883272.965071716,0.01119389154324238,0.011180934889786736,0.01115997114438332
-881046.8874750533,0.01120082365867975,0.011187758561405359,0.011166510407033417
-878826.4201728789,0.01120775998105106,0.011194585829893458,0.011173033189040942
-876611.5490257913,0.011214700510944194,0.011201416695413274,0.011179539531941403
-874402.2599300245,0.01122164524877835,0.011208251158121216,0.011186029477165627
-872198.5388173636,0.01122859419480515,0.011215089218167822,0.011192503066040001
-870000.3716550304,0.011235547349120155,0.011221930875697811,0.011198960339786821
-867807.7444456322,0.01124250471322294,0.011228776130849964,0.01120540133952443
-865620.6432270467,0.011249466291683496,0.011235624983757162,0.011211826106267564
-863439.0540723399,0.011256432089277629,0.011242477434546365,0.011218234680927591
-861262.9630896832,0.011263402110582257,0.011249333483338567,0.011224627104312754
-859092.3564222412,0.01127037635997678,0.011256193130248853,0.011231003417128503
-856927.2202481191,0.011277354841644216,0.011263056375386268,0.011237785949538535
-854767.5407802508,0.011284337559572559,0.011269923218853872,0.011245404932250458
-852613.3042663181,0.011291324517555993,0.011276793660748703,0.011253004713144448
-850464.4969886668,0.011298315719196133,0.01128366770116174,0.011260585340614061
-848321.1052641979,0.011305311167903344,0.01129054534017796,0.011268146862930947
-846183.1154443148,0.01131231086689787,0.011297426577876201,0.011275689328245042
-844050.5139148128,0.011319314819211126,0.011304311414329226,0.011283212784584946
-841923.2870957993,0.011326323027686925,0.011311199849603677,0.01129071727985822
-839801.4214416057,0.011333335494982688,0.01131809188376006,0.011298202861851684
-837684.9034407084,0.011340352223570648,0.01132498751685271,0.011305669578231698
-835573.7196156183,0.011347373215739127,0.011331886748929841,0.011313117476544557
-833467.856522831,0.011354398473593638,0.011338789580033416,0.011320546604216665
-831367.3007527177,0.011361427999058149,0.0113456960101992,0.011327957008554917
-829272.0389294446,0.011368461793876268,0.011352606039456734,0.011335348736746985
-827182.0577108946,0.01137549985961241,0.011359519667829276,0.011342721835861594
-825097.3437885592,0.01138254219765305,0.011366436895333882,0.011350076352848902
-823017.8838874876,0.011389588809207792,0.011373357721981246,0.011357412334540686
-820943.6647661797,0.01139663969531062,0.01138028214777578,0.011364729827650709
-818874.6732165079,0.01140369485682104,0.011387210172715559,0.011372028878775007
-816810.8960636373,0.011410754294425222,0.011394141796792294,0.01137930953439216
-814752.3201659209,0.011417818008637247,0.011401077019991377,0.011386571840863667
-812698.9324148482,0.01142488599980012,0.011408015842291761,0.011393815844434132
-810650.719734941,0.01143195826808701,0.011414958263666002,0.011401041591231623
-808607.6690836736,0.011439034813667192,0.01142190428408023,0.011408249127267957
-806569.7674513968,0.011446115639328822,0.011428853903494105,0.011415438498438969
-804537.0018612329,0.011453200749998496,0.011435807121860873,0.01142260975052488
-802509.3593690252,0.01146029015047171,0.011442763939127245,0.011429762929190481
-800486.8270632346,0.011467383845342074,0.011449724355233427,0.011436898079985491
-798469.3920648627,0.011474481839002576,0.011456688370113108,0.01144401524834483
-796457.0415273742,0.01148158413564687,0.0114636559836934,0.011451114479588895
-794449.7626365941,0.011488690739270615,0.011470627195894914,0.01145819581892392
-792447.5426106595,0.011495801653672645,0.011477602006631605,0.01146525931144215
-790450.3686999154,0.011502916882456313,0.01148458041581084,0.011472305002122204
-788458.2281868394,0.011510036429030732,0.01149156242333336,0.011479332935829343
-786471.1083859595,0.011517160296612039,0.011498548029093256,0.01148634315731576
-784488.9966437815,0.011524288488224625,0.011505537232977927,0.011493335711220836
-782511.8803386838,0.011531421006702456,0.011512530034868138,0.01150031064207151
-780539.7468808711,0.011538557854690207,0.011519526434637894,0.011507267994282444
-778572.5837122723,0.011545699034644566,0.011526526432154481,0.01151420781215638
-776610.378306466,0.011552844548835445,0.011533530027278435,0.01152113013988441
-774653.1181686061,0.011559994399347191,0.0115405372198635,0.01152803502154623
-772700.7908353206,0.011567148588079878,0.011547548009756686,0.011534922501110502
-770753.3838746639,0.011574307116750405,0.01155456239679814,0.011541792622435019
-768810.8848860178,0.011581469986893776,0.011561580380821182,0.011548645429267057
-766873.2815000162,0.011588637199864294,0.011568601961652285,0.011555480965243645
-764940.5613784727,0.011595808756836728,0.011575627139111026,0.011562299273891808
-763012.71221428,0.01160298465880759,0.011582655913010147,0.011569100398628934
-761089.7217313644,0.011610164906596193,0.011589688283155415,0.011575884382762925
-759171.5776845851,0.011617349500845923,0.011596724249345674,0.011582651269492565
-757258.2678596629,0.01162453844202538,0.011603763811372817,0.011589401101907754
-755349.7800731069,0.011631731730429544,0.011610806969021736,0.011596133922989782
-753446.102172115,0.011638929366181008,0.011617853722070384,0.011602849775611674
-751547.2220345307,0.011646131349584572,0.011624904070289628,0.011609548702538339
-749653.127568742,0.011653337684073438,0.011631958013443322,0.011616230746426934
-747763.8067136114,0.011660548374687845,0.011639015551288254,0.011622895949827107
-745879.2474384045,0.011667763426280096,0.011646076683574104,0.011629544355181244
-743999.4377426899,0.01167498284349736,0.011653141410043512,0.011636176004824833
-742124.365656298,0.011682206630782841,0.011660209730431933,0.011642790940986601
-740254.019239221,0.011689434792377187,0.01166728164446769,0.01164938920578887
-738388.3865815433,0.011696667332319758,0.011674357151871944,0.0116559708412478
-736527.4558033701,0.011703904254449919,0.01168143625235864,0.011663325420505159
-734671.2150547322,0.011711145562408392,0.011688518945634578,0.011671230270980942
-732819.6525155408,0.011718391259638432,0.011695605231399259,0.011679115199177678
-730972.7563954908,0.011725641349387188,0.01170269510934496,0.011686980255304699
-729130.5149339932,0.01173289583470694,0.011709788579156668,0.01169482548944478
-727292.9164000972,0.011740154718456394,0.011716885640512091,0.01170265095155449
-725459.9490924228,0.011747418003301894,0.011723986293081589,0.011710456691464465
-723631.6013390656,0.011754685691718777,0.011731090536528245,0.011718242758879819
-721807.8614975524,0.011761957785992497,0.011738198370507717,0.011726009203380334
-719988.7179547466,0.011769234288219951,0.011745309794668308,0.011733756074420858
-718174.1591267808,0.011776515200310696,0.011752424808650908,0.0117414834213316
-716364.1734589853,0.011783800523988168,0.01175954341208897,0.011749191293318428
-714558.7494257976,0.011791090260790983,0.011766665604608548,0.011756879739463254
-712757.8755307171,0.011798384412074038,0.01177379138582818,0.011764548808724231
-710961.5403062128,0.011805682979009816,0.011780920755358918,0.011772198549936143
-709169.7323136537,0.01181298596258957,0.011788053712804315,0.011779829011810707
-707382.4401432435,0.011820293363624512,0.011795190257760359,0.01178744024293684
-705599.6524139253,0.011827605182747093,0.011802330389815544,0.011795032291781077
-703821.3577733418,0.011834921420412071,0.011809474108550728,0.01180260520668773
-702047.5448977401,0.011842242076897793,0.011816621413539181,0.011810159035879304
-700278.2024919073,0.011849567152307342,0.011823772304346556,0.011817693827456762
-698513.3192891025,0.011856896646894533,0.011830926780530838,0.011825209629399817
-696752.8840509631,0.011864230564051071,0.011838084841642407,0.011832706489567336
-694996.8855674672,0.01187156890891,0.011845246487223892,0.011840184455697497
-693245.3126568386,0.011878911686419157,0.011852411716810233,0.011847643575408186
-691498.1541654835,0.011886258901317556,0.011859580529928629,0.011855083896197282
-689755.3989679217,0.011893610558136715,0.01186675292609851,0.011862505465442935
-688017.0359666978,0.011900966661202068,0.011873928904831584,0.011869908330403954
-686283.0540923397,0.011908327214634161,0.011881108465631701,0.01187729253821998
-684553.4423032684,0.011915692222350062,0.011888291607994907,0.01188465813591187
-682828.1895857325,0.011923061688064642,0.011895478331409397,0.011892005170381977
-681107.2849537426,0.011930435615291874,0.011902668635355487,0.011899333688414428
-679390.7174489826,0.011937814007346214,0.011909862519305656,0.011906643736675502
-677678.4761407691,0.01194519686734376,0.011917059982724411,0.011913935361713804
-675970.5501259614,0.011952584198203638,0.011924261025068345,0.011921208609960649
-674266.9285288979,0.011959976002649265,0.011931465645786092,0.011928463527730332
-672567.6005013265,0.011967372283209625,0.011938673844318298,0.01193570016122042
-670872.5552223399,0.01197477304222051,0.011945885620097602,0.011942918556512033
-669181.7818982888,0.011982178281825882,0.011953100972548661,0.011950118759570217
-667495.2697627399,0.011989588003979007,0.011960319901088024,0.01195730081624411
-665813.0080763906,0.01199700221044379,0.011967542405124196,0.011964464772267317
-664134.9861270031,0.01200442090279601,0.011974768484057586,0.011971610673258191
-662461.1932293421,0.012011844082424526,0.011981998137280455,0.011978738564720086
-660791.6187250885,0.012019271750532617,0.011989231364176992,0.011985848492041736
-659126.2519827982,0.012026703908139083,0.011996468164123164,0.011992940500497432
-657465.082397817,0.012034140556079547,0.012003708536486763,0.012000014635247372
-655808.0993922164,0.01204158169500767,0.01201095248062738,0.012007070941337947
-654155.292414733,0.012049027325396333,0.012018199995896345,0.01201410946370199
-652506.6509406794,0.012056477447538943,0.0120254510816368,0.012021130247159163
-650862.1644719093,0.012063932061550488,0.012032705737183541,0.0120281333364161
-649221.8225367282,0.012071391167480803,0.012039963961863088,0.012035118776066792
-647585.614689834,0.01207885476791048,0.012047225754993628,0.01204208661059283
-645953.5305122535,0.012086322868011508,0.012054491115884981,0.012049036884363692
-644325.5596112583,0.012093795472870716,0.012061760043838665,0.012055969641637089
-642701.6916203261,0.012101272587362053,0.012069032538147728,0.012062884926559127
-641081.9161990568,0.012108754216148012,0.012076308598096826,0.012069782783164677
-639466.2230331101,0.012116240363680992,0.012083588222962178,0.012076663255377628
-637854.6018341458,0.012123731034204605,0.0120908714120115,0.012083526387011153
-636247.0423397389,0.012131226231755112,0.012098158164504099,0.012090426379433517
-634643.534313342,0.012138725960162636,0.012105448479690703,0.012098618697194998
-633044.0675442022,0.012146230223052584,0.012112742356813512,0.012106790368185114
-631448.6318473001,0.012153739023846937,0.01212003979510618,0.012114941444439095
-629857.2170632895,0.012161252365765561,0.012127340793793752,0.012123071977861014
-628269.8130584157,0.012168770251827603,0.012134645352092722,0.012131182020224191
-626686.4097244766,0.012176292684852662,0.012141953469210903,0.012139271623171403
-625106.9969787407,0.0121838196674622,0.012149265144347466,0.012147340838215295
-623531.5647638881,0.012191351202080787,0.012156580376692903,0.012155389716738683
-621960.1030479454,0.012198887290937417,0.012163899165429008,0.012163418309994891
-620392.6018242275,0.012206427936066756,0.01217122150972882,0.012171426669108044
-618829.0511112551,0.01221397313931051,0.0121785474087567,0.012179414845073488
-617269.4409527179,0.01222152290231857,0.012185876861668167,0.012187382888757986
-615713.7614173939,0.012229077226550368,0.012193209867609965,0.012195330850900118
-614162.0025990908,0.012236636113276106,0.01220054642572001,0.012203258782110593
-612614.1546165859,0.012244199563578006,0.012207886535127364,0.01221116673287255
-611070.2076135473,0.01225176757835164,0.012215230194952265,0.012219054753541958
-609530.1517584964,0.012259340158307026,0.012222577404306007,0.01222692289434781
-607993.9772447287,0.012266917303969987,0.01222992816229098,0.012234771205392535
-606461.6742902544,0.012274499015683338,0.012237282468000633,0.012242599736652288
-604933.2331377418,0.012282085293608093,0.01224464032051943,0.012250408537977245
-603408.6440544369,0.012289676137725417,0.012252001718922897,0.012258197659092019
-601887.8973321272,0.012297271549081465,0.012259366662277497,0.012265967149595842
-600370.9832870644,0.012304871532407299,0.012266735149640662,0.012273717058962953
-598857.8922599049,0.012312476092973333,0.012274107180060763,0.012281447436542907
-597348.6146156536,0.012320085235832804,0.012281482752577061,0.01228915833156087
-595843.1407435847,0.012327698965823232,0.012288861866219771,0.012296849793118009
-594341.4610572084,0.012335317287567678,0.012296244520009905,0.012304521870191674
-592843.5659941889,0.012342940205476216,0.012303630712959335,0.012312174611635808
-591349.446016292,0.012350567723747267,0.01231102044407074,0.012319808066181225
-589859.0916093248,0.012358199846368956,0.012318413712337573,0.012327422282435904
-588372.4932830613,0.012365836577120546,0.01232581051674412,0.012335017308885383
-586889.6415712052,0.012373477919573673,0.012333210856265334,0.012342593193892942
-585410.5270313139,0.01238112387709376,0.012340614729866905,0.012350149985699995
-583935.1402447422,0.01238877445284135,0.012348022136505215,0.012357687732426369
-582463.4718165864,0.012396429649773416,0.012355433075127296,0.012365206482070599
-580995.5123756077,0.012404089470644775,0.012362847544670878,0.012372706282510318
-579531.2525741982,0.012411753918009263,0.01237026554406424,0.012380187181502427
-578070.6830883039,0.012419422994221172,0.012377687072226282,0.012387649226683489
-576613.7946173701,0.012427096701436501,0.012385112128066466,0.012395092465570011
-575160.5778842818,0.012434775041614287,0.012392540710484791,0.012402516945558748
-573711.0236353081,0.012442458016517877,0.012399972818371761,0.01240992271392698
-572265.122640029,0.012450145627716284,0.01240740845060843,0.0124173098178329
-570822.8656912994,0.012457837876585377,0.01241484760606625,0.012424678304315782
-569384.2436051734,0.012465534764309217,0.012422290283607142,0.012432028220296378
-567949.2472208529,0.012473236291881337,0.01242973648208344,0.01243935961257718
-566517.8674006298,0.012480942460105969,0.012437186200337846,0.012446672527842713
-565090.0950298137,0.012488653269599399,0.0124446394372035,0.012453967012659899
-563665.9210166987,0.012496368720791096,0.012452096191503803,0.012461243113478241
-562245.336292487,0.01250408881392505,0.012459556462052516,0.012468500876630196
-560828.3318112376,0.012511813549060993,0.012467020247653667,0.012475740348331453
-559414.8985498104,0.012519542926190511,0.012474487547101542,0.012482961574681206
-558005.0275077951,0.012527276947947048,0.012481958359180725,0.012490164601662527
-556598.7097074763,0.012535015619695087,0.012489432682665953,0.012497349475142536
-555195.9361937607,0.012542758946715136,0.012496910516322172,0.012504516240872777
-553796.6980341243,0.012550506934067238,0.012504391858904488,0.01251166494448949
-552400.9863185596,0.012558259586592362,0.012511876709158131,0.012518795631513877
-551008.7921595022,0.012566016908913898,0.012519365065818501,0.012525908347352479
-549620.1066917989,0.012573778905438917,0.012526856927611027,0.01253369809729303
-548234.9210726349,0.012581545580359661,0.012534352293251212,0.012542137510793425
-546853.2264814818,0.0125893169376549,0.012541851161444604,0.012550555654776929
-545475.0141200447,0.012597092981091282,0.012549353530886733,0.012558952582848233
-544100.2752121917,0.012604873714224816,0.012556859400263187,0.012567328348476998
-542729.0010039202,0.012612659140402096,0.012564368768249434,0.01257568300499806
-541361.1827632863,0.012620449262761738,0.012571881633510914,0.012584016605611861
-539996.8117803523,0.012628244084235742,0.012579397994702963,0.012592329203384765
-538635.8793671364,0.012636043607550789,0.01258691785047078,0.012600620851249368
-537278.3768575406,0.012643847835229696,0.012594441199449486,0.012608891602004938
-535924.2956073201,0.012651656769592604,0.012601968040263962,0.012617141508317595
-534573.6269940113,0.0126594704127584,0.012609498371528928,0.012625370622720759
-533226.3624168815,0.012667288766646039,0.012617032191848869,0.012633578997615452
-531882.4932968745,0.012675111832975814,0.012624569499818024,0.012641766685270624
-530542.0110765586,0.012682939613270723,0.01263211029402035,0.01264993373782348
-529204.9072200591,0.012690772108857778,0.012639654573029548,0.012658080207279886
-527871.173213023,0.012698609320869247,0.012647202335408952,0.012666206145514584
-526540.8005625545,0.01270645125024399,0.012654753579711544,0.012674311604271581
-525213.7807971602,0.01271429789772874,0.012662308304479949,0.012682396635164496
-523890.1054667013,0.012722149263879377,0.012669866508246355,0.012690461289676833
-522569.7661423247,0.012730005349062268,0.012677428189532585,0.012698505619162416
-521252.75441643177,0.012737866153455431,0.01268499334684994,0.012706529674845573
-519939.0619026082,0.012745731677049872,0.01269256197869927,0.012714533507821563
-518628.6802355762,0.012753601919988892,0.012700134083570912,0.012722517169056867
-517321.60107114515,0.012761476885831543,0.012707709659944643,0.012730480709389492
-516017.8160861418,0.012769356580106308,0.012715288706289749,0.012738424179529393
-514717.3169783807,0.012777241008147016,0.012722871221064861,0.012746347630058656
-513420.09546659735,0.012785130175063395,0.012730457202718017,0.0127542511114319
-512126.143290397,0.012793024085742503,0.012738046649686623,0.012762134673976595
-510835.4522102077,0.012800922744850111,0.012745639560397384,0.012769998367893345
-509548.01400721114,0.012808826156832242,0.0127532359332664,0.01277784224325631
-508263.82048331574,0.012816734325916441,0.012760835766698956,0.01278566635001337
-506982.8634610856,0.012824647256113264,0.012768439059089639,0.012793470737986557
-505705.1347836943,0.012832564951217687,0.012776045808822257,0.01280125545687234
-504430.62631487794,0.012840487414810444,0.01278365601426979,0.0128090205562419
-503159.32993886597,0.012848414650259538,0.012791269673794466,0.012816766085541574
-501891.2375603521,0.012856346660721477,0.012798886785747596,0.012824492094093004
-500626.34110443003,0.012864283449142738,0.01280650734846963,0.012832198631093548
-499364.63251654286,0.012872225018261142,0.012814131360290125,0.012839885745616588
-498106.10376243485,0.012880171370607178,0.01282175881952769,0.01284755348661181
-496850.74682810117,0.012888122508505373,0.012829389724489965,0.012855201902905523
-495598.55371972435,0.012896078434075735,0.012837024073473667,0.012862831043201042
-494349.51646364277,0.012904039149234941,0.012844661864764441,0.01287044095607888
-493103.62710628874,0.01291200465569779,0.01285230309663691,0.012878031689997124
-491860.87771413825,0.01291997495497851,0.012859947767354631,0.012885603293291744
-490621.26037366624,0.012927950048392051,0.012867595875170055,0.012893155814176865
-489384.7671912805,0.01293592993705553,0.012875247418324574,0.012900689300745163
-488151.3902932942,0.012943914621889378,0.012882902395048365,0.012908203800968045
-486921.12182585994,0.012951904103618754,0.012890560803560469,0.012915699362696043
-485693.95395492384,0.01295989838277484,0.01289822264206872,0.012923176033659086
-484469.8788661806,0.012967897459696103,0.012905887908769693,0.012930633861466792
-483248.8887650076,0.01297590133452967,0.012913556601848787,0.012938072893608859
-482030.9758764368,0.012983910007232506,0.012921228719480064,0.012945493177455232
-480816.1324450926,0.012991923477927325,0.012928904259826278,0.01295289476025649
-479604.3507351442,0.012999941750251319,0.012936583221038871,0.01296027768914413
-478395.6230302611,0.01300796482983534,0.01294426560125789,0.012967642011130846
-477189.9416335497,0.01301599272211093,0.012951951398612062,0.012974987773110907
-475987.29886752414,0.01302402543228166,0.01295964061121863,0.012983690034682005
-474787.68707404466,0.013032062965324668,0.012967333237183423,0.0129924276713229
-473591.0986142725,0.01304010532599209,0.012975029274600803,0.013001143286847028
-472397.5258686235,0.013048152518812488,0.012982728721553602,0.013009836936753309
-471206.9612367073,0.013056204548092377,0.012990431576113199,0.013018508676400859
-470019.39713729837,0.013064261417917522,0.012998137836339359,0.013027158561009201
-468834.8260082742,0.01307232313215446,0.013005847500280292,0.013035786645658725
-467653.2403065713,0.013080389694451886,0.013013560565972596,0.013044392985290991
-466474.63250813924,0.013088461108242064,0.013021277031441222,0.013052977634709079
-465298.995107881,0.0130965373767423,0.013028996894699522,0.013061540648578012
-464126.32061962434,0.013104618502956229,0.013036720153749091,0.01307008208142498
-462956.60157605977,0.013112704489675293,0.013044446806579842,0.013078601987639769
-461789.8305286982,0.013120795339480101,0.013052176851169942,0.013087100421475095
-460626.0000478229,0.013128891054741814,0.013059910285485782,0.013095577437046932
-459465.10272244463,0.013136991637623502,0.013067647107481938,0.013104033088334856
-458307.1311602418,0.013145097090081612,0.01307538731510124,0.013112467429182465
-457152.0779875337,0.013153207413867166,0.013083130906274582,0.013120880513297586
-455999.93584922,0.013161322610527243,0.01309087787892101,0.013129272394252715
-454850.69740873727,0.013169442681406284,0.013098628230947663,0.013137643125485326
-453704.3553480143,0.01317756762764743,0.013106381960249729,0.013145992760298202
-452560.9023674147,0.013185697450193936,0.013114139064710489,0.013154321351859849
-451420.3311857089,0.013193832149790384,0.013121899542201176,0.013162628953204709
-450282.6345400132,0.01320197172698409,0.01312966339058104,0.013170915617233596
-449147.8051857497,0.0132101161821264,0.013137430607697264,0.013179181396713984
-448015.83589660184,0.013218265515373981,0.013145201191384953,0.013187426344280344
-446886.7194644554,0.013226419726690237,0.013152975139467173,0.013195650512434563
-445760.44869937113,0.01323457881598051,0.013160752449754808,0.013203853953546146
-444637.0164295284,0.013242742786044103,0.013168533120046592,0.013212036719852627
-443516.41550118115,0.013250911642558117,0.013176317148129089,0.013220198863459891
-442398.6387786157,0.013259085391101965,0.01318410453177663,0.01322834043634248
-441283.6791440921,0.013267264037022612,0.013191895268751376,0.01323646149034402
-440171.52949781937,0.013275447585435933,0.013199689356803155,0.013244562077177403
-439062.18275789643,0.013283636041228309,0.013207486793669516,0.013252642248425215
-437955.63186027016,0.013291829409058036,0.013215287577075708,0.013260702055540039
-436851.86975869385,0.013300027693356815,0.013223091704734591,0.013268741549844768
-435750.8894246704,0.01330823089833128,0.013230899174346722,0.013276760782533007
-434652.68384742446,0.013316439027964321,0.013238709983600194,0.013284759804669283
-433557.246033848,0.013324652086016629,0.013246524130170682,0.013292738667189436
-432464.56900845596,0.013332870076028116,0.013254341611721407,0.013300697420900948
-431374.64581334847,0.013341093001319318,0.013262162425903076,0.013308636116483216
-430287.46950814966,0.013349320864992938,0.013269986570353958,0.013316554804487995
-429203.0331699863,0.013357553669935107,0.0132778140426997,0.013324453535339556
-428121.32989342813,0.013365791418816905,0.01328564484055341,0.013332332359335123
-427042.3527904499,0.013374034114095747,0.013293478961515599,0.013340191326645141
-425966.0949903849,0.013382281758016786,0.013301316403174142,0.013348030487313627
-424892.5496398859,0.013390534352614288,0.013309157163104246,0.013355849891258445
-423821.70990286773,0.013398791899713118,0.013317001238868507,0.013363649588271723
-422753.5689604846,0.013407054400929982,0.013324848628016727,0.013371429628020029
-421688.12001107156,0.013415321857674889,0.013332699328086013,0.013379190060044786
-420625.35627010686,0.013423594271152526,0.013340553336600693,0.013386930933762552
-419565.27097016893,0.013431871642363575,0.01334841065107229,0.01339465229846533
-418507.85736088455,0.013440153972106184,0.013356271268999565,0.013402354203320956
-417453.108708901,0.013448441260977157,0.013364135187868359,0.01341003669737328
-416401.01829783316,0.013456733509373422,0.013372002405151672,0.013417699829542577
-415351.57942822244,0.01346503071749334,0.01337987291830958,0.013425343648625828
-414304.78541749745,0.013473332885338009,0.013387746724789222,0.01343344360485632
-413260.6295999205,0.013481640012713687,0.013395623822024832,0.013442459091271085
-412219.10532656143,0.01348995210067496,0.013403504207437592,0.013451451856315392
-411180.20596524427,0.013498269154423481,0.013411387878435686,0.013460421957253006
-410143.92490050837,0.013506591179746124,0.013419274832414252,0.013469369451203366
-409110.25553356815,0.013514918182192158,0.013427165066755337,0.013478294395141938
-408079.19128226006,0.013523250167074832,0.013435058578827949,0.013487196845900665
-407050.7255810181,0.013531587139472787,0.01344295536598791,0.013496076860168186
-406024.85188082,0.01353992910423163,0.013450855425577892,0.013504934494490296
-405001.5636491497,0.013548276065965415,0.013458758754927391,0.013513769805270272
-403980.85436995653,0.013556628029058122,0.013466665351352667,0.013522582848769225
-402962.7175436036,0.013564984997665236,0.013474575212156798,0.013531373681106544
-401947.14668684383,0.01357334697571508,0.01348248833462954,0.013540142358260109
-400934.135332767,0.013581713966910387,0.013490404716047358,0.013548888936066738
-399923.67703075963,0.013590085974729757,0.0134983243536734,0.013557613470222545
-398915.76534647023,0.013598463002429055,0.013506247244757437,0.013566316016283228
-397910.39386175375,0.013606845053043017,0.013514173386535924,0.013574996629664559
-396907.5561746496,0.013615232129386503,0.01352210277623184,0.013583655365642568
-395907.2458993292,0.013623624234056057,0.013530035411054742,0.013592292279353999
-394909.45666605653,0.013632021369431325,0.01353797128820074,0.013600907425796647
-393914.18212115107,0.01364042353767646,0.01354591040485242,0.01360950085982968
-392921.4159269459,0.013648830740741542,0.013553852758178855,0.013618072636174004
-391931.15176174016,0.013657242980364062,0.013561798345335607,0.013626622809412667
-390943.3833197728,0.013665660258070221,0.013569747163464608,0.01363515143399109
-389958.1043111714,0.013674082575176397,0.013577699209694214,0.013643658564217507
-388975.3084619175,0.013682509932790531,0.013585654481139115,0.013652144254263266
-387994.9895138059,0.013690942331813496,0.013593612974900348,0.013660608558163184
-387017.1412243958,0.01369937977294056,0.013601574688065316,0.013669051529815953
-386041.75736698764,0.013707822256662639,0.013609539617707628,0.013677473222984364
-385068.8317305726,0.013716269783267742,0.013617507760887172,0.013685873691295721
-384098.3581197934,0.013724722352842332,0.013625479114650067,0.013694252988242199
-383130.3303549108,0.013733179965272638,0.013633453676028605,0.01370261116718111
-382164.742271752,0.013741642620374027,0.013641431442041304,0.013710948281335372
-381201.5877216867,0.013750110320937535,0.013649412409692762,0.013719264383793704
-380240.8605715791,0.013758583072847002,0.01365739657597371,0.013727559527511037
-379282.5547037496,0.01376706088190074,0.013665383937860973,0.013735833765308854
-378326.66401594,0.013775543753655937,0.013673374492317397,0.013744087149875486
-377373.18242126354,0.0137840316934303,0.01368136823629192,0.013752319733766538
-376422.1038481809,0.013792524706303454,0.013689365166719434,0.01376053156940511
-375473.4222404529,0.013801022797118558,0.013697365280520808,0.01376872270908219
-374527.131557104,0.013809525970483816,0.013705368574602845,0.01377689320495698
-373583.22577238496,0.013818034230773959,0.013713375045858272,0.013785043109057213
-372641.69887572643,0.013826547582131856,0.01372138469116574,0.013793172473279554
-371702.54487171385,0.013835066028469881,0.013729397507389718,0.013801281349389823
-370765.7577800405,0.013843589573471496,0.013737413491380508,0.013809369789023388
-369831.3316354723,0.013852118220592706,0.013745432639974227,0.013817437843685483
-368899.26048781065,0.013860651973063545,0.013753454949992739,0.013825485564751518
-367969.5384018457,0.013869190833889633,0.01376148041824373,0.013833513003467489
-367042.15945733414,0.013877734805853484,0.013769509041520533,0.013841520210950167
-366117.11774894927,0.013886283891516107,0.013777540816602192,0.013849507238187526
-365194.407386249,0.013894838093218386,0.013785575740253417,0.013857474136039027
-364274.0224936354,0.013903397413082582,0.013793613809224557,0.013865420955235963
-363355.9572103219,0.013911961853013714,0.01380165502025154,0.013873347746381739
-362440.2056902846,0.013920531414701103,0.01380969937005594,0.013881254559952299
-361526.7621022409,0.013929106099619665,0.013817746855344823,0.013889141446296304
-360615.62062960176,0.013937685909031418,0.013825797472810795,0.013897912053034086
-359706.77547043766,0.01394627084398688,0.013833851219131959,0.01390721058159633
-358800.220837444,0.013954860905326459,0.013841908090971852,0.01391648567544827
-357895.9509578942,0.013963456093681954,0.013849968084979536,0.013925737393651516
-356993.9600736178,0.013972056409477792,0.013858031197789408,0.013934965795118763
-356094.24244095385,0.013980661852932542,0.013866097426021266,0.013944170938614248
-355196.7923307175,0.013989272424060244,0.013874166766280272,0.013953352882754103
-354301.60402816464,0.013997888122671796,0.013882239215156892,0.013962511686006717
-353408.6718329464,0.014006508948710113,0.013890314769226954,0.0139716474066932
-352517.9900590889,0.014015134905874008,0.013898393425051492,0.013980760102987586
-351629.55303494487,0.014023766000228206,0.01390647517917681,0.013989849832917333
-350743.35510316025,0.014032402237636578,0.01391456002813443,0.013998916654363664
-349859.39062064345,0.014041043623717758,0.013922647968441029,0.014007960625061877
-348977.653958516,0.014049690163846842,0.013930738996598526,0.014016981802601856
-348098.1395020938,0.014058341863156803,0.013938833109093897,0.014025980244428264
-347220.84165084054,0.014066998726540141,0.01394693030239924,0.014034956007841009
-346345.7548183346,0.014075660758650398,0.013955030572971752,0.01404390914999559
-345472.8734322361,0.014084327963903695,0.013963133917253628,0.014052839727903443
-344602.1919342417,0.01409300034648036,0.013971240331672179,0.014061747798432384
-343733.70478006377,0.014101677910326307,0.013979349812639619,0.014070633418306834
-342867.4064393853,0.014110360659154655,0.013987462356553165,0.014079496644108283
-342003.2913958272,0.014119048596447225,0.013995577959794971,0.014088337532275614
-341141.35414691205,0.014127741725456047,0.014003696618732098,0.014097156139105487
-340281.5892040343,0.014136440049204824,0.014011818329716475,0.01410595252075263
-339423.9910924122,0.014145143570490558,0.01401994308908495,0.014114726733230342
-338568.55435107026,0.014153852291884856,0.014028070893159123,0.014123478832410667
-337715.2735327937,0.014162566215735523,0.014036201738245432,0.01413220887402486
-336864.14320409467,0.014171285344168014,0.014044335620635081,0.014140916913663735
-336015.1579451833,0.01418000967908688,0.014052472536603994,0.01414960300677796
-335168.3123499206,0.014188739222177327,0.014060612482412893,0.01415826720867854
-334323.6010258008,0.014197473974906503,0.014068755454307096,0.014166909574536993
-333481.01859390485,0.014206213938525078,0.01407690144851664,0.014175530159385831
-332640.5596888714,0.014214959114068634,0.014085050461256172,0.014184129018118859
-331802.21895886183,0.014223709502359088,0.01409320248872494,0.01419270620549152
-330965.9910655199,0.014232465104006223,0.014101357527106836,0.014201261776121327
-330131.8706839506,0.014241225919408938,0.014109515572570232,0.014209795784488062
-329299.8525026753,0.01424999194875679,0.014117676621268055,0.014218308284934245
-328469.9312236033,0.014258763192031367,0.014125840669337728,0.014226799331665423
-327642.1015619978,0.014267539649007658,0.014134007712901122,0.014235268978750514
-326816.35824643396,0.014276321319541662,0.014142177748064618,0.01424371728012224
-325992.6960187795,0.014285108207197321,0.014150350770918961,0.014252144289577329
-325171.1096341519,0.014293900318145168,0.014158526777539284,0.014260550060776945
-324351.59386088664,0.014302697658368991,0.014166705763985104,0.014268934647247017
-323534.14348050667,0.01431150023360282,0.01417488772630024,0.01427729810237855
-322718.7532876807,0.014320308049332637,0.014183072660512887,0.01428564047942806
-321905.4180902021,0.014329121110797812,0.014191260562635458,0.01429396183151777
-321094.1327089486,0.014337939422992782,0.014199451428664635,0.014302262211636049
-320284.8919778499,0.014346762990668624,0.014207645254581338,0.014310541672637716
-319477.69074385805,0.014355591818334582,0.01421584203635066,0.014318800267244365
-318672.5238669056,0.014364425910259748,0.014224041769921923,0.014327038048044785
-317869.38621988596,0.014373265270474457,0.014232244451228549,0.014335255067495155
-317068.2726886118,0.014382109902771945,0.014240450076188084,0.01434345137791948
-316269.1781717851,0.014390959810709869,0.014248658640702178,0.01435162703150989
-315472.0975809644,0.014399814997611834,0.01425687014065654,0.01435978208032698
-314677.0258405347,0.01440867546656891,0.014265084571920888,0.014369039153222955
-313883.9578876661,0.014417541220441246,0.01427330193034904,0.014378631810063113
-313092.88867229485,0.014426412261859436,0.014281522211778721,0.014388200290913235
-312303.81315708294,0.014435288593226129,0.014289745412031627,0.0143977446567031
-311516.7263173869,0.014444170216717522,0.014297971526913401,0.01440726496820894
-310731.62314122997,0.014453057134284797,0.014306200552213561,0.014416761286053771
-309948.49862925964,0.014461949347655741,0.01431443248370557,0.014426233670707916
-309167.34779472963,0.01447084685833605,0.014322667317146681,0.014435682182489213
-308388.16566345934,0.014479749667610937,0.014330905048277998,0.014445106881563514
-307610.9472738051,0.014488657776546537,0.014339145672824408,0.014454507827945025
-306835.6876766286,0.014497571185991385,0.01434738918649457,0.014463885081496694
-306062.38193526,0.014506489896577929,0.01435563558498094,0.014473238701930655
-305291.0251254763,0.014515413908723858,0.014363884863959628,0.014482568748808492
-304521.61233546276,0.014524343222633629,0.014372137019090478,0.014491875281541696
-303754.1386657844,0.01453327783829988,0.014380392046016975,0.014501158359392025
-302988.59922935534,0.014542217755504844,0.014388649940366243,0.014510418041471863
-302224.98915140075,0.014551162973881373,0.01439691069774908,0.014519654386744685
-301463.3035694378,0.014560113495705868,0.014405174313759803,0.014528867454025284
-300703.53763323586,0.014569069327082242,0.014413440783976321,0.014538057301980259
-299945.68650478823,0.014578030474170748,0.014421710103960077,0.01454722398912835
-299189.74535828363,0.014586996942877102,0.014429982269256004,0.014556367573840786
-298435.70938006707,0.014595968738854253,0.014438257275392575,0.014565488114341761
-297683.5737686202,0.01460494586750382,0.014446535117881678,0.014574585668708666
-296933.33373452525,0.014613928333977823,0.014454815792218634,0.014583660294872526
-296184.98450043367,0.014622916143180275,0.014463099293882191,0.014592712050618383
-295438.5213010406,0.014631909299768727,0.014471385618334429,0.014601740993585608
-294693.93938304303,0.014640907808156009,0.014479674761020883,0.014610747181268391
-293951.23400512524,0.014649911672511609,0.014487966717370333,0.01461973067101594
-293210.400437918,0.014658920896763395,0.014496261482794877,0.014628691520032955
-292471.4339639718,0.01466793548459915,0.014504559052689908,0.014637629785379962
-291734.32987772574,0.014676955439468134,0.014512859422434072,0.014646545523973684
-290999.0834854804,0.014685980764582609,0.014521162587389214,0.014655438792587377
-290265.6901053601,0.0146950114629195,0.014529468542900447,0.01466430964785128
-289534.14506729384,0.014704047537221798,0.014537777284296005,0.014673158146252844
-288804.44371297926,0.014713088990000171,0.014546088806887281,0.014681984344137172
-288076.5813958541,0.014722135823534481,0.014554403105968802,0.014690788297707364
-287350.55348106753,0.014731188039875297,0.014562720176818185,0.014699570063024865
-286626.3553454457,0.014740245640845475,0.01457104001469616,0.014708329696009874
-285903.98237747006,0.014749308628041559,0.01457936261484648,0.014717067252441617
-285183.4299772443,0.014758377002835344,0.014587687972495916,0.014725782787958738
-284464.69355646416,0.014767450766375374,0.01459601608285425,0.01473447635805967
-283747.7685383907,0.014776529919588388,0.014604346941114224,0.014743148018102958
-283032.65035781404,0.014785614463180916,0.014612680542451595,0.014751797823307688
-282319.3344610362,0.014794704397640586,0.014621016882024968,0.014760425828753714
-281607.81630583294,0.014803799723237704,0.014629355954975895,0.014769032089382099
-280898.0913614279,0.014812900440026689,0.014637697756428782,0.014777616659995437
-280190.1551084662,0.014822006547847499,0.01464604228149087,0.014786179595258178
-279484.0030389754,0.014831118046327186,0.014654389525252316,0.014794720949697089
-278779.6306563513,0.01484023493574726,0.014662739482785986,0.014803240777701432
-278077.0334753201,0.014849357221048359,0.014671092149147568,0.01481173913352342
-277376.20702191256,0.014858484908629266,0.014679447519375482,0.014820216071278534
-276677.14683343616,0.014867618004630474,0.014687805588490874,0.014828671644945852
-275979.84845843975,0.014876756514934022,0.014696166351497664,0.01483710590836848
-275284.3074566975,0.014885900445164968,0.014704529803382386,0.01484660939690728
-274590.5193991717,0.014895049800693156,0.014712895939114227,0.014856473958091854
-273898.47986798716,0.014904204586634827,0.014721264753645052,0.014866313658016727
-273208.1844564043,0.01491336480785424,0.01472963624190928,0.014876128559338717
-272519.62876878446,0.0149225304689654,0.014738010398823994,0.014885918724556803
-271832.8084205732,0.014931701574333508,0.014746387219288774,0.014895684216012367
-271147.7190382628,0.014940878128076714,0.014754766698185769,0.014905425095889725
-270464.3562593703,0.014950060134067657,0.01476314883037961,0.014915141426216433
-269782.7157324049,0.014959247595935098,0.014771533610717457,0.014924833268863761
-269102.79311684624,0.014968440517065468,0.014779921034028903,0.014934500685546998
-268424.58408310736,0.014977638900604552,0.014788311095126029,0.01494414373782597
-267748.08431251737,0.014986842749458934,0.014796703788803304,0.014953762487105303
-267073.28949728975,0.014996052066297652,0.01480509910983759,0.014963356994634858
-266400.1953404923,0.015005266853553745,0.014813497052988138,0.014972927321510166
-265728.7975560267,0.01501448711342577,0.014821897612996522,0.014982473528672723
-265059.0918685888,0.015023712847879471,0.014830300784586707,0.01499199567691054
-264391.07401365624,0.015032944058649161,0.0148387065624649,0.015001493826858338
-263724.7397374522,0.015042180747239352,0.014847114941319609,0.015010968038998044
-263060.08479691995,0.015051422914926282,0.01485552591582161,0.015020418373659169
-262397.10495969944,0.015060670562759372,0.014863939480623875,0.01502984489101913
-261735.79600409043,0.015069923691562877,0.014872355630361664,0.015039247651103784
-261076.15371903853,0.015079182301937223,0.014880774359652372,0.015048626713787613
-260418.17390410072,0.015088446394260609,0.01488919566309556,0.01505798213879423
-259761.8523694203,0.015097715968690487,0.01489761953527295,0.015067313985696724
-259107.18493570064,0.015106991025165016,0.014906045970748369,0.015076622313918035
-258454.16743417413,0.015116271563404627,0.014914474964067797,0.0150859071827314
-257802.7957065844,0.01512555758292081,0.014922906509759231,0.015095168651260602
-257153.06560515278,0.015134849085070717,0.01493134060233275,0.015104406778480446
-256504.97299255477,0.015144146075859542,0.014939777236280457,0.015113621623217098
-255858.51374189416,0.015153448561737882,0.014948216406076461,0.01512281324414845
-255213.68373667062,0.015162756548891586,0.014956658106176907,0.015131981699804578
-254570.4788707636,0.015172070043243273,0.01496510233101986,0.01514112704856798
-253928.89504839928,0.015181389050454129,0.014973549075025346,0.015150249348674033
-253288.92818412653,0.015190713575925576,0.01498199833259531,0.015159348658211346
-252650.57420279222,0.015200043624800895,0.014990450098113584,0.015168425035122108
-252013.82903950842,0.015209379201967035,0.014998904365945946,0.01517747853720255
-251378.6886396367,0.015218720312056079,0.01500736113043997,0.015186509222103172
-250745.14895875633,0.015228066959447034,0.015015820385925086,0.015195517147329194
-250113.20596263855,0.015237419148267414,0.01502428212671255,0.015204502370240926
-249482.85562722295,0.015246776882394921,0.015032746347095402,0.015213464948054098
-248854.09393859198,0.015256140165458999,0.015041213041348445,0.015222404937840224
-248226.916892939,0.015265509000842599,0.015049682203728298,0.015231322396527058
-247601.32049655364,0.015274883391683623,0.01505815382847325,0.015240217380898799
-246977.30076578812,0.015284263340876644,0.015066627909803332,0.015249089947596576
-246354.8537270354,0.015293648851074461,0.015075104441920251,0.01525794015311875
-245733.97541670443,0.015303039924689685,0.015083583419007365,0.015266768053821276
-245114.661881188,0.015312436563896433,0.015092064835229761,0.015275573705918147
-244496.90917684798,0.01532183877063173,0.015100548684734094,0.01528435716548162
-243880.71336998467,0.015331246546597191,0.01510903496164863,0.01529311848844264
-243266.0705368109,0.01534065989326058,0.015117523660083242,0.015301857730591208
-242652.9767634309,0.015350078811857314,0.015126014774129346,0.015310574947576691
-242041.4281458078,0.01535950330339213,0.015134508297859986,0.015319270194908273
-241431.42078974852,0.01536893336864047,0.015143004225329649,0.015328746757691507
-240822.95081087397,0.015378369008150117,0.015151502550574356,0.015338944873277712
-240216.0143345934,0.015387810222242714,0.015160003267611636,0.015349117286960375
-239610.60749608293,0.015397257011015235,0.015168506370440458,0.015359264063514951
-239006.72644025402,0.015406709374341626,0.01517701185304132,0.015369385267553734
-238404.36732173947,0.01541616731187414,0.015185519709376063,0.015379480963526078
-237803.52630486165,0.015425630823064116,0.015194029933387974,0.01538955121571894
-237204.19956360944,0.015435099909583895,0.01520254251900174,0.015399596088257268
-236606.38328161594,0.015444574577684866,0.015211057460123398,0.015409615645104362
-236010.07365212782,0.015454054833916545,0.015219574750640404,0.015419609950062406
-235415.26687799045,0.015463540684558982,0.015228094384421492,0.0154295790667727
-234821.95917161784,0.01547303213562458,0.015236616355316718,0.015439523058716173
-234230.1467549685,0.015482529192859832,0.015245140657157468,0.015449441989213787
-233639.8258595265,0.015492031861746955,0.015253667283756347,0.015459335921426851
-233050.99272626606,0.015501540147505734,0.015262196228907333,0.015469204918357618
-232463.64360564118,0.015511054055095057,0.01527072748638556,0.015479049042849458
-231877.77475755487,0.01552057358921468,0.015279261049947392,0.01548886835758737
-231293.38245133468,0.015530098754306906,0.015287796913330442,0.015498662925098402
-230710.46296571134,0.015539629554558265,0.015296335070253488,0.015508432807751993
-230129.0125887956,0.015549165993901114,0.015304875514416453,0.01551817806776038
-229549.02761804793,0.015558708076015452,0.015313418239500502,0.015527898767179086
-228970.50436026556,0.015568255804330381,0.015321963239167853,0.015537594967907156
-228393.43913155186,0.01557780918202584,0.015330510507061882,0.015547266731687657
-227817.8282572937,0.01558736821203426,0.015339060036807049,0.015556914120108067
-227243.66807214174,0.015596932897042119,0.015347611822008892,0.015566537194600594
-226670.9549199786,0.015606503239491688,0.01535616585625408,0.015576136016442721
-226099.685153907,0.015616079241582493,0.01536472213311025,0.015585710646757397
-225529.85513621802,0.015625660905273023,0.015373280646126131,0.015595261146513571
-224961.46123837156,0.015635248232282267,0.015381841388831433,0.015604787576526525
-224394.4998409738,0.015644841224091342,0.015390404354736867,0.015614289997458241
-223828.96733374742,0.015654439881945134,0.015398969537334184,0.01562376846981791
-223264.86011551943,0.01566404420685373,0.015407536930096048,0.015633223053962128
-222702.1745941909,0.015673654199594097,0.015416106526476084,0.015642653810095417
-222140.90718671615,0.015683269860711613,0.015424678319908848,0.01565206079827055
-221581.05431908066,0.015692891190521585,0.01543325230380982,0.015661444078388948
-221022.61242627332,0.015702518189110934,0.015441828471575419,0.015670803710201124
-220465.57795227147,0.015712150856339556,0.015450406816582914,0.015680139753306944
-219909.9473500148,0.01572178919184193,0.015458987332190432,0.01568945226715607
-219355.7170813806,0.015731433195029357,0.015467570011737002,0.015698741311048356
-218802.88361716553,0.015741082866756913,0.01547615484854243,0.015708006944134177
-218251.44343705638,0.015750738212954654,0.015484741835907449,0.015717249225414894
-217701.39302961642,0.015760399240340468,0.015493330967113502,0.015726468213743103
-217152.7288922567,0.015770065955357595,0.015501922235422893,0.015735663967823114
-216605.44753121655,0.015779738364176354,0.015510515634078662,0.015744836546211265
-216059.5454615397,0.01578941647269589,0.015519111156304654,0.015753986007316333
-215515.01920705455,0.015799100286545898,0.015527708795305411,0.015763112409399854
-214971.8653003466,0.015808789811088464,0.015536308544266308,0.01577221581057661
-214430.0802827433,0.01581848505141964,0.015544910396353362,0.01578129626881485
-213889.66070428857,0.01582818601237125,0.015553514344713318,0.015790353841936736
-213350.6031237207,0.01583789269851261,0.01556212038247362,0.015799388587618715
-212812.90410845212,0.015847605114152185,0.015570728502742376,0.01580840056339185
-212276.56023454215,0.01585732326333939,0.01557933869860842,0.015817484199624175
-211741.56808668317,0.015867047149866146,0.01558795096314119,0.01582796162074865
-211207.9242581742,0.01587677677726862,0.01559656528939077,0.01583841263604699
-210675.6253508999,0.01588651214882893,0.015605181670387868,0.015848837312068743
-210144.6679753108,0.015896253267576755,0.015613800099143796,0.015859235715195697
-209615.04875039443,0.0159060001362911,0.015622420568650533,0.01586960791164246
-209086.76430366488,0.015915752757501796,0.01563104307188058,0.015879953967456638
-208559.81127113424,0.015925511133491256,0.015639667601787012,0.015890273948519423
-208034.18629729224,0.015935275266296046,0.01564829415130351,0.015900567920545974
-207509.8860350873,0.015945045157708573,0.01565692271334425,0.01591083594908579
-206986.9071458981,0.01595482080927872,0.015665553280804025,0.015921078099523277
-206465.24629952302,0.015964602222315355,0.015674185846558077,0.015931294437077942
-205944.90017415138,0.015974389397888027,0.015682820403462198,0.015941485026804963
-205425.86545634354,0.015984182336828558,0.015691456944352693,0.015951649933595574
-204908.1388410137,0.015993981039732572,0.01570009546204629,0.015961789222177416
-204391.7170314,0.016003785506961223,0.01570873594934032,0.015971902957115095
-203876.5967390545,0.0160135957386426,0.01571737839901247,0.015981991202810415
-203362.77468381514,0.016023411734673407,0.015726022803820926,0.01599205402350289
-202850.24759378654,0.016033233494720488,0.015734669156504323,0.016002091483270142
-202339.01220532096,0.016043061018222365,0.015743317449781694,0.01601210364602828
-201829.06526299214,0.01605289430480538,0.015751967676352577,0.016022090575532385
-201320.4035195817,0.016062733358610023,0.015760619828896847,0.016032052335376804
-200813.0237360541,0.01607257818654417,0.015769273900074814,0.01604198898899563
-200306.92268153737,0.016082428795284973,0.015777929882527162,0.016051900599663063
-199802.09713330175,0.01609228519123079,0.01578658776887498,0.016061787230493865
-199298.54387674085,0.016102147380502925,0.015795247551719693,0.016071648944443694
-198796.2597053462,0.016112015368947526,0.015803909223643157,0.016081485804309622
-198295.24142069425,0.016121889162137207,0.01581257277720752,0.01609129787273038
-197795.48583242155,0.016131768765372898,0.015821238204955297,0.016101085212186853
-197296.98975820496,0.0161416541836856,0.01582990549940932,0.016110847885002458
-196799.75002374212,0.0161515454218381,0.01583857465307275,0.016120585953343532
-196303.76346272795,0.016161442484326802,0.015847245658429116,0.016130299479219797
-195809.0269168406,0.01617134537538333,0.015855918507942192,0.01613998852448462
-195315.53723571709,0.016181254098976337,0.01586459319405607,0.016149653150835504
-194823.29127693336,0.016191168658813208,0.01587326970919514,0.016159293419814477
-194332.2859059879,0.016201089058341726,0.015881948045764028,0.016168909392808406
-193842.5179962733,0.016211015300751915,0.01589062819614774,0.016178501131049555
-193353.98442906686,0.016220947388977558,0.015899310152711454,0.01618806869561578
-192866.68209350487,0.016230885325697962,0.01590799390780063,0.016197612147431022
-192380.6078865632,0.01624082911333966,0.01591667945374099,0.01620713154726568
-191895.75871303913,0.016250778754078016,0.015925366782838478,0.016216626955736994
-191412.13148552767,0.01626073424983902,0.015934055887379332,0.016226098433309476
-190929.72312440843,0.016270695602300777,0.01594274675962995,0.01623554604029519
-190448.53055782113,0.016280662812895242,0.01595143939183698,0.016244969836854223
-189968.55072164704,0.01629063588280988,0.015960133776227292,0.016254369882995046
-189489.78055949166,0.01630061481298923,0.01596882990500794,0.016263746238574864
-189012.21702265923,0.016310599604136673,0.015977527770366234,0.0162730989633001
-188535.8570701415,0.016320590256715842,0.015986227364469623,0.016282428116726626
-188060.6976685928,0.01633058677095241,0.015994928679465788,0.016291733758260252
-187586.73579231254,0.016340589146835595,0.016003631707482556,0.016301015947157056
-187113.9684232269,0.016350597384119776,0.016012336440627946,0.016310274742523764
-186642.3925508642,0.016360611482326176,0.016021042870990206,0.01632020440958127
-186172.00517234474,0.016370631440744333,0.016029750990637675,0.016331005640314
-185702.80329235486,0.01638065725994457,0.01603846079161888,0.016341779649136155
-185234.783923129,0.01639068894587999,0.016047172265962542,0.01635252650465406
-184767.94408443352,0.016400726505536464,0.016055885405677473,0.016363246275301075
-184302.28080354587,0.01641076994561466,0.016064600202752664,0.01637393902933809
-183837.7911152315,0.016420819272532035,0.01607331664915729,0.016384604834854065
-183374.47206173305,0.0164308744924244,0.01608203473684064,0.016395243759766243
-182912.32069274702,0.016440935611147938,0.01609075445773209,0.016405855871820727
-182451.33406540376,0.01645100263428089,0.01609947580374123,0.016416441238592917
-181991.5092442536,0.01646107556712541,0.016108198766757693,0.016426999927487824
-181532.84330123986,0.016471154414709394,0.01611692333865135,0.016437532005740708
-181075.3333156894,0.01648123918178811,0.016125649511272103,0.016448037540417276
-180618.976374289,0.01649132987284612,0.016134377276450004,0.016458516598414245
-180163.7695710673,0.016501426492098962,0.016143106625995232,0.016468969246459735
-179709.71000737845,0.0165115290434949,0.01615183755169804,0.01647939555111366
-179256.79479187797,0.016521637530716803,0.016160570045328875,0.016489795578768274
-178805.02104051187,0.01653175195718367,0.016169304098638225,0.016500169395648426
-178354.38587649385,0.01654187232605252,0.016178039703356704,0.016510517067812078
-177904.8864302875,0.016551998640220073,0.01618677685119504,0.01652083866115072
-177456.5198395898,0.016562130902324407,0.016195515533844042,0.016531134241389744
-177009.28324930804,0.016572269114746813,0.01620425574297468,0.01654140387408898
-176563.17381154784,0.01658241327961334,0.01621299747023799,0.016551647624642965
-176118.18868559264,0.016592563398796535,0.016221740707265078,0.01656186555828141
-175674.32503788403,0.01660271947391717,0.016230485445667207,0.016572057740069663
-175231.58004200546,0.016612881506345874,0.016239231677035688,0.01658222423490908
-174789.95087866244,0.01662304949720486,0.016247979392942,0.016592365107537473
-174349.43473566693,0.016633223447369505,0.016256728584937676,0.016602480422529473
-173910.02880791816,0.016643403357470048,0.01626547924455434,0.01661257024429697
-173471.7302973859,0.01665358922789323,0.016274231363303745,0.016622634637089507
-173034.53641309103,0.01666378105878392,0.016282984932677703,0.016632673664994695
-172598.44437108602,0.01667397885004684,0.01629173994414821,0.016642687391938703
-172163.45139444302,0.01668418260134803,0.016300496389167283,0.016652675881686507
-171729.5547132315,0.016694392312116557,0.016309254259167072,0.0166626391978424
-171296.75156450225,0.016704607981549557,0.016318013545559826,0.016672577403850367
-170865.0391922679,0.016714829610689284,0.01632677423973793,0.016682490562994548
-170434.41484749012,0.01672505720595819,0.016335536333073813,0.016692378738399495
-170004.87578805396,0.016735290774438385,0.016344299816920108,0.0167022419930308
-169576.4192787599,0.01674553032292159,0.016353064682609476,0.016712080389695246
-169149.04259129945,0.016755775857911184,0.016361830921454743,0.016721893991041393
-168722.74300424056,0.016766027385624015,0.01637059852474882,0.016731682859559893
-168297.51780301196,0.016776284911992175,0.016379367483764735,0.016741447057583864
-167873.3642798791,0.01678654844266499,0.01638813778975571,0.01675118664728943
-167450.27973393563,0.016796817983010665,0.01639690943395502,0.016760901690695933
-167028.26147108106,0.01680709353811822,0.01640568240757609,0.016770592249666424
-166607.30680400526,0.01681737511279927,0.01641445670181248,0.016780258385908037
-166187.4130521707,0.016827662711589794,0.01642323230783787,0.016789900160972388
-165768.57754179297,0.016837956338752073,0.016432009216806157,0.016799517636256034
-165350.79760582978,0.016848255998276277,0.016440787419851294,0.016809110873000705
-164934.07058395832,0.016858561693882366,0.01644956690808745,0.016818679932293842
-164518.3938225623,0.016868873429021835,0.0164583476726089,0.01682903016101407
-164103.76467471247,0.016879191206879435,0.01646712970449009,0.016840132259963246
-163690.18050014856,0.01688951503037509,0.01647591299478569,0.016851206378735727
-163277.63866526663,0.016899844902165402,0.016484697534530492,0.016862252587848823
-162866.13654310047,0.016910180824645554,0.016493483314739456,0.01687327095764211
-162455.6715133024,0.016920522799951005,0.01650227032640776,0.01688426155827795
-162046.24096213258,0.016930870829959158,0.01651105856051072,0.016895224459741766
-161637.84228243216,0.01694122491629125,0.016519848008003962,0.016906159731842774
-161230.47287361842,0.0169515850603138,0.01652863865982319,0.01691706744421411
-160824.13014166144,0.016961951263140502,0.01653743050688438,0.016927947666313448
-160418.81149906755,0.016972323525633853,0.01654622354008373,0.01693880046742345
-160014.51436486727,0.016982701848406802,0.01655501775029761,0.016949625916652084
-159611.23616459116,0.01699308623182457,0.016563813128382718,0.016960424082933277
-159208.97433026176,0.01700347667600612,0.016572609665175913,0.01697119503502712
-158807.72630037265,0.017013873180825933,0.01658140735149434,0.01698193884152045
-158407.48951987302,0.017024275745915658,0.016590206178135374,0.016992655570827228
-158008.2614401511,0.017034684370665736,0.016599006135876705,0.01700334529118902
-157610.0395190202,0.01704509905422701,0.016607807215476212,0.017014008070675348
-157212.82122069673,0.017055519796946524,0.016616609407672175,0.017024643977184284
-156816.6040157909,0.017065946604838917,0.016625412703183087,0.017035253078442704
-156421.38538128708,0.01707637948515985,0.016634217092707765,0.017045835442006805
-156027.1628005285,0.017086818444868958,0.01664302256692533,0.01705639113526252
-155633.93376320123,0.017097263490631683,0.01665182911649523,0.01706692022542595
-155241.69576531547,0.01710771462882131,0.01666063673205729,0.01707742277954386
-154850.44630919566,0.01711817186552062,0.01666944540423161,0.01708789886449394
-154460.1829034588,0.017128635206523947,0.01667825512361869,0.017098348546985394
-154070.9030630017,0.017139104657338956,0.0166870658807994,0.017108771893559284
-153682.60430898477,0.01714958022318853,0.016695877666334926,0.017119168970588947
-153295.28416881376,0.017160061909012668,0.016704690470766937,0.017129539844280502
-152908.94017612777,0.01717054971947019,0.016713504284617445,0.01713988458067316
-152523.56987078095,0.01718104365894069,0.016722319098388887,0.017150203245639727
-152139.1707988289,0.01719154373152631,0.016731134902564122,0.017160495904886948
-151755.74051251082,0.017202049941053545,0.016739951687606433,0.017170762623956
-151373.27657023337,0.017212562291075133,0.016748769443959626,0.017181003468222922
-150991.77653655974,0.017223080784871725,0.016757588162047875,0.017191218502898904
-150611.23798218914,0.017233605425453755,0.016766407832275888,0.01720140779303084
-150231.6584839434,0.01724413621556321,0.016775228445028857,0.017211571403501682
-149853.03562475296,0.017254673157675364,0.016784049990672456,0.017221709399030824
-149475.36699363668,0.017265216254000678,0.016792872459552924,0.017231821844174627
-149098.6501856927,0.01727576550648637,0.016801695841997005,0.01724190880332668
-148722.88280207862,0.01728632091681828,0.016810520128311992,0.017251970340718327
-148348.06244999898,0.017296882486422575,0.01681934530878572,0.01726200652041899
-147974.18674268812,0.0173074502164675,0.01682817137368664,0.017272017406336642
-147601.25329939387,0.017318024107865152,0.016836998313263823,0.017282003062218245
-147229.25974536722,0.017328604161273062,0.016845826117746876,0.01729196355165001
-146858.20371184268,0.017339190377096032,0.01685465477734607,0.01730189893805794
-146488.0828360242,0.017349782755487785,0.01686348428225233,0.0173118092847082
-146118.894761072,0.01736038129635267,0.016872314622637215,0.017321694654707464
-145750.63713608554,0.01737098599934731,0.016881145788652963,0.017331555111003386
-145383.30761608732,0.017381596863882402,0.016889977770432545,0.017341747155507178
-145016.90386201214,0.017392213889124222,0.016898810558089603,0.017353141087718304
-144651.42354068923,0.01740283707431273,0.016907644141718504,0.017364506304256996
-144286.8643248278,0.017413466423310122,0.01691647851139439,0.01737584287749422
-143923.2238930042,0.017424101943520984,0.01692531365717309,0.01738715087961849
-143560.49992964073,0.017434743642151612,0.016934149569091367,0.017398430382636536
-143198.6901250002,0.017445391526107693,0.016942986237166634,0.017409681458373464
-142837.79217516418,0.01745604560199642,0.01695182365139721,0.017420904178473442
-142477.80378202218,0.017466705876128332,0.0169606618017622,0.017432098614400017
-142118.72265325554,0.017477372354519235,0.01696950067822159,0.017443264837436648
-141760.54650232007,0.017488045042892218,0.01697834027071628,0.01745440291868721
-141403.27304843705,0.01749872394667937,0.016987180569168033,0.017465512929076304
-141046.9000165751,0.017509409071023774,0.016996021563479534,0.0174765949393498
-140691.42513743698,0.01752010042078136,0.017004863243534393,0.01748764902007526
-140336.84614744518,0.01753079800052276,0.01701370559919718,0.017498675241642378
-139983.16078872373,0.017541501814535274,0.017022548620313525,0.017509673674263548
-139630.3668090905,0.017552211866824558,0.017031392296709958,0.01752064438797411
-139278.4619620383,0.017562928161116566,0.017040236618194097,0.017531587452632932
-138927.44400672207,0.01757365070085938,0.017049081574554568,0.017542502937922803
-138577.3107079448,0.01758437948922499,0.017057927155561075,0.017553390913350883
-138228.05983614014,0.017595114529111243,0.017066773350964452,0.017564251448249232
-137879.68916736307,0.01760585582314349,0.017075620150496622,0.017575084611775104
-137532.19648327384,0.01761660337367646,0.01708446754387062,0.01758589047291146
-137185.57957112193,0.017627357182796097,0.017093315520780694,0.01759666910046744
-136839.83622373492,0.017638117252321263,0.017102164070902225,0.017607420563078728
-136494.96423950285,0.017648883583805564,0.01711101318389182,0.01761814492920804
-136150.96142236216,0.017659656178539197,0.017119862849387373,0.017628842267145613
-135807.82558178718,0.017670435037550537,0.017128713057007954,0.017639512645009472
-135465.55453277094,0.017681220161608016,0.01713756379635397,0.017650156130746036
-135124.1460958142,0.01769201155122185,0.017146415057007106,0.017660772792130443
-134783.5980969105,0.01770280920664575,0.017155266828530386,0.01767136269676703
-134443.90836753073,0.01771361312787871,0.017164119100468236,0.017681925912089804
-134105.07474461367,0.017724423314666643,0.01717297186234641,0.01769246250536274
-133767.095070548,0.017735239766504155,0.017181825103672114,0.01770297254368034
-133429.9671931606,0.01774606248263624,0.017190678813933956,0.017713456093967996
-133093.6889657034,0.017756891462059946,0.017199532982602017,0.017723913222982397
-132758.25824683605,0.017767726704807005,0.01720838759912791,0.017734343997312073
-132423.67290061622,0.01777856821684458,0.017217242652944754,0.01774474848337769
-132089.93079648595,0.017789416005714417,0.017226098133467174,0.017755126747432484
-131757.02980925608,0.017800270078650975,0.017234954030091405,0.017765478855562726
-131424.96781909355,0.017811130442582826,0.01724381033219526,0.017775804873688152
-131093.742711506,0.017821997104134804,0.017252667029138257,0.017786104867562397
-130763.35237733249,0.017832870069629702,0.01726152411026151,0.017796378902773326
-130433.7947127271,0.01784374934509042,0.017270381564887815,0.01780662704474351
-130105.06761914573,0.017854634936241842,0.017279239382321745,0.01781684935873066
-129777.1690033343,0.017865526848512746,0.017288097551849554,0.01782704590982798
-129450.09677731183,0.017876425087037816,0.017296956062739365,0.0178372167629647
-129123.8488583618,0.017887329656659443,0.017305814904241046,0.01784736198290635
-128798.42316901629,0.017898240561929676,0.01731467406558631,0.01785748163425523
-128473.81763704226,0.017909157807112153,0.017323533535988794,0.017868569840042585
-128150.0301954312,0.017920081396183944,0.01733239330464395,0.01788030878595349
-127827.05878238108,0.0179310113328375,0.017341253360729267,0.017892018146667733
-127504.90134128781,0.01794194762048244,0.017350113693404164,0.017903697996747694
-127183.55582073098,0.017952890262247428,0.01735897429181004,0.01791534841056782
-126863.02017445966,0.017963839260982092,0.017367835145070332,0.017926969462315152
-126543.29236137973,0.017974794619258824,0.01737669624229057,0.01793856122598975
-126224.37034554256,0.017985756339374562,0.01738555757255833,0.01795012377540514
-125906.25209612784,0.017996724423352827,0.01739441912494342,0.017961657184188913
-125588.93558743542,0.018007698872945257,0.017403280888497737,0.01797316152578303
-125272.41879887127,0.01801867968963361,0.017412142852255362,0.01798463687344433
-124956.69971493154,0.018029666874631544,0.017421005005232686,0.017996083300245103
-124641.77632519475,0.018040660428886322,0.017429867336428286,0.01800750087907338
-124327.64662430242,0.018051660353080794,0.017438729834823148,0.01801888968263363
-124014.30861195308,0.018062666647634923,0.017447592489380524,0.01803024978344699
-123701.76029288632,0.018073679312707765,0.017456455289046033,0.018041581253851816
-123389.99967686913,0.018084698348199094,0.01746531822274775,0.018052884166004205
-123079.0247786858,0.018095723753751247,0.01747418127939616,0.018064158591878356
-122768.83361812138,0.01810675552875087,0.017483044447884306,0.018075404603267155
-122459.42421995418,0.01811779367233059,0.017491907717087682,0.01808662227178246
-122150.79461393977,0.018128838183370802,0.01750077107586434,0.01809781166885568
-121842.94283479916,0.018139889062184444,0.017509634513054973,0.0181089728657382
-121535.86692220689,0.018150946315210775,0.017518498017482877,0.01812010593350182
-121229.56492077603,0.018162009950103246,0.01752736157795406,0.018131210943039277
-120924.03488004966,0.01817307997420204,0.017536225183257204,0.018142287965064587
-120619.27485448659,0.018184156394536202,0.017545088822163744,0.01815333707011354
-120315.2829034478,0.018195239217825614,0.017553952483427938,0.018164358328544194
-120012.05709118681,0.018206328450482964,0.01756281615578681,0.018175351810537234
-119709.59548683342,0.01821742409861586,0.017571679827960325,0.018186317586096547
-119407.89616438489,0.01822852616802861,0.017580543488651342,0.018197255725049558
-119106.95720269313,0.01823963466422429,0.017589407126545623,0.018208166297047676
-118806.77668545122,0.01825074959240672,0.017598270730311977,0.018219049371566806
-118507.35270118254,0.018261870957482353,0.01760713428860217,0.01822990501790772
-118208.68334322596,0.01827299876406231,0.017615997790051154,0.01824073330519661
-117910.76670972745,0.018284133016464185,0.017624861223276903,0.018251534302385373
-117613.60090362567,0.018295273718714047,0.01763372457688059,0.01826230807825217
-117317.1840326403,0.01830642087454835,0.017642587839446548,0.018273054701401805
-117021.51420926032,0.018317574487415802,0.017651450999542396,0.018283774240266178
-116726.58955073159,0.018328734560479284,0.017660314045719012,0.018294466763104728
-116432.4081790442,0.018339901096617785,0.01766917696651062,0.018305132338004893
-116138.96822092202,0.018351074098428195,0.017678039750434815,0.018315771032882483
-115846.26780781051,0.018362253568227193,0.017686902385992565,0.01832638291548213
-115554.30507586357,0.018373439508053143,0.017695764861668368,0.01833696805337776
-115263.07816593413,0.018384631919667917,0.017704627165930124,0.018347526513972937
-114972.58522355731,0.018395830804558838,0.017713489287229427,0.018358058364501464
-114682.8243989447,0.01840703616394033,0.01772235121400136,0.018368563672027608
-114393.79384696958,0.0184182479987559,0.017731212934664647,0.018379042503446623
-114105.49172715457,0.01842946630967987,0.017740074437621742,0.018389494925485198
-113817.91620366207,0.01844069109711923,0.0177489357112588,0.018400773030715346
-113531.06544527897,0.018451922361215515,0.01775779674394578,0.018412819087176437
-113244.93762540945,0.018463160101846416,0.01776665752403645,0.01842483478444238
-112959.53092206022,0.0184744043186277,0.01777551803986847,0.01843682019902625
-112674.84351783019,0.018485655010914974,0.017784378279763376,0.018448775407248277
-112390.87359989945,0.018496912177805393,0.01779323823202669,0.018460700485236313
-112107.61936001442,0.018508175818139547,0.017802097884948,0.018472595508926444
-111825.07899448065,0.018519445931447668,0.01781095722680091,0.018484460554063303
-111543.2507041496,0.018530722523289724,0.017819816245843122,0.018496295696200617
-111262.13269440625,0.018542005601496755,0.01782867493031656,0.018508101010701744
-110981.72317515947,0.018553295173588728,0.017837533268447277,0.018519876572740047
-110702.02036082788,0.0185645912467686,0.017846391248445694,0.01853162245729952
-110423.02247033172,0.01857589382792427,0.017855248858506454,0.018543338739175106
-110144.72772707962,0.018587202923630634,0.01786410608680861,0.01855502549297327
-109867.13435895795,0.01859851854015162,0.017872962921515596,0.01856668279311243
-109590.24059831898,0.018609840683442208,0.017881819350775333,0.018578310713823477
-109314.04468196922,0.018621169359150477,0.017890675362720276,0.018589909329150226
-109038.54485116024,0.01863250457261948,0.01789953094546739,0.018601478712949846
-108763.73935157446,0.01864384632888932,0.017908386087118346,0.01861301893889343
-108489.62643331793,0.018655194632699074,0.017917240775759378,0.0186245300804663
-108216.20435090497,0.018666549488488806,0.017926094999461538,0.01863601221096866
-107943.47136325038,0.01867791090040149,0.017934948746280578,0.018647465403515924
-107671.4257336543,0.018689278872285046,0.017943802004257197,0.018658889731039335
-107400.0657297969,0.018700653407694102,0.017952654761416862,0.018670285266286214
-107129.389623723,0.018712034509892086,0.01796150700577003,0.018681652081820585
-106859.39569183235,0.018723422181853088,0.017970358725312132,0.018692990250023588
-106590.08221486895,0.018734816426263737,0.01797920990802367,0.01870429984309394
-106321.44747790793,0.018746217245525245,0.01798806054187026,0.018715580933048464
-106053.48977034938,0.018757624641755097,0.017996910614802644,0.018726833591722367
-105786.20738590234,0.01876903861678911,0.018005760114756804,0.0187380578907699
-105519.59862257753,0.01878045917218322,0.018014609029653968,0.01874925390166468
-105253.66178267454,0.018791886309215376,0.01802345734740069,0.018760421695700205
-104988.3951727708,0.018803320028887457,0.018032305055888955,0.01877156134399033
-104723.79710371312,0.018814760331927007,0.01804115214299614,0.01878267291746962
-104459.86589060443,0.018826207218789193,0.018049998596585154,0.01879375648689392
-104196.59985279448,0.018837660689658562,0.01805884440450442,0.018804812122840717
-103933.9973138687,0.018849120744450894,0.018067689554588002,0.01881583989570964
-103672.05660163675,0.018860587382815097,0.018076534034655662,0.018826839875722905
-103410.77604812356,0.01887206060413488,0.01808537783251285,0.018837812132925732
-103150.15398955716,0.018883540407530666,0.01809422093595083,0.018848756737186823
-102890.18876635956,0.018895026791861284,0.018103063332746697,0.018859673758198765
-102630.87872313506,0.018906519755811823,0.018111905010663447,0.0188705632654785
-102372.22220865876,0.018918019301793123,0.018120745957450127,0.018881425328367837
-102114.2175758689,0.018929525437518448,0.0181295861608417,0.018892260016033745
-101856.86318185367,0.01894103817079701,0.01813842560855931,0.01890306739746893
-101600.15738784213,0.01895255750911359,0.018147264288310195,0.018913847541492192
-101344.09855919538,0.01896408345963063,0.01815610218778779,0.018924600516748824
-101088.68506538996,0.018975616029190456,0.01816493929467191,0.01893532639171129
-100833.91528001525,0.018987155224317116,0.018173775596628618,0.01894767896229739
-100579.78758075871,0.01899870105121857,0.01818261108131038,0.018960013213955768
-100326.30034939617,0.019010253515788753,0.01819144573635614,0.01897231638009215
-100073.45197178239,0.019021812623609545,0.018200279549391383,0.018984588539050128
-99821.24083783999,0.01903337837995284,0.018209112508028123,0.018996829768975834
-99569.66534154791,0.019044950789782644,0.018217944599865143,0.01900904014781854
-99318.72388093475,0.019056529857756913,0.01822677581248782,0.01902121975333096
-99068.41485806553,0.0190681155882297,0.01823560613346839,0.019033368663069896
-98818.73667903262,0.019079707985253058,0.01824443555036589,0.019045486954396684
-98569.68775394655,0.019091307052579106,0.018253264050726248,0.019057574704477633
-98321.26649692199,0.019102912793661997,0.018262091622082463,0.019069631990284712
-98073.47132607315,0.019114525211659777,0.01827091825195449,0.019081658888595764
-97826.30066350006,0.019126144309436488,0.018279743927849406,0.019093655475995182
-97579.75293527884,0.019137770089564014,0.018288568637261488,0.019105621828874375
-97333.82657145431,0.01914940255432403,0.018297392367672208,0.019117558023432134
-97088.52000602506,0.019161041705710053,0.018306215106550415,0.01912946413567534
-96843.83167693831,0.01917268754542919,0.018315036841352276,0.01914134024141924
-96599.76002607793,0.019184340074904153,0.018323857559521425,0.019153186416287993
-96356.3034992541,0.019195999295275164,0.018332677248489,0.01916500273571521
-96113.46054619543,0.019207665207401737,0.018341495895673677,0.019176789274944313
-95871.22962053513,0.019219337811864814,0.01835031348848186,0.01918854610902921
-95629.60917980527,0.019231017108968393,0.018359130014307633,0.019200273312834575
-95388.59768542516,0.01924270309874149,0.01836794546053285,0.019211970961036415
-95148.19360269162,0.019254395780940025,0.018376759814527247,0.019223639128122534
-94908.3954007701,0.019266095155048613,0.018385573063648426,0.01923527788839298
-94669.20155268215,0.019277801220282546,0.018394385195242082,0.01924688731596063
-94430.61053529936,0.019289513975589433,0.0184031961966419,0.019258467484751504
-94192.62082933176,0.019301233419651162,0.018412006055169745,0.01927001846850532
-93955.2309193177,0.019312959551317843,0.018420814758135673,0.01928154034077599
-93718.43929361658,0.0193246923749155,0.01842962229283799,0.019293033174931962
-93482.2444443951,0.01933643189854656,0.01843842864656342,0.019304497044156894
-93246.64486762174,0.01934817813006976,0.01844723380658707,0.01931593202144993
-93011.63906305491,0.01935993107701398,0.01845603776017256,0.019327338179626258
-92777.22553423468,0.019371690746580312,0.01846484049457205,0.01933871559131753
-92543.40278847175,0.019383457145644156,0.01847364199702638,0.019350064328972377
-92310.16933683996,0.019395230280757368,0.018482442254765086,0.019361384464856794
-92077.52369416389,0.019407010158150384,0.018491241255006504,0.019372676071054726
-91845.46437901171,0.01941879678373421,0.01850003898495788,0.019383939219468422
-91613.98991368682,0.019430590163102546,0.018508835431815283,0.019395173981818836
-91383.0988242148,0.01944239030153386,0.018517630582763917,0.019406380429646274
-91152.7896403379,0.019454197203993422,0.018526424424977976,0.019417558634310637
-90923.06089550095,0.019466010875135432,0.01853521694562094,0.019428708666992124
-90693.91112684748,0.01947783131930495,0.018544008131845424,0.01943983059869142
-90465.33887520655,0.01948965854053998,0.01855279797079342,0.019450924500230327
-90237.3426850857,0.019501492542573457,0.01856158644959626,0.01946199044225211
-90009.92110466036,0.019513333328835293,0.018570373555374775,0.01947302849522201
-89783.07268576366,0.019525180902454444,0.018579159275239395,0.019484038729427732
-89556.79598387954,0.019537035266260737,0.018587943596290117,0.019496747248327704
-89331.08955813316,0.01954889642278696,0.018596726505616633,0.019509448466343803
-89105.95197128002,0.01956076437427085,0.01860550799029845,0.019522117673987243
-88881.38178969861,0.019572639122656974,0.018614288037404905,0.019534754951932465
-88657.37758337904,0.019584520669598832,0.018623066633995333,0.019547360380650674
-88433.93792591708,0.019596409016460654,0.018631843767119023,0.01955993404041017
-88211.0613945024,0.019608304164319378,0.018640619423815404,0.01957247601127701
-87988.7465699114,0.019620206113966643,0.018649393591114026,0.019584986373115416
-87766.99203649763,0.019632114865910596,0.018658166256034715,0.019597465205588315
-87545.79638217966,0.019644030420378013,0.018666937405587742,0.01960991258815802
-87325.15819843799,0.01965595277731592,0.018675707026773628,0.0196223286000864
-87105.07608030134,0.019667881936393707,0.018684475106583515,0.01963471332043565
-86885.5486263399,0.019679817897004893,0.01869324163199907,0.019647066828068684
-86666.57443865621,0.019691760658269074,0.018702006589992617,0.019659389201649637
-86448.15212287511,0.019703710219033735,0.018710769967527234,0.01967168051964443
-86230.28028813541,0.01971566657787622,0.01871953175155687,0.01968394086032124
-86012.95754708206,0.01972762973349808,0.01872829192902632,0.01969617030175095
-85796.18251585601,0.019739599690076975,0.018737050486871402,0.019708368921807703
-85579.95381408601,0.01975157645584407,0.018745807412019012,0.019720536798169385
-85364.27006488063,0.01976356003880219,0.01875456269138715,0.019732674008318043
-85149.12989481646,0.019775550446617933,0.018763316311885155,0.019744780629540586
-84934.53193393275,0.019787547686623552,0.018772068260413634,0.019756856738929057
-84720.47481572213,0.019799551765819243,0.01878081852386459,0.019768902413381167
-84506.95717712013,0.01981156269087533,0.018789567089121537,0.019780917729600892
-84293.97765849814,0.019823580468134278,0.018798313943059555,0.01979290276409885
-84081.53490365318,0.019835605103613037,0.01880705907254545,0.019804857593192896
-83869.62755980098,0.01984763660300489,0.01881580246443773,0.019816782293008504
-83658.254277567,0.019859674971681764,0.018824544105586725,0.01982867693947926
-83447.41371097656,0.01987172021469621,0.01883328398283474,0.01984054160834745
-83237.1045174491,0.019883772336783553,0.018842022083016,0.01985237637516434
-83027.32535778442,0.01989583134236406,0.018850758392956968,0.019864181315290982
-82818.07489616053,0.019907897235544775,0.01885949289947614,0.01987595650389833
-82609.35180011994,0.019919970020121823,0.018868225589384408,0.019887702015967998
-82401.1547405648,0.019932049699582267,0.018876956449484943,0.019899417926292552
-82193.48239174738,0.019944136277106263,0.01888568546657335,0.01991110430947603
-81986.33343125823,0.019956229755569176,0.018894412627437872,0.01992276123993461
-81779.70654002369,0.019968330137543375,0.018903137918859274,0.019934388791896768
-81573.6004022934,0.019980437425300406,0.01891186132761108,0.01994598703940395
-81368.01370563266,0.019992551620812996,0.018920582840459624,0.019957556056311034
-81162.94514091607,0.020004672725756924,0.018929302444164055,0.019969095916286667
-80958.39340231493,0.020016800741513265,0.018938020125476632,0.019980606692813978
-80754.35718729364,0.020028935669170047,0.018946735871142602,0.019992088459190788
-80550.83519659872,0.020041077509524455,0.018955449667900387,0.020003541288530217
-80347.82613425082,0.020053226263084676,0.018964161502481647,0.02001496525376115
-80145.32870753748,0.020065381930071916,0.018972871361611434,0.020026360427628617
-79943.3416270045,0.02007754451042225,0.018981579232008144,0.02003772688269431
-79741.86360644527,0.020089714003788735,0.018990285100383822,0.020049699502173203
-79540.89336289723,0.020101890409543105,0.018998988953444058,0.02006271321719563
-79340.42961663006,0.020114073726777842,0.01900769077788815,0.02007569413427167
-79140.47109113856,0.02012626395430804,0.019016390560409217,0.020088642336060697
-78941.01651313581,0.020138461090673222,0.01902508828769427,0.020101557905013695
-78742.06461254222,0.02015066513418357,0.019033783946424316,0.02011444092337395
-78543.61412248039,0.020162876086591154,0.01904247752327444,0.0201272914731774
-78345.66377926491,0.020175093955834167,0.0190511690049139,0.020140109636253276
-78148.21232239644,0.020187318750163524,0.019059858378006198,0.020152895494224502
-77951.25849455177,0.02019955047748662,0.019068545629209226,0.020165649128508344
-77754.80104157509,0.02021178914536957,0.019077230745175377,0.020178370620316948
-77558.83871247336,0.020224034761039265,0.019085913712551528,0.02019106005065767
-77363.3702594059,0.020236287331385685,0.019094594517979208,0.020203717500333725
-77168.39443767596,0.02024854686296407,0.019103273148094756,0.020216343049944754
-76973.91000572543,0.020260813361997032,0.01911194958952925,0.020228936779887154
-76779.91572512354,0.020273086834376817,0.019120623828908792,0.020241498770354808
-76586.41036056147,0.020285367285667388,0.01912929585285447,0.02025402910133945
-76393.39267984398,0.02029765472110654,0.019137965647982483,0.020266527852631187
-76200.8614538804,0.020309949145608155,0.019146633200904314,0.020278995103819093
-76008.81545667928,0.020322250563764136,0.019155298498226673,0.020291430934291553
-75817.25346533665,0.020334558979846772,0.0191639615265518,0.020303835423237028
-75626.17426003251,0.020346874397810633,0.019172622272477378,0.020316208649644275
-75435.57662402058,0.020359196821294754,0.019181280722596693,0.02032855069230301
-75245.45934362062,0.02037152625362468,0.01918993686349879,0.020340861629804422
-75055.8212082126,0.020383862697814562,0.019198590681768442,0.020353141540541526
-74866.66101022514,0.020396206156569337,0.019207242163986452,0.020365390502709926
-74677.97754513189,0.020408556632286582,0.019215891296729546,0.02037760859430805
-74489.76961144255,0.02042091412705866,0.01922453806657055,0.020389795893137722
-74302.0360106942,0.020433278642674763,0.019233182460078508,0.02040195247680474
-74114.7755474441,0.020445650180622988,0.019241824463818783,0.020414078422719324
-73927.98702926342,0.020458028742092228,0.019250464064353098,0.020426173808096526
-73741.66926672707,0.02047041432797437,0.019259101248239752,0.020438238709956907
-73555.82107340862,0.020482806938866074,0.0192677360020336,0.020450273205126837
-73370.44126587134,0.020495206575070934,0.019276368312286202,0.020462277370239097
-73185.52866366183,0.020507613236601382,0.01928499816554591,0.020474251281733285
-73001.08208930121,0.020520026923180675,0.019293625548357972,0.020486195015856377
-72817.10036827746,0.020532447634244957,0.01930225044726472,0.020498108648663246
-72633.58232903898,0.020544875368945035,0.019310872848805564,0.020509992256017053
-72450.52680298794,0.02055731012614843,0.01931949273951703,0.02052184591358969
-72267.93262447046,0.02056975190444133,0.019328110105933063,0.020533669696862423
-72085.79863077145,0.020582200702130442,0.019336724934584947,0.020545463681126207
-71904.12366210423,0.020594656517827187,0.019345337212001597,0.020557227941482382
-71722.90656160688,0.020607119356341824,0.019353946924709448,0.02056896255284289
-71542.14617533275,0.020619589226212452,0.019362554059232658,0.020580667589930893
-71361.84135224283,0.02063206613568879,0.019371158602093257,0.020592343127281275
-71181.99094420062,0.020644550092671337,0.019379760539811112,0.02060398923924097
-71002.59380596015,0.02065704110471377,0.019388359858904306,0.020615944543662265
-70823.64879516451,0.020669539179024952,0.019396956545888897,0.020629331733235428
-70645.15477233546,0.020682044322471296,0.019405550587279195,0.020642685183609177
-70467.11060086518,0.020694556541579007,0.019414141969587944,0.020656004979815127
-70289.5151470123,0.02070707584253621,0.019422730679326216,0.02066929120667046
-70112.3672798903,0.020719602231195303,0.019431316703003784,0.020682543948778772
-69935.66587146543,0.02073213571307493,0.019439900027128934,0.020695763290530248
-69759.40979654474,0.02074467629336235,0.01944848063820886,0.020708949316102537
-69583.59793277275,0.02075722397691552,0.01945705852274949,0.020722102109461023
-69408.22916062197,0.02076977876826521,0.019465633667255754,0.020735221754359514
-69233.3023633853,0.020782340671617376,0.019474206058231795,0.020748308334340826
-69058.81642717146,0.020794909690855037,0.01948277568218079,0.020761361932737116
-68884.7702408961,0.020807485829540524,0.019491342525605273,0.020774382632670545
-68711.16269627541,0.02082006909091761,0.019499906575007154,0.02078737051705377
-68537.99268781759,0.020832659477913643,0.019508467816887892,0.020800325668590566
-68365.25911281856,0.02084525699314155,0.019517026237748515,0.02081324816977616
-68192.96087135159,0.0208578616389021,0.019525581824089817,0.02082613810289799
-68021.09686626331,0.020870473417185818,0.019534134562412396,0.020838995550036026
-67849.66600316524,0.020883092329675123,0.019542684439216775,0.020851820593063383
-67678.66719042665,0.02089571837774643,0.01955123144100355,0.02086461331364687
-67508.09933916922,0.020908351562472127,0.01955977555427341,0.02087737379324738
-67337.96136325678,0.02092099188462276,0.019568316765527383,0.02089010211312066
-67168.25217929184,0.02093363934466894,0.01957685506126685,0.020902798354317572
-66998.97070660754,0.020946293942783353,0.019585390427993617,0.0209154625976847
-66830.11586726033,0.020958955678842903,0.01959392285221011,0.02092809492386488
-66661.68658602332,0.02097162455243059,0.019602452320419465,0.02094069541329773
-66493.68179037828,0.020984300562837704,0.01961097881912563,0.020953264146220216
-66326.10041051233,0.020996983709065522,0.0196195023348334,0.0209658012026669
-66158.9413793069,0.02100967398982757,0.019628022854048688,0.020978306662470803
-65992.20363233412,0.021022371403551385,0.019636540363278433,0.02099078060526363
-65825.88610784797,0.021035075948380617,0.01964505484903091,0.021003223110476466
-65659.98774677813,0.02104778762303347,0.019653566297815728,0.02101563425734021
-65494.50749272392,0.021060506433029196,0.019662074696143922,0.021028014124886054
-65329.44429194664,0.021073232387056603,0.01967058003052817,0.021040362791946026
-65164.79709336441,0.021085965493472136,0.019679082287482694,0.021052680337153407
-65000.56484854362,0.021098705760276566,0.01968758145352367,0.021064966838943353
-64836.74651169126,0.021111453195117525,0.01969607751516914,0.021077222375553466
-64673.34103965316,0.021124207805291416,0.019704570458939096,0.02108944702502394
-64510.34739190173,0.021136969597745994,0.019713060271355748,0.02110164086519846
-64347.76453053353,0.021149738579082502,0.019721546938943454,0.021113803973724404
-64185.5914202592,0.02116251475555795,0.019730030448229015,0.02112593642805358
-64023.82702839983,0.021175298133087384,0.019738510785741653,0.021138038305442506
-63862.470324878646,0.021188088717246062,0.019746987938013157,0.02115010968295303
-63701.520282214995,0.021200886513271733,0.01975546189157803,0.02116215063745278
-63540.97587551725,0.02121369152606681,0.019763932632973588,0.021174161245615688
-63380.836082478294,0.0212265037602006,0.01977240014873998,0.021186141583922343
-63221.099883366325,0.021239323219911448,0.019780864425420472,0.02119873044021944
-63061.766261018754,0.021252149909109064,0.019789325449561464,0.02121245483040073
-62902.83420083796,0.02126498383137652,0.01979778320771256,0.021226144631549412
-62744.302690783334,0.02127782498997248,0.019806237686426725,0.021239799930838806
-62586.170721363334,0.021290673387833407,0.019814688872260493,0.021253420815222652
-62428.43728563309,0.021303529027575572,0.01982313675177383,0.02126700737143535
-62271.10137918275,0.021316391911497423,0.019831581311530597,0.02128055968599292
-62114.162000135686,0.02132926204158146,0.019840022538098346,0.021294077845193195
-61957.61814913932,0.021342139419496472,0.01984846041804863,0.021307561935116598
-61801.46882936087,0.021355024046599596,0.01985689493795696,0.021321012041626494
-61645.71304647849,0.02136791592393846,0.019865326084403098,0.021334428250369977
-61490.349808677,0.02138081505225332,0.019873753843971054,0.02134781064677822
-61335.37812664054,0.021393721431978943,0.019882178203249234,0.021361159316067115
-61180.79701354682,0.021406635063246877,0.01989059914883055,0.021374474343237766
-61026.60548506096,0.021419555945887347,0.01989901666731247,0.021387755813077027
-60872.80255932791,0.021432484079431442,0.019907430745297328,0.021401003810158147
-60719.387256967835,0.021445419463113086,0.01991584136939216,0.021414218418841162
-60566.358601069136,0.021458362095871052,0.01992424852620909,0.02142739972327351
-60413.71561718169,0.021471311976350993,0.019932652202365262,0.021440547807390607
-60261.4573333123,0.021484269102907468,0.019941052384483016,0.02145366275491624
-60109.58277991676,0.02149723347360588,0.01994944905918998,0.021466744649363243
-59958.09098989436,0.021510205086542056,0.019957842213119283,0.021479793574033984
-59806.980998581465,0.02152318394548495,0.019966231832909565,0.021492809612020904
-59656.25184374665,0.021536170059180567,0.019974617905205053,0.021505792846206948
-59505.90256558276,0.021549163436197158,0.019983000416655836,0.02151874335926624
-59355.93220670232,0.02156216408474005,0.01999137935391783,0.021531661233664484
-59206.339812129016,0.021575172012653986,0.019999754703653037,0.0215445465516597
-59057.12442929522,0.02158818722742536,0.020008126452529505,0.02155739939530242
-58908.28510803287,0.02160120973618465,0.020016494587221552,0.0215702198464365
-58759.82090056947,0.021614239545708683,0.020024859094409857,0.021583007986699446
-58611.730861520504,0.021627276662422895,0.020033219960781532,0.021595763897523067
-58464.01404788479,0.021640321092403728,0.020041577173030276,0.021608487660133895
-58316.66951903632,0.021653372841380917,0.020049930717856587,0.021621179355553858
-58169.69633672114,0.021666431914739548,0.020058280581967694,0.021633839064600573
-58023.093565049174,0.02167949831752259,0.020066626752077762,0.021646466867888042
-57876.86027048927,0.021692572054432962,0.020074969214908065,0.02165906284582707
-57730.995521863464,0.02170565312983583,0.020083307957186967,0.021671627078625782
-57585.49839033963,0.02171874154776091,0.020091642965650247,0.021684159646290224
-57440.36794942689,0.021731837311904558,0.020099974227040976,0.021696660628624787
-57295.60327497045,0.021744940425632023,0.02010830172810977,0.021709130105232642
-57151.20344514243,0.021758050891979738,0.020116625455614975,0.02172156815551652
-57007.167540441274,0.021771168713657304,0.020124945396322508,0.02173397485867878
-56863.4946436792,0.021784293893049984,0.020133261537006394,0.021746350293722475
-56720.18383998254,0.02179742643222053,0.020141573864448477,0.021758694539451333
-56577.23421678258,0.021810566332911577,0.0201498823654388,0.02177100767447054
-56434.64486381034,0.02182371359654765,0.020158187026775586,0.02178328977718719
-56292.414873092035,0.021836868224237378,0.02016648783526541,0.02179675797848501
-56150.54333894023,0.021850030216775736,0.020174784777723356,0.02181083026346246
-56009.02935795165,0.02186319957464584,0.020183077840973042,0.021824867082621924
-55867.872028999,0.021876376298021413,0.020191367011846838,0.02183886852534652
-55727.07045322667,0.021889560386768626,0.020199652277185863,0.02185283468079404
-55586.6237340446,0.021902751840448327,0.020207933623840192,0.02186676563789755
-55446.53097712102,0.02191595065831814,0.020216211038669017,0.021880661485366118
-55306.791290379355,0.021929156839334406,0.020224484508540627,0.02189452231168512
-55167.403783990594,0.02194237038215434,0.020232754020332647,0.02190834820511699
-55028.36757036933,0.02195559128513805,0.020241019560932074,0.021922139253701622
-54889.68176416585,0.021968819546350608,0.020249281117235455,0.021935895545257152
-54751.34548226305,0.02198205516356404,0.020257538676148972,0.021949617167380264
-54613.3578437679,0.02199529813632793,0.020265792224588595,0.021963304207447028
-54475.71797000901,0.022008548471950003,0.020274041749480134,0.021976956752613155
-54338.42498452808,0.022021806179346414,0.020282287237759454,0.02199057488981484
-54201.47801307715,0.022035071267061127,0.0202905286763725,0.022004158705769022
-54064.876183610984,0.02204834374326841,0.020298766052275416,0.02201770828697417
-53928.61862628125,0.022061623615775183,0.020306999352434803,0.022031223719710828
-53792.704473432874,0.022074910892023392,0.020315228563827677,0.022044705090041992
-53657.13285959734,0.02208820557909237,0.020323453673441624,0.022058152483813778
-53521.90292148745,0.022101507683701203,0.02033167466827499,0.022071565986655925
-53387.01379799191,0.022114817212211105,0.020339891535336864,0.02208494568398236
-53252.464630167924,0.02212813417062787,0.02034810426164747,0.022098291660991896
-53118.254561239715,0.02214145856460396,0.020356312834237875,0.022111604002668414
-52984.382736589985,0.022154790399440936,0.020364517240150468,0.022124882793781695
-52850.8483037544,0.02216812968009188,0.02037271746643892,0.022138128118887955
-52717.65041241915,0.022181476411163453,0.020380913500168223,0.022151340062330105
-52584.78821441119,0.02219483059691853,0.020389105328415084,0.02216451870823872
-52452.26086369583,0.022208192241278124,0.020397292938267798,0.022177664140532256
-52320.067516371164,0.022221561347823788,0.020405476316826363,0.022190776442917632
-52188.20733066173,0.022234937919800003,0.02041365545120278,0.022203855698890836
-52056.679466914225,0.02224832196011614,0.020421830328520928,0.02221690199173736
-51925.48308759016,0.02226171347134905,0.020430000935917007,0.022229915404532927
-51794.61735726252,0.02227511245574499,0.020438167260539333,0.022242896020143822
-51664.08144260995,0.022288518915222016,0.020446329289548645,0.02225584392122747
-51533.8745124116,0.02230193285137199,0.02045448701011813,0.022268759190232947
-51403.99573754068,0.02231535426546303,0.02046264040943362,0.022281641909401614
-51274.44429096019,0.022328783158441636,0.020470789474693687,0.022294492160767548
-51145.219347718376,0.02234221953093463,0.020478934193109682,0.02230731002615799
-51016.32008494138,0.0223556633832516,0.020487074551905966,0.022320095587194076
-50887.74568182987,0.02236911471538691,0.020495210538320017,0.022332848925291165
-50759.495319652975,0.022382573527021908,0.020503342139602424,0.022345570121659445
-50631.56818174399,0.02239603981752699,0.0205114693430171,0.022358259257304364
-50503.963453492426,0.022409513585963905,0.020519592135841508,0.022370916413027405
-50376.68032234252,0.022422994831087582,0.02052771050536658,0.022383541669426243
-50249.717977786495,0.022436483551348422,0.02053582443889687,0.022396398847037022
-50123.07561135816,0.02244997974489446,0.02054393392375083,0.022410806718481793
-49996.75241663016,0.02246348340957316,0.02055203894726073,0.02242517827834335
-49870.747589205734,0.022476994542941504,0.020560139496772944,0.022439513618136443
-49745.06032671691,0.022490513145404293,0.020568235559647933,0.02245381282914502
-49619.68982881745,0.02250403922506664,0.020576327123260445,0.022468076002423013
-49494.63529717858,0.0225175727909242,0.020584414174999583,0.022482303228794832
-49369.89593548293,0.022531113851594602,0.020592496702268953,0.022496494598856057
-49245.4709494199,0.022544662415319928,0.020600574692486832,0.022510650202973957
-49121.35954668172,0.02255821848996905,0.02060864813308614,0.022524770131287945
-48997.56093695646,0.022571782083040195,0.020616717011514706,0.02253885447371037
-48874.0743319243,0.022585353201663216,0.020624781315235333,0.022552903319926945
-48750.898945252695,0.022598931852602068,0.02063284103172584,0.022566916759397287
-48628.03399259028,0.022612518042257227,0.02064089614847932,0.022580894881355625
-48505.47869156226,0.022626111776667998,0.020648946653004166,0.02259483777481132
-48383.23226176614,0.0226397130615149,0.020656992532824218,0.022608745528549332
-48261.293924766265,0.022653321902122037,0.020665033775478823,0.02262261823113088
-48139.6629040889,0.022666938303459404,0.020673070368522995,0.022636455970893955
-48018.33842521647,0.02268056227014534,0.020681102299527628,0.022650258835954024
-47897.319715584454,0.022694193806448697,0.020689129556079416,0.022664026914204338
-47776.60600457411,0.022707832916291262,0.020697152125781177,0.02267776029331679
-47656.19652350972,0.02272147960325,0.020705169996251774,0.022691459060742214
-47536.09050565399,0.02273513387055927,0.020713183155126273,0.02270512330371092
-47416.28718619861,0.02274879572111347,0.020721191590056358,0.022718753109233755
-47296.785802266684,0.022762465157468752,0.02072919528870988,0.022732348564101838
-47177.58559290114,0.02277614218184575,0.020737194238771548,0.022745909754887866
-47058.68579906381,0.022789826796131583,0.02074518842794267,0.02275943676794623
-46940.08566362995,0.02280351900188218,0.020753177843941383,0.02277292968941363
-46821.78443138243,0.022817218800324453,0.02076116247450279,0.022786388605209748
-46703.781349006844,0.02283092619235868,0.020769142307379102,0.022799813601037795
-46586.07566508878,0.02284464117856045,0.02077711733033964,0.022813204762384815
-46468.66663010616,0.022858363759183112,0.02078508753117109,0.02282656217452257
-46351.55349642627,0.022872093934159794,0.02079305289767756,0.02283988592250788
-46234.73551830197,0.022885831703105597,0.020801013417680553,0.022853176091183033
-46118.21195186356,0.022899577065319955,0.02080896907901938,0.02286643276517673
-46001.98205511722,0.022913330019788566,0.02081691986955101,0.02287965602890426
-45886.04508793921,0.022927090565185538,0.020824865777150328,0.022892845966568154
-45770.400312070655,0.022940858699875773,0.02083280678971017,0.022906002662158774
-45655.04699111363,0.022954634421916777,0.02084074289514149,0.022919126199454777
-45539.984390525344,0.02296841772906112,0.02084867408137353,0.022932216662023754
-45425.21177761536,0.022982208618758188,0.020856600336353736,0.022945274133222567
-45310.72842153954,0.02299600709012944,0.02086452164804803,0.02295829869619802
-45196.53359329512,0.023009813150439665,0.02087243800444098,0.022971290433887435
-45082.62656571708,0.023023626808853545,0.02088034939353573,0.022984249429019044
-44969.00661347233,0.023037448074152044,0.02088825580335428,0.022997175764112678
-44855.67301305729,0.023051276954734454,0.020896157221937463,0.02301006952148002
-44742.6250427899,0.023065113458621164,0.02090405363734519,0.023024053886989047
-44629.861982808776,0.023078957593456004,0.020911945037656407,0.023038870371676543
-44517.38311506553,0.02309280936650868,0.02091983141096941,0.023053649514969243
-44405.18772332174,0.023106668784677285,0.020927712745401773,0.02306839141097719
-44293.27509314407,0.023120535854490577,0.02093558902909057,0.023083096153573235
-44181.64451190028,0.023134410582110555,0.020943460250192416,0.02309776383639358
-44070.29526875315,0.02314829297333474,0.02095132639688365,0.023112394552838575
-43959.22665465833,0.023162183033598596,0.02095918745736034,0.023126988396072988
-43848.4379623564,0.023176080767978016,0.020967043419838637,0.02314154545902706
-43737.92848637228,0.02318998618119152,0.02097489427255454,0.023156065834396583
-43627.697523008486,0.023203899277602625,0.02098274000376422,0.023170549614643775
-43517.744370340595,0.02321782006122239,0.020990580601744167,0.023184996891997885
-43408.06832821353,0.023231748535711517,0.020998416054791143,0.023199407758455685
-43298.66869823642,0.0232456847043828,0.021006246351222467,0.02321378230578213
-43189.5447837789,0.023259628570203476,0.02101407147937597,0.02322812062551086
-43080.695889965966,0.023273580135797427,0.02102189142761023,0.02324242280894487
-42972.121323673964,0.023287539403447483,0.021029706184304584,0.02325668894715703
-42863.820393526636,0.02330150637509775,0.021037515737859266,0.02327091913099062
-42755.79240988996,0.02331548105235583,0.021045320076695555,0.02328511345105999
-42648.036684866616,0.023329463436495286,0.021053119189255946,0.023299271997751305
-42540.55253229509,0.023343453528457563,0.021060913064004,0.02331339486122265
-42433.33926774145,0.023357451328854428,0.021068701689424815,0.023327482131405113
-42326.39620849841,0.023371456837970178,0.02107648505402474,0.023341533898002913
-42219.72267357767,0.023385470055763857,0.021084263146331887,0.0233555502504944
-42113.31798370756,0.0233994909818715,0.021092035954895966,0.02336953127813237
-42007.181461329295,0.023413519615608214,0.02109980346828846,0.023383477069944553
-41901.31243059062,0.023427555955970472,0.021107565675102757,0.023397387714734454
-41795.710217343316,0.02344160000163828,0.02111532256395425,0.023411263301081668
-41690.37414913778,0.023455651750977316,0.021123074123480457,0.02342510391734261
-41585.303555218976,0.02346971120204117,0.0211308203423411,0.023438909651651033
-41480.49776652315,0.023483778352573335,0.021138561209218205,0.023452680591918462
-41375.956115672285,0.023497853200009477,0.021146296712816228,0.02346641682583493
-41271.677936969856,0.02351193574168973,0.021154026841862253,0.023480118440869526
-41167.66256639808,0.02352602598055323,0.021161751585105876,0.023493785524270762
-41063.90934161151,0.02354012392576807,0.021169470931319552,0.023507418163067423
-40960.41760193486,0.02355422958645646,0.021177184869298538,0.023521016444068822
-40857.186688357884,0.023568342971349323,0.021184893387861038,0.02353458045386552
-40754.21594353076,0.02358246408878862,0.021192596475848393,0.023548110278829887
-40651.504711760725,0.023596592946729954,0.021200294122125065,0.023561606005116573
-40549.0523390069,0.02361072955274511,0.021207986315578818,0.02357506771866318
-40446.85817287786,0.023624873914024486,0.02121567304512077,0.023588495505190574
-40344.9215626255,0.02363902603737952,0.021223354299685557,0.0236018894502037
-40243.24185914173,0.023653185929245434,0.02123103006823144,0.02361524963899202
-40141.81841495504,0.023667353595683397,0.02123870033974028,0.023628576156629947
-40040.65058422571,0.0236815290423831,0.021246365103217812,0.023641869087977496
-39939.73772274083,0.02369571227466537,0.021254024347693683,0.023655128517680913
-39839.07918791134,0.023709903297484323,0.021261678062221536,0.02367007415419066
-39738.67433876861,0.02372410211542988,0.021269326235879054,0.023685232143499695
-39638.52253595805,0.023738308732730338,0.021276968857768253,0.023700351930733523
-39538.62314173791,0.023752523153254487,0.021284605917015365,0.023715433612171193
-39438.975519971915,0.023766745380514355,0.021292237402771117,0.023730477283849364
-39339.57903612869,0.023780975417667202,0.021299863304210683,0.023745483041562414
-39240.43305727504,0.023795213267518215,0.021307483610533914,0.02376045098086344
-39141.536952073795,0.023809458932522592,0.021315098310965327,0.0237753811970646
-39042.89009077772,0.02382371241478814,0.021322707394754347,0.023790273785238007
-38944.4918452277,0.023837973716077442,0.02133031085117523,0.023805128840216024
-38846.34158884689,0.023852242837810244,0.021337908669527346,0.023819946456592144
-38748.43869663864,0.023866519781065767,0.02134550083913508,0.0238347267287213
-38650.78254518068,0.023880804546584908,0.021353087349348147,0.023849469750720734
-38553.372512622635,0.023895097134772697,0.02136066818954151,0.02386417561647039
-38456.20797867999,0.023909397545700567,0.021368243349115596,0.023878844419613812
-38359.28832463281,0.023923705779108493,0.021375812817496374,0.023893476253558348
-38262.61293332059,0.023938021834407255,0.021383376584135326,0.02390807121147591
-38166.18118913645,0.02395234571068095,0.02139093463850984,0.023922629386303868
-38069.99247802771,0.02396667740668879,0.021398486970122876,0.023937150870744956
-37974.0461874871,0.023981016920867782,0.02140603356850351,0.0239516357572686
-37878.3417065515,0.023995364251334715,0.021413574423206756,0.023966084138111104
-37782.87842579797,0.024009719395888304,0.021421109523813733,0.02398049610527626
-37687.65573733951,0.024024082352011568,0.02142863885993175,0.02399487175053597
-37592.673034821055,0.02403845311687387,0.02143616242119443,0.024009211165430876
-37497.92971341552,0.024052831687794686,0.0214436801972618,0.02402351444127093
-37403.42516982017,0.02406721806894604,0.02145119217782039,0.024037781669135963
-37309.15880225259,0.024081612269795497,0.021458698352583277,0.02405201293987628
-37215.13001044769,0.024096014299564664,0.021466198711290258,0.02406620834411312
-37121.3381956525,0.024110424167075845,0.021473693243707872,0.02408036797223944
-37027.782760623704,0.024124841880754335,0.021481181939629532,0.024094491914420285
-36934.463109622186,0.02413926744863137,0.021488664788875705,0.024108580260593614
-36841.37864841117,0.024153700878346326,0.021496141781293773,0.02412263310047058
-36748.52878425105,0.02416814217714954,0.021503612906758403,0.02413665052353631
-36655.91292589694,0.02418259135190463,0.021511078155171337,0.02415063261905027
-36563.53048359286,0.024197048409091333,0.02151853751646185,0.02416457947604716
-36471.38086906935,0.024211513354807822,0.021525990980586537,0.024178491183337248
-36379.46349554002,0.024225986194773157,0.021533438537529533,0.02419236782950691
-36287.77777769738,0.024240466934330015,0.021540880177302577,0.024206209502919258
-36196.323131708814,0.024254955578446907,0.02154831588994509,0.024220016291714743
-36105.09897521321,0.024269452131720867,0.021555745665524338,0.02423378828381166
-36014.10472731674,0.024283956598379928,0.02156316949413548,0.024247525566906798
-35923.339808590375,0.02429846898228538,0.021570587365901558,0.0242612282284758
-35832.803641064726,0.024312989286934383,0.021577999270973765,0.024274896355773953
-35742.49564822727,0.024327517515462346,0.02158540519953144,0.024288530035836604
-35652.415255019005,0.024342053670645306,0.02159280514178206,0.024302129355479655
-35562.56188782867,0.024356597754902544,0.021600199087961618,0.024315694401300457
-35472.93497449211,0.024371149770298587,0.021607587028334405,0.02433100265775521
-35383.53394428679,0.02438570971854602,0.02161496895319319,0.02434658599980416
-35294.35822792875,0.024400277601007565,0.021622344852859382,0.024362130067778275
-35205.40725756832,0.024414853418698586,0.0216297147176831,0.024377634960658475
-35116.68046678647,0.024429437172289518,0.02163707853804321,0.02439310077717629
-35028.17729059328,0.02444402886210793,0.021644436304347404,0.024408527615814163
-34939.89716542122,0.024458628488141176,0.021651788007032324,0.024423915574806592
-34851.83952912396,0.0244732360500385,0.021659133636563667,0.024439264752140352
-34764.00382097202,0.024487851547113453,0.021666473183436175,0.02445457524555525
-34676.38948164831,0.02450247497834617,0.02167380663817386,0.024469847152544896
-34588.995953245576,0.02451710634238569,0.02168113399132999,0.02448508057035716
-34501.82267926341,0.024531745637552144,0.02168845523348716,0.024500275595994686
-34414.86910460306,0.02454639286183914,0.021695770355257472,0.024515432326215794
-34328.13467556527,0.024561048012915858,0.02170307934728245,0.024530550857534864
-34241.618839846014,0.024575711088129518,0.02171038220023335,0.02454563128622308
-34155.321046533165,0.024590382084507503,0.021717678904811098,0.02456067370830899
-34069.24074610341,0.024605060998884144,0.0217249694517463,0.02457567821957908
-33983.377390417685,0.024619747833295524,0.021732253831799563,0.02459064491557854
-33897.73043271935,0.02463444259701588,0.021739532035761303,0.02460557389161159
-33812.29932762929,0.02464914529946751,0.02174680405445202,0.024620465242742338
-33727.08353114197,0.024663855949665386,0.021754069878722325,0.02463531906379547
-33642.08250062421,0.024678574556219544,0.021761329499452982,0.024650135449356462
-33557.29569480997,0.02469330112733772,0.021768582907555022,0.02466491449377247
-33472.72257379732,0.024708035670828164,0.021775830093969772,0.024679656291152888
-33388.362599044805,0.02472277819410209,0.021783071049669055,0.024694360935369964
-33304.21523336864,0.024737528704176465,0.021790305765655105,0.02470902852005929
-33220.27994093816,0.024752287207676364,0.021797534232960807,0.02472365913862061
-33136.556187274335,0.02476705371083764,0.021804756442649623,0.02473825288421805
-33053.043439243884,0.024781828219509597,0.021811972385815764,0.024752809849781173
-32969.741165058134,0.024796610739157333,0.021819182053584296,0.024767330128005156
-32886.6488342681,0.024811401274864493,0.021826385437111063,0.024781813811351666
-32803.76591776144,0.024826199831335688,0.02183358252758296,0.02479626099204938
-32721.091887760314,0.024841006412899026,0.021840773316217848,0.024810671762094356
-32638.626217816214,0.024855821023508577,0.021847957794264693,0.02482504621325094
-32556.368382807494,0.024870643666746926,0.02185513595300368,0.024839384437052203
-32474.317858935738,0.02488547434582777,0.021862307783746236,0.02485368652480055
-32392.474123723594,0.024900313063598075,0.021869473277835057,0.024867952567568127
-32310.836656009615,0.024915159822540802,0.02187663242664428,0.024882182656197703
-32229.404935946102,0.0249300146247773,0.02188378522157951,0.02489637688130305
-32148.178444995156,0.02494487747206978,0.021890931654077905,0.024910535333269628
-32067.156665926814,0.02495974836582348,0.02189807171560818,0.024924658102254915
-31986.339082812985,0.024974627307089537,0.021905205397670845,0.024938745278189466
-31905.725181027123,0.024989514296566977,0.021912332691798028,0.024952796950776956
-31825.314447239645,0.02500440933460532,0.021919453589553772,0.024966813209495002
-31745.10636941368,0.025019312421206967,0.02192656808253402,0.024980794143595875
-31665.100436804125,0.025034223556029297,0.021933676162366602,0.024994739842106695
-31585.29613995218,0.025049142738387622,0.02194077782071148,0.0250090004333639
-31505.692970683194,0.025064069967256825,0.021947873049260616,0.025024986081266208
-31426.290422103313,0.02507900524127421,0.02195496183973826,0.025040931441178388
-31347.087988596733,0.02509394855874152,0.02196204418390074,0.025056836614636542
-31268.085165820816,0.025108899917627565,0.021969120073536876,0.025072701702921116
-31189.28145070488,0.025123859315570176,0.021976189500467695,0.025088526807057115
-31110.676341445906,0.025138826749878804,0.02198325245654672,0.02510431202781498
-31032.269337505204,0.0251538022175366,0.021990308933660056,0.02512005746571125
-30954.059939606257,0.025168785715202778,0.02199735892372619,0.025135763221009
-30876.047649730153,0.025183777240460205,0.02200440241869643,0.025151429393718762
-30798.231971113764,0.0251987767995282,0.02201143941055466,0.025167056083598878
-30720.61240824484,0.02521378440216801,0.022018469891317633,0.025182643390156495
-30643.188466861415,0.025228800057742175,0.022025493853034754,0.02519819141264769
-30565.959653946313,0.02524382377520012,0.02203251128778845,0.02521370025007855
-30488.925477725003,0.02525885556308049,0.02203952218769408,0.025229170001205635
-30412.08544766195,0.025273895429514234,0.022046526544900028,0.02524460076453668
-30335.43907445908,0.025288943382226772,0.0220535243515876,0.025259992638330925
-30258.98587005028,0.0253039994285412,0.022060515599971468,0.025275345720600206
-30182.7253475999,0.025319063575380517,0.022067500282299302,0.02529066010910927
-30106.657021499665,0.025334135829270306,0.02207447839085208,0.025305935901376374
-30030.780407364422,0.02534921619634167,0.02208144991794418,0.025321173194674168
-29955.095022030626,0.025364304682333378,0.022088414855923184,0.025336372086029967
-29879.600383551428,0.025379401292594795,0.022095373197170264,0.025351532672226763
-29804.296011195172,0.025394506032088354,0.022102324934100016,0.025366655049803514
-29729.181425442337,0.025409618905392024,0.022109270059160507,0.025381739315055756
-29654.256147980952,0.025424739916702063,0.022116208564833484,0.025396785564036538
-29579.51970170478,0.025439869069835492,0.0221231404436344,0.025411793892556774
-29504.97161070994,0.025455006368232478,0.022130065688112297,0.02542676439618592
-29430.6114002928,0.025470151814959027,0.02213698429085004,0.0254416971702524
-29356.438596945067,0.025485305412709443,0.022143896244464358,0.025456592309844615
-29282.452728351967,0.025500467163808858,0.022150801541605838,0.02547144990981126
-29208.6533233895,0.025515637070215664,0.022157700174958966,0.02548627006476192
-29135.039912120774,0.02553081513352401,0.02216459213724222,0.025501052869067783
-29061.612025793573,0.025546001354966298,0.022171477421208095,0.02551579841686213
-28988.369196836673,0.025561195735415487,0.022178356019643256,0.025530506802041088
-28915.310958856822,0.025576398275387817,0.022185227925368523,0.025545178118264223
-28842.43684663749,0.025591608975044988,0.022192093131238756,0.025559812458954796
-28769.7463961337,0.025606827834196648,0.022198951630143165,0.025574409917300797
-28697.23914447019,0.025622054852302824,0.02220580341500526,0.025588970586255325
-28624.914629937746,0.02563729002847637,0.022212648478782942,0.02560349455853731
-28552.772391991988,0.025652533361485267,0.022219486814468337,0.025617981926631773
-28480.811971247884,0.02566778484975494,0.02222631841508825,0.025632432782790905
-28409.03290947912,0.025683044491370835,0.022233143273703803,0.02564684721903422
-28337.434749613843,0.025698312284080548,0.022239961383410695,0.02566122532714939
-28266.017035732526,0.025713588225296242,0.02224677273733921,0.02567556719869268
-28194.779313063686,0.025728872312097095,0.022253577328654385,0.025689872924989813
-28123.72112798327,0.02574416454123142,0.022260375150555713,0.025704142597136083
-28052.84202800949,0.025759464909119092,0.022267166196277634,0.02571837630599741
-27982.14156180158,0.02577477341348758,0.022273950459089233,0.025734352030073297
-27911.61927915584,0.025790090061177995,0.02228072793229444,0.02575075789711485
-27841.27473100348,0.02580541486202634,0.02228749860923206,0.025767122417104694
-27771.107469406998,0.025820747825450897,0.022294262483275845,0.025783445694248237
-27701.117047558615,0.02583608896044991,0.022301019547834353,0.025799727832488073
-27631.303019775718,0.02585143827560459,0.022307769796351334,0.025815968935505047
-27561.664941499632,0.02586679577908148,0.02231451322230542,0.025832169106718532
-27492.202369291957,0.025882161478635597,0.022321249819210336,0.025848328449287288
-27422.914860831832,0.025897535381612852,0.02232797958061497,0.02586444706611011
-27353.80197491287,0.025912917494952826,0.022334702500103398,0.02588052505982651
-27284.863271440412,0.025928307825191437,0.022341418571294833,0.02589656253281739
-27216.098311430327,0.025943706378463466,0.02234812778784368,0.025912559587205296
-27147.50665700349,0.025959113160505483,0.022354830143439725,0.025928516324855714
-27079.087871384276,0.02597452817665825,0.022361525631808106,0.025944432847377425
-27010.841518899022,0.0259899514318694,0.022368214246709105,0.02596030925612285
-26942.767164971152,0.026005382930696114,0.022374895981938592,0.025976145652189187
-26874.864376119353,0.026020822677307674,0.02238157083132783,0.025991942136418852
-26807.132719955418,0.02603627067548791,0.022388238788743436,0.026007698809399953
-26739.57176518029,0.026051726928638132,0.02239489984808768,0.02602341577146723
-26672.18108158194,0.026067191439779282,0.022401554003298272,0.026039093122702552
-26604.960240032593,0.026082664211554887,0.022408201248348535,0.026054730962935545
-26537.90881248661,0.026098145246233093,0.022414841577247355,0.02607032939174409
-26471.026371976215,0.0261136345457098,0.02242147498403932,0.026085888508455328
-26404.31249261027,0.026129132111510682,0.022428101462804648,0.02610140841214594
-26337.766749570907,0.026144637944793964,0.02243472100765927,0.02611688920164292
-26271.38871911081,0.02616015204635275,0.02244133361275485,0.026132330975524216
-26205.17797855075,0.02617567441661764,0.022447939272278818,0.02614773383211931
-26139.134106276535,0.026191205055659188,0.022454537980454485,0.02616309786950992
-26073.25668173658,0.026206743963190202,0.02246112973154088,0.026178423185530552
-26007.545285439766,0.02622229113856833,0.022467714519832913,0.02619370987776903
-25941.99949895116,0.02623784658079869,0.022474292339661486,0.02620895804356746
-25876.61890489142,0.026253410288535752,0.022480863185393333,0.02622416778002239
-25811.403086932198,0.026268982260086268,0.022487427051431193,0.02623933918398587
-25746.351629795543,0.02628456249341143,0.022493983932213652,0.026254472352065586
-25681.46411924902,0.026300150986129284,0.022500533822215476,0.026269567380626007
-25616.74014210448,0.026315747735517304,0.02250707671594739,0.026284624365788666
-25552.179286215323,0.026331352738514325,0.022513612607956188,0.0262996434034328
-25487.78114047374,0.026346965991723433,0.02252014149282468,0.02631462458919597
-25423.545294807365,0.026362587491413864,0.022526663365171933,0.026329568018474886
-25359.471340178363,0.026378217233972996,0.022533178219653022,0.02634447378642557
-25295.558868579144,0.026393855223180367,0.0225396860509592,0.026359341987964382
-25231.80747303024,0.026409501468939358,0.022546186853817984,0.026374172717768502
-25168.21674757816,0.026425155980926943,0.022552680622992993,0.026388966070276437
-25104.786287292343,0.026440818768390027,0.022559167353284188,0.026403722139688727
-25041.515688263324,0.026456489840148353,0.022565647039527695,0.026418441019968365
-24978.404547598464,0.026472169204597253,0.022572119676595972,0.0264331228048418
-24915.452463421956,0.02648785686971033,0.022578585259397675,0.026447767587798935
-24852.659034869623,0.026503552843042507,0.02258504378287793,0.026462375462094324
-24790.02386208862,0.026519257131732386,0.022591495242018034,0.02647754916809666
-24727.546546232246,0.02653496974250548,0.022597939631835828,0.026494482000842597
-24665.226689460567,0.02655069068167642,0.022604376947385384,0.02651137215844622
-24603.063894936113,0.02656641995515204,0.022610807183757124,0.026528219748459883
-24541.05776682055,0.026582157568433955,0.02261723033607807,0.02654502487816516
-24479.207910274064,0.026597903526621267,0.02262364639951156,0.026561787654572986
-24417.513931451373,0.026613657834413208,0.022630055369257385,0.02657850818442477
-24355.97543750054,0.026629420496111934,0.022636457240551758,0.026595186574192693
-24294.592036558974,0.02664519151562494,0.02264285200866746,0.026611822930080797
-24233.363337751925,0.026660970896467948,0.022649239668913707,0.026628417358025402
-24172.288951189734,0.02667675864176748,0.022655620216636294,0.026644969963695843
-24111.368487965687,0.026692554754263322,0.022661993647217386,0.02666148085249505
-24050.601560152973,0.026708359236311315,0.022668359956075825,0.026677950129560386
-23989.98778080193,0.02672417208988599,0.022674719138667025,0.02669437789976437
-23929.526763939142,0.026739993316582816,0.022681071190482825,0.026710764267714942
-23869.21812456315,0.026755822917621176,0.022687416107051748,0.02672710933775662
-23809.06147864294,0.026771660893846652,0.022693753883938867,0.026743413213970908
-23749.0564431158,0.026787507245733744,0.02270008451674587,0.026759676000176875
-23689.20263588397,0.02680336197338819,0.022706408001111008,0.02677589779993207
-23629.499675812174,0.0268192250765499,0.022712724332709308,0.026792078716533173
-23569.947182727672,0.026835096554594835,0.022719033507252084,0.026808218853016014
-23510.544777413495,0.026850976406538104,0.022725335520487694,0.026824318312157366
-23451.292081609994,0.02686686463103613,0.02273163036820082,0.02684037719647456
-23392.188718009347,0.026882761226389402,0.022737918046213095,0.026856395608226957
-23333.23431025678,0.026898666190544384,0.022744198550382486,0.026872373649415613
-23274.428482943844,0.026914579521096653,0.022750471876603902,0.026888311421785115
-23215.770861609948,0.026930501215292786,0.022756738020808714,0.02690420902682315
-23157.26107273687,0.026946431270033298,0.022762996978965146,0.026920066565762006
-23098.89874374905,0.026962369681874456,0.02276924874707799,0.02693588413957849
-23040.68350300842,0.026978316447031324,0.022775493321188844,0.02695166184899532
-22982.61497981468,0.026994271561379724,0.022781730697375872,0.02696739979448106
-22924.692804401675,0.027010235022125875,0.022787960871754012,0.0269830980762511
-22866.916607934618,0.027026206836079918,0.02279418384047489,0.026998756794268403
-22809.28602250857,0.027042187013318862,0.02280039959972682,0.027014376048243922
-22751.800681146316,0.027058175563486497,0.022806608145734805,0.02702995593763718
-22694.460217794694,0.02707417249579032,0.022812809474760613,0.027045496561657258
-22637.264267323364,0.02709017781900419,0.022819003583102723,0.02706099801926312
-22580.212465522392,0.027106191541471314,0.022825190467096225,0.027076460409164296
-22523.30444909979,0.027122213671106725,0.022831370123113003,0.027091883829821514
-22466.539855679075,0.02713824421540051,0.022837542547561658,0.02710726837944739
-22409.91832379622,0.027154283181420526,0.022843707736887483,0.027122614156007238
-22353.439492899666,0.027170330575814975,0.022849865687572406,0.027137921257219075
-22297.10300334572,0.027186386404815185,0.022856016396135173,0.027153189780554855
-22240.90849639706,0.02720245067423866,0.022862159859131127,0.0271684198232409
-22184.85561422087,0.027218523389491767,0.02286829607315239,0.027183611482258372
-22128.9439998852,0.02723460455557219,0.022874425034827763,0.02719876485434429
-22073.173297358964,0.027250694177071762,0.02288054674082273,0.02721388003599151
-22017.543151507667,0.027266792258179448,0.022886661187839386,0.0272289571234499
-21962.053208091867,0.027282898802683687,0.022892768372616615,0.02724399621272674
-21906.703113765063,0.027299013813975332,0.022898868291929924,0.027258997399587294
-21851.492516070914,0.02731513729505019,0.022904960942591566,0.027274819831195698
-21796.421063441754,0.02733126924851169,0.0229110463214503,0.027292215531184955
-21741.488405196116,0.027347409676573495,0.022917124425391663,0.027309567389485992
-21686.694191535393,0.027363558581062472,0.02292319525133784,0.02732687551659148
-21632.03807354414,0.027379715963420734,0.02292925879624754,0.027344140022715107
-21577.51970318427,0.027395881824708753,0.022935315057116323,0.02736136101779344
-21523.138733297204,0.027412056165607664,0.02294136403097602,0.027378538611485228
-21468.89481759653,0.027428238986422115,0.02294740571489555,0.02739567291317372
-21414.787610671374,0.02744443028708246,0.022953440105979925,0.027412764031965606
-21360.81676797967,0.027460630067147804,0.022959467201371053,0.02742981207669314
-21306.981945847572,0.02747683832580817,0.022965486998247464,0.027446817155914332
-21253.282801468216,0.027493055061887144,0.022971499493824064,0.02746377937791333
-21199.71899289867,0.02750928027384455,0.02297750468535236,0.02748069885070139
-21146.290179057498,0.027525513959778695,0.022983502570120478,0.027497575682017633
-21092.996019722323,0.02754175611742927,0.022989493145453052,0.02751440997932984
-21039.83617552889,0.027558006744179398,0.0229954764087112,0.02753120184983472
-20986.81030796866,0.027574265837058277,0.023001452357292472,0.027547951400458695
-20933.918079385414,0.02759053339274388,0.02300742098863105,0.027564658737858946
-20881.15915297376,0.027606809407565144,0.02301338230019757,0.027581323968423912
-20828.53319277789,0.027623093877504567,0.02301933628949895,0.027597947198273656
-20776.03986368854,0.02763938679820032,0.023025282954078727,0.027614528533260855
-20723.678831440542,0.027655688166198907,0.02303122229151677,0.027631068078971543
-20671.449762611617,0.02767199798747119,0.023037154299429357,0.027647565940725514
-20619.352324619296,0.02768831627217863,0.023043078975469245,0.027664022223577285
-20567.38618572034,0.02770464303006404,0.023048996317325376,0.02768043703231628
-20515.55101500615,0.027720978270426622,0.023054906322723247,0.027696810471468283
-20463.84648240306,0.027737322002124393,0.02306080898942457,0.02771314264529534
-20412.2722586693,0.027753674233577642,0.02306670431522729,0.02772943365779673
-20360.828015392563,0.02777003497277167,0.0230725922979658,0.027745683612709716
-20309.513424987843,0.02778640422725951,0.023078472935510724,0.027761892613510242
-20258.328160696845,0.027802782004164726,0.02308434622576879,0.02777806076341311
-20207.2718965837,0.02781916831018467,0.02309021216668317,0.027794188165373348
-20156.344307534375,0.027835563151592663,0.023096070756233097,0.027810274922086375
-20105.54506925481,0.02785196653424131,0.02310192199243394,0.027826321135988607
-20054.873858266983,0.027868378463565217,0.023107765873337398,0.02784232690925869
-20004.330351908888,0.027884798944583587,0.023113602397031176,0.02785829234381752
-19953.9142283318,0.027901227981903122,0.023119431561639144,0.02787421754132909
-19903.625166498434,0.027917665579720655,0.023125253365321147,0.027890102603201076
-19853.462846179606,0.02793411174182615,0.0231310678062732,0.027905947630585907
-19803.426947953903,0.02795056647160527,0.023136874882727376,0.027921752724380845
-19753.517153204655,0.02796702977204202,0.023142674592951638,0.02793751798522896
-19703.733144118698,0.027983501645721567,0.023148466935249974,0.02795324351351951
-19654.074603683024,0.02799998209483293,0.02315425190796242,0.027968929409389016
-19604.54121568386,0.028016471121171692,0.023160029509464834,0.027984575772721527
-19555.132664705157,0.028032968726142523,0.02316579973816894,0.028000182703149114
-19505.848636124607,0.028049474910762002,0.023171562592522458,0.028015750300053127
-19456.68881611364,0.02806598967566114,0.023177318071008854,0.028031278662564194
-19407.652891634094,0.02808251302108829,0.023183066172147423,0.028046767889563274
-19358.740550437567,0.028099044946911154,0.02318880689449321,0.028062218079681855
-19309.95148106148,0.028115585452620162,0.023194540236637102,0.02807762933130321
-19261.28537282876,0.02813213453733047,0.023200266197205638,0.028093001742562483
-19212.741915845694,0.02814869219978481,0.02320598477486107,0.02810833541134738
-19164.320800999518,0.028165258438356044,0.023211695968301204,0.0281250073858552
-19116.02171995533,0.02818183325104976,0.023217399776259685,0.02814291061828208
-19067.844365157023,0.028198416635506613,0.023223096197505535,0.02816076872990696
-19019.788429822103,0.02821500858900518,0.023228785230843523,0.02817858183444626
-18971.853607942583,0.028231609108464114,0.02323446687511375,0.028196350045329298
-18924.039594280737,0.0282482181904451,0.023240141129191913,0.028214073475699885
-18876.346084368473,0.02826483583115487,0.023245807991989203,0.028231752238416546
-18828.772774504894,0.02828146202644803,0.02325146746245215,0.028249386446053425
-18781.319361755082,0.028298096771829498,0.023257119539562707,0.028266976210900737
-18733.98554394673,0.028314740062519567,0.023262764222338136,0.02828452164496602
-18686.771019669242,0.028331391898833703,0.023268401509831123,0.028302022859974463
-18639.6754882722,0.028348052290288684,0.023274031401129557,0.02831947996736947
-18592.698649862923,0.028364721246930825,0.023279653895356477,0.028336893078313587
-18545.840205303713,0.028381398778353946,0.023285268991670268,0.028354262303689492
-18499.09985621156,0.028398084893702158,0.023290876689264457,0.028371587754100126
-18452.47730495509,0.028414779601673015,0.023296476987367608,0.02838886953986982
-18405.972254652726,0.028431482910520226,0.02330206988524351,0.028406107771044967
-18359.584409172086,0.028448194828056612,0.023307655382190845,0.028423302557394264
-18313.31347312632,0.0284649153616572,0.023313233477543376,0.028440454008410044
-18267.159151873486,0.028481644518261993,0.023318804170669845,0.028457562233308534
-18221.12115151322,0.028498382304378983,0.023324367460973994,0.028474627341031074
-18175.199178887626,0.02851512872608649,0.023329923347894223,0.028491649440243783
-18129.392941576094,0.028531883789036736,0.023335471830903957,0.028508628639339492
-18083.702147895623,0.0285486474984583,0.023341012909511433,0.028525565046437627
-18038.12650689774,0.028565419859159048,0.023346546583259617,0.02854245876938533
-17992.665728368527,0.02858220087552871,0.023352072851726087,0.028559309915757468
-17947.319522824335,0.02859899055154216,0.023357591714523222,0.02857611859285822
-17902.087601511474,0.028615788890761554,0.023363103171297972,0.02859288490772118
-17856.96967640409,0.028632595896339756,0.023368607221731896,0.028609608967110157
-17811.96546020202,0.028649411571022767,0.023374103865541073,0.028626290877519965
-17767.074666328965,0.028666235917152467,0.023379593102476122,0.028642930745177098
-17722.29700893127,0.02868306893666941,0.02338507493232209,0.028659528676040186
-17677.632202876084,0.02869991063111549,0.023390549354898316,0.028676084775800675
-17633.079963748318,0.028716761001636743,0.02339601637005869,0.028692599149883955
-17588.64000784973,0.0287336200489861,0.023401475977691332,0.028709071903449696
-17544.312052197703,0.02875048777352584,0.023406928177718587,0.02872550314139231
-17500.095814522483,0.028767364175230355,0.023412372970097073,0.028741892968341967
-17455.991013265986,0.02878424925368909,0.023417810354817468,0.028758241488665036
-17411.997367578722,0.028801143008108706,0.023423240331904807,0.02877454880646523
-17368.114597320426,0.02881804543731616,0.023428662901417947,0.02879081502558337
-17324.34242305607,0.028834956539760946,0.02343407806344986,0.02880704024959887
-17280.680566054656,0.02885187631351805,0.023439485818127572,0.028823224581830165
-17237.128748287992,0.028868804756290438,0.023444886165611977,0.028839368125335194
-17193.686692429168,0.028885741865411253,0.023450279106097687,0.028855470982911937
-17150.354121849196,0.028902687637847146,0.023455664639813405,0.028871533257099673
-17107.130760616703,0.028919642070200362,0.02346104276702149,0.028887555050179096
-17064.016333495798,0.02893660515871096,0.023466413488017958,0.028903536464173103
-17021.010565943943,0.028953576899260345,0.02347177680313262,0.028919477600847586
-16978.113184111324,0.02897055728737269,0.023477132712728735,0.02893537856171165
-16935.323914837205,0.028987546318218347,0.023482481217203297,0.028951239448018994
-16892.642485650234,0.02900454398675923,0.023487822316986748,0.02896706036076776
-16850.068624764765,0.029021550294146322,0.02349315601254301,0.028982841400701932
-16807.602061081485,0.029038565250236657,0.02349848230436931,0.028998582668311085
-16765.24252418283,0.029055588865103527,0.023503801192996335,0.02901428426383208
-16722.989744333903,0.029072621148358492,0.023509112678988055,0.029030929686862505
-16680.8434524791,0.029089662109154903,0.023514416762941664,0.029049436399918877
-16638.803380240926,0.029106711756190454,0.023519713445487467,0.029067896471245237
-16596.869259918127,0.029123770097710368,0.023525002727289065,0.02908631001839095
-16555.040824484488,0.02914083714151041,0.02353028460904305,0.029104677158608986
-16513.317807587,0.02915791289493957,0.023535559091478895,0.029122998008856694
-16471.699943542804,0.029174997364903744,0.023540826175359294,0.029141272685797158
-16430.186967339498,0.029192090557867974,0.023546085861479698,0.029159501305799064
-16388.778614633313,0.029209192479859338,0.02355133815066835,0.029177683984937492
-16347.474621744523,0.029226303136470653,0.023556583043786467,0.02919582083899594
-16306.2747256602,0.02924342253286243,0.023561820541727816,0.029213911983465107
-16265.178664029329,0.029260550673766497,0.023567050645418863,0.029231957533545048
-16224.186175161281,0.02927768756348844,0.023572273355818876,0.029249957604145827
-16183.296998026733,0.029294833205910677,0.02357748867391938,0.029267912309887133
-16142.510872252167,0.02931198760449542,0.023582696600744735,0.02928582176510069
-16101.82753812232,0.029329150762286878,0.023587897137351422,0.029303686083829168
-16061.2467365756,0.0293463226819149,0.023593090284828415,0.02932150537982821
-16020.768209201953,0.029363503365597586,0.023598276044297182,0.029339279766567368
-15980.391698245305,0.029380692815143522,0.023603454416911137,0.02935700935722902
-15940.116946596538,0.0293978910319553,0.02360862540385611,0.029374694264711468
-15899.943697796854,0.029415098017031724,0.023613789006349927,0.02939233460162745
-15859.871696031973,0.02943231377097094,0.023618945225642635,0.029409930480306695
-15819.900686133353,0.029449538293973218,0.023624094063016108,0.02942748201279538
-15780.030413574836,0.029466771585843307,0.02362923551978434,0.029444989310857612
-15740.260624472336,0.02948401364599342,0.023634369597293085,0.029462452485975555
-15700.591065581713,0.029501264473445893,0.02363949629691996,0.029479871649350377
-15661.021484296632,0.029518524066836017,0.023644615620074284,0.02949724691190317
-15621.551628647338,0.02953579242441439,0.02364972756819723,0.029514578384275507
-15582.181247299137,0.029553069544050032,0.023654832142761432,0.029531866176830096
-15542.91008955117,0.029570355423232723,0.023659929345271148,0.029549110399651336
-15503.737905333977,0.029587650059075522,0.023665019177262128,0.02956631116254636
-15464.664445209186,0.029604953448317848,0.023670101640301505,0.029583468575045197
-15425.689460365245,0.029622265587327844,0.023675176735987995,0.029600582746402624
-15386.812702620171,0.029639586472104795,0.023680244465951208,0.029617653785596984
-15348.033924414822,0.029656916098282374,0.023685304831852494,0.029634681801333114
-15309.352878816275,0.02967425446113018,0.023690357835383945,0.029651666902040883
-15270.769319512316,0.029691601555557473,0.02369540347826899,0.029668609195877594
-15232.283000812973,0.02970895737611484,0.023700441762261958,0.02968550879072733
-15193.893677645328,0.0297263219200237,0.02370547268914834,0.02970236579420321
-15155.601105556263,0.029743695195437438,0.023710496260744358,0.029719180313646208
-15117.405040708187,0.029761077212699875,0.023715512478897055,0.029735952456127004
-15079.305239876898,0.02977846798168252,0.02372052134548438,0.029752682328446942
-15041.301460452807,0.029795867511787453,0.023725522862414857,0.02976937003713748
-15003.393460436057,0.029813275811950597,0.02373051703162778,0.02978601568846234
-14965.580998438954,0.02983069289064422,0.023735503855092727,0.02980261938841645
-14927.863833679578,0.029848118755881094,0.0237404833348101,0.029819181242728723
-14890.241725984806,0.029865553415216312,0.023745455472810522,0.02983570135686075
-14852.714435786072,0.029882996875751293,0.023750420271154975,0.02985217983600866
-14815.281724118122,0.02990044914413637,0.0237553777319348,0.02986861678510367
-14777.943352619326,0.029917910226573745,0.02376032785727145,0.029885012308811926
-14740.69908352711,0.029935380128820594,0.02376527064931661,0.029901366511536534
-14703.548679679465,0.029952858856192182,0.02377020611025198,0.02991767949741689
-14666.491904511302,0.02997034641356477,0.02377513424228929,0.029933951370330274
-14629.528522054132,0.029987842805378185,0.023780055047670175,0.029950182233891995
-14592.658296933634,0.030005348035639437,0.023784968528666135,0.029966372191456463
-14555.88099436996,0.030022862107924948,0.02378987468757835,0.029982521346117046
-14519.19638017315,0.0300403850253842,0.02379477352673791,0.029998629800708092
-14482.604220744975,0.03005791679074197,0.023799665048505367,0.030016882846882927
-14446.10428307526,0.030075457406301444,0.02380454925527093,0.030036027584682448
-14409.696334740978,0.030093006873947406,0.023809426149454284,0.03005512407276376
-14373.380143905646,0.03011056519514847,0.023814295733504465,0.0300741724327284
-14337.155479315647,0.030128132370960684,0.023819158009899977,0.0300931727858722
-14301.022110301765,0.030145708402029577,0.02382401298114844,0.03011212525318444
-14264.979806774914,0.03016329328859359,0.02382886064978681,0.03013102995535013
-14229.028339226745,0.03018088703048663,0.02383370101838108,0.030149887012749677
-14193.167478727204,0.030198489627140737,0.023838534089526284,0.030168696545460155
-14157.396996921789,0.03021610107758944,0.023843359865846576,0.030187458673256756
-14121.716666034294,0.03023372138046936,0.02384817834999471,0.030206173515611348
-14086.126258859791,0.030251350534024467,0.02385298954465259,0.03022484119169616
-14050.625548767373,0.03026898853610756,0.023857793452530644,0.03024346182038233
-14015.214309697418,0.030286635384183656,0.02386259007636803,0.030262035520241357
-13979.89231615913,0.030304291075332675,0.02386737941893258,0.030280562409546376
-13944.659343231475,0.030321955606251637,0.02387216148302045,0.030299042606271677
-13909.515166558587,0.030339628973258027,0.023876936271456466,0.03031747622809511
-13874.45956235069,0.03035731117229221,0.023881703787093745,0.03033586339239761
-13839.49230738227,0.030375002198919934,0.0238864640328136,0.030354204216264134
-13804.613178990847,0.03039270204833485,0.023891217011525544,0.030372498816484333
-13769.821955074238,0.030410410715361807,0.023895962726167373,0.03039074730955397
-13735.118414089933,0.030428128194459055,0.023900701179704848,0.030408949811675242
-13700.502335054502,0.03044585447976323,0.023905432375131742,0.03042710643875712
-13665.973497540834,0.030463589570469095,0.023910156315469663,0.030445217306416764
-13631.53168167753,0.030481333476052322,0.02391487300376811,0.030463282529979856
-13597.176668147997,0.030499086206767483,0.0239195824431042,0.030481302224481078
-13562.908238187381,0.030516847772390613,0.02392428463658291,0.030499276504665714
-13528.726173582885,0.030534618182221775,0.023928979587336616,0.030517205484989488
-13494.630256670405,0.03055239744508891,0.02393366729852541,0.030535089279620328
-13460.620270336362,0.030570185569349945,0.02393834777333656,0.030552928002437404
-13426.695998012823,0.03058798256289704,0.023943021014984852,0.03057072176703368
-13392.857223678411,0.030605788433158934,0.02394768702671226,0.03058847068671545
-13359.103731855872,0.030623603187104234,0.023952345811788022,0.030606174874503612
-13325.435307611146,0.030641426831244545,0.0239569973735084,0.03062383444313414
-13291.851736551856,0.03065925937163743,0.02396164171519672,0.030641449505058895
-13258.352804826078,0.03067710081388955,0.023966278840203255,0.030659020172446257
-13224.938299120204,0.030694951163159737,0.023970908751905166,0.03067654655718226
-13191.608006658951,0.030712810424161848,0.023975531453706372,0.03069402877087057
-13158.361715202913,0.030730678601167634,0.023980146949037478,0.03071146692483379
-13125.199213047947,0.03074855569801026,0.02398475524135578,0.03072886113011375
-13092.120289023045,0.030766441718086655,0.02398935633414501,0.030746211497472663
-13059.124732489721,0.030784336664360954,0.023993950230915433,0.03076351813739342
-13026.212333340178,0.030802240539367115,0.02399853693520369,0.03078078116008055
-12993.382881996087,0.030820153345211928,0.024003116450572723,0.03079800067546088
-12960.636169407368,0.030838075083578286,0.02400768878061166,0.030815176793184157
-12927.97198705097,0.030856005755727372,0.024012253928935773,0.030832309622623694
-12895.390126929651,0.03087394536250202,0.024016811899186304,0.030849399272877012
-12862.890381569228,0.03089189390432999,0.024021362695030662,0.030866445852767276
-12830.472544019187,0.030909851381225886,0.024025906320162035,0.030883449470842983
-12798.136407850856,0.030927817792794486,0.024030442778299282,0.030900410235378917
-12765.881767155879,0.03094579313823371,0.024034972073187142,0.030917328254376944
-12733.708416543774,0.03096377741633746,0.02403949420859595,0.030934203635567304
-12701.616151142229,0.03098177062549808,0.02404400918832164,0.030951036486408446
-12669.604766596509,0.030999772763709136,0.02404851701618544,0.030967826914087337
-12637.674059064866,0.031017783828569,0.024053017696034167,0.030984575025521887
-12605.823825220677,0.031035803817282433,0.024057511231739843,0.031001280927359806
-12574.053862249091,0.03105383272666436,0.024061997627199686,0.031017944725980375
-12542.363967846717,0.0310718705531418,0.024066476886336143,0.03103456652749461
-12510.75394022011,0.031089917292757323,0.024070949013096535,0.03105114643774605
-12479.223578083922,0.03110797294117132,0.024075414011453383,0.031067684562311727
-12447.772680660619,0.031126037493664643,0.024079871885403902,0.031086676544789863
-12416.401047678326,0.031144110945141724,0.02408432263897011,0.031106505811260853
-12385.108479369917,0.03116219329013295,0.0240887662761989,0.03112628510282337
-12353.894776472414,0.031180284522797055,0.024093202801161586,0.031146014545426832
-12322.759740223617,0.03119838463692474,0.0240976322179542,0.03116569426470411
-12291.703172363634,0.031216493629080716,0.024102054530697036,0.031185324385970593
-12260.724875132139,0.031234611507312413,0.02410646974353487,0.031204905034225898
-12229.824651265926,0.031252738282007524,0.02411087786063688,0.031224436334155434
-12199.00230400044,0.03127087396306578,0.02411527888619619,0.03124391841012941
-12168.257637065797,0.0312890185599028,0.024119672824430234,0.031263351386205375
-12137.590454688025,0.03130717208145311,0.0241240596795804,0.03128273538612742
-12107.00056158538,0.03132533453617331,0.024128439455912008,0.03130207053332852
-12076.487762968978,0.03134350593204528,0.02413281215771428,0.03132135695093011
-12046.051864540637,0.031361686276579336,0.02413717778930012,0.03134059476174347
-12015.692672492283,0.03137987557681733,0.02414153635500614,0.0313597840882701
-11985.4099935032,0.031398073839336155,0.02414588785919272,0.03137892505270344
-11955.203634740941,0.031416281070250206,0.024150232306243507,0.03139801777692833
-11925.073403858582,0.03143449727521467,0.024154569700565738,0.03141706238252269
-11895.01910899442,0.03145272245942906,0.024158900046589788,0.03143605899075776
-11865.040558769228,0.03147095662764001,0.024163223348769615,0.031455007722599834
-11835.137562287775,0.03148919978414404,0.024167539611582,0.03147390869870925
-11805.30992913395,0.03150745193279118,0.02417184883952702,0.03149276203944354
-11775.557469373192,0.031525713076987365,0.024176151037127613,0.03151156786485583
-11745.87999354915,0.03154398321969794,0.02418044620892969,0.031530326294697
-11716.277312682143,0.031562262363450624,0.024184734359502007,0.03154903744841663
-11686.749238270084,0.03158055051033802,0.024189015493435932,0.03156770144516243
-11657.295582284809,0.03159884766202125,0.02419328961534559,0.03158631840378255
-11627.916157173002,0.031617153819732464,0.024197556729867613,0.031604888442825
-11598.610775853138,0.031635468984277965,0.02420181684166105,0.03162341168053958
-11569.379251715487,0.03165379315604118,0.024206069955407496,0.03164188823487788
-11540.221398621192,0.03167212633498514,0.024210316075810586,0.031660318223493876
-11511.13703090014,0.03169046852065606,0.024214555207596345,0.03167870176374524
-11482.125963349734,0.03170881971218608,0.024218787355512836,0.03169703897269415
-11453.188011234593,0.03172717990829541,0.024223012524330175,0.03171532996710747
-11424.322990284725,0.03174554910729634,0.024227230718840413,0.0317335748634579
-11395.5307166946,0.031763927307095166,0.024231441943857505,0.03175177377792456
-11366.811007121936,0.03178231450519556,0.02423564620421706,0.03176992682639377
-11338.163678686788,0.031800710698700815,0.024239843504776395,0.031788034124459616
-11309.588548969705,0.031819115884317635,0.024244033850414515,0.031806095787425104
-11281.085436011439,0.03183753005835773,0.024248217246031663,0.031824111930302365
-11252.654158310184,0.0318559532167419,0.024252393696549954,0.03184208266781441
-11224.294534823423,0.03187438535500128,0.02425656320691228,0.03186000811439391
-11196.006384963333,0.03189282646828176,0.024260725782083162,0.03187788838418617
-11167.789528597716,0.031911276551345145,0.024264881427048104,0.031895723591048475
-11139.643786049073,0.03192973559857314,0.024269030146813603,0.03191351384855072
-11111.568978091253,0.031948203603969584,0.024273171946407348,0.031931259269977516
-11083.564925950974,0.031966680561162905,0.024277306830877754,0.031948959968327216
-11055.631451305084,0.03198516646352073,0.02428143480529399,0.031966616056313665
-11027.768376280554,0.032003661310779835,0.02428555587474591,0.031984227646366194
-10999.97552345112,0.03202216511274241,0.024289670044344198,0.032001794850631746
-10972.25271583912,0.0320406778796297,0.0242937773192198,0.03201931778097371
-10944.599776912444,0.03205919962116982,0.024297877704524243,0.03203679654897385
-10917.016530583303,0.032077730346601205,0.024301971205429405,0.0320542312659331
-10889.502801209152,0.03209627006467554,0.024306057827127237,0.03207162204287093
-10862.058413588113,0.032114818783661576,0.024310137574830193,0.03208896899052832
-10834.683192961718,0.03213337651134762,0.02431421045377047,0.03210627221936596
-10807.376965010944,0.03215194325504548,0.024318276469200442,0.03212353183956677
-10780.139555855907,0.032170519021593035,0.02432233562639237,0.0321407479610361
-10752.97079205586,0.03218910381735773,0.02432638793063822,0.03215792069340176
-10725.870500606452,0.03220769764823943,0.024330433387249807,0.03217505014601569
-10698.838508939723,0.032226300519674164,0.02433447200155846,0.032192136427954016
-10671.874644922276,0.03224491243663656,0.02433850377891519,0.032209179648018185
-10644.978736854662,0.032263533403643505,0.024342528724690365,0.03222617991473535
-10618.150613470167,0.03228216342475702,0.024346546844273797,0.03224313733635915
-10591.390103933889,0.032300802503586926,0.024350558143074432,0.032261378091036144
-10564.697037841519,0.03231945064329457,0.024354562626520495,0.03228195392067378
-10538.071245217823,0.032338107846595965,0.024358560300059357,0.03230247789386953
-10511.512556516323,0.032356774115764035,0.024362551169157348,0.03232295014131499
-10485.020802617477,0.032375449452632335,0.024366535239299648,0.03234337079337267
-10458.595814828372,0.03239413385859761,0.024370512515990372,0.032363739980076196
-10432.23742488058,0.0324128273346233,0.02437448300475241,0.032384057831132025
-10405.945464930785,0.032431529881241906,0.024378446711127138,0.03240432447591889
-10379.71976755801,0.03245024149855864,0.02438240364067456,0.032424540043490005
-10353.560165763343,0.03246896218625376,0.02438635379897326,0.03244470466257321
-10327.466492968693,0.03248769194358602,0.02439029719162005,0.03246481846157198
-10301.438583015275,0.0325064307693952,0.02439423382423028,0.03248488156856658
-10275.476270164518,0.032525178662105296,0.02439816370243714,0.03250489411131337
-10249.57938909411,0.03254393561972706,0.024402086831892218,0.0325248562172478
-10223.747774899202,0.03256270163986132,0.024406003218265047,0.032544768013483584
-10197.981263089987,0.03258147671970171,0.02440991286724312,0.03256462962681447
-10172.279689591984,0.03260026085603761,0.02441381578453171,0.032584441183714084
-10146.642890743306,0.0326190540452564,0.024417711975853948,0.03260420281033799
-10121.070703295263,0.03263785628334724,0.024421601446950495,0.03262391463252327
-10095.562964410234,0.03265666756590324,0.024425484203579748,0.03264357677579011
-10070.119511661043,0.032675487888124424,0.024429360251517495,0.03266318936534236
-10044.740183030062,0.03269431724482051,0.024433229596556933,0.03268275252606813
-10019.424816907665,0.03271315563041385,0.02443709224450868,0.032702266382541055
-9994.173252091938,0.03273200303894175,0.024440948201200408,0.03272173105902049
-9968.985327786537,0.03275085946406021,0.0244447974724771,0.03274114667945315
-9943.860883601297,0.03276972489904504,0.02444864006420059,0.03276051336747269
-9918.799759549489,0.03278859933681201,0.024452475982249894,0.03277983124640174
-9893.801796048125,0.032807482774830816,0.024456305232520695,0.03279910043925175
-9868.866833916121,0.03282637522211197,0.024460127820925565,0.03281832106872435
-9843.99471437339,0.03284527668895176,0.0244639437533938,0.03283749325721207
-9819.185279040528,0.03286418718514257,0.024467753035871148,0.03285661712679859
-9794.438369937301,0.03288310671997607,0.02447155567432001,0.0328756927992599
-9769.753829480798,0.03290203530224768,0.024475351674719162,0.0328947203960657
-9745.131500486359,0.032920972940257795,0.024479141043063663,0.032913700038378735
-9720.571226164211,0.032939919641817514,0.024482923785364968,0.032932631847057345
-9696.072850120998,0.032958875414249855,0.024486699907650563,0.03295151594265429
-9671.636216357032,0.032977840264393946,0.024490469415963948,0.03297035244541889
-9647.261169265075,0.032996814198608906,0.02449423231636487,0.03298914147529795
-9622.94755363125,0.03301579722277549,0.02449798861492866,0.03300788315193508
-9598.695214631993,0.03303478934230092,0.02450173831774661,0.03302657759467298
-9574.503997834663,0.03305379056212086,0.024505481430925697,0.03304522492255306
-9550.373749195101,0.033072800886703654,0.024509217960588553,0.03306382525431724
-9526.304315057932,0.033091820320052714,0.024512947912873295,0.033082378708407786
-9502.29554215443,0.03311084886570988,0.02451667129393356,0.0331008854029689
-9478.34727760283,0.0331298865267588,0.024520388109938285,0.033119345455846515
-9454.459368905873,0.033148933305828056,0.02452409836707179,0.03313775898459016
-9430.631663951735,0.03316798920509373,0.024527802071533347,0.03315612610645228
-9406.864011010966,0.033187054226283486,0.02453149922953761,0.03317444693839056
-9383.156258737108,0.03320612837067853,0.024535189847314003,0.033192721597067466
-9359.508256164552,0.033225211639117874,0.024538873931107093,0.033210950198851896
-9335.919852708845,0.03324430403200044,0.024542551487176104,0.03322913285981894
-9312.390898164556,0.03326340554928814,0.02454622252179506,0.03324726969575152
-9288.92124270497,0.0332825161905099,0.024549887041252716,0.033265360822140655
-9265.510736880868,0.03330163595476358,0.02455354505185233,0.03328340635418634
-9242.159231619911,0.03332076484071949,0.02455719655991166,0.0333014064067981
-9218.866578225432,0.03333990284662317,0.024560841571762793,0.03331936109459585
-9195.632628375197,0.033359049970298885,0.024564480093752252,0.0333372705319109
-9172.457234121117,0.03337820620915186,0.024568112132240687,0.03335513483278615
-9149.340247888324,0.03339737156017128,0.024571737693602897,0.03337295411097681
-9126.281522472425,0.03341654601993448,0.024575356784227852,0.0333907284799525
-9103.280911041948,0.03343572958460762,0.02457896941051822,0.03340845805289543
-9080.338267133753,0.033454922249950975,0.024582575578890885,0.03342614294270383
-9057.453444655184,0.03347412401131995,0.024586175295776187,0.033443783261990385
-9034.6262978807,0.03349333486366931,0.02458976856761843,0.03346137912308479
-9011.856681453406,0.03351255480155478,0.02459335540087524,0.03347893063803257
-8989.14445038078,0.03353178381913729,0.024596935802018157,0.03349643791859838
-8966.489460037723,0.03355102191018453,0.024600509777531785,0.033513901076263675
-8943.891566161983,0.03357026906807474,0.024604077333914353,0.03353132022223018
-8921.350624855988,0.03358952528579892,0.024607638477677177,0.03354869546741854
-8898.866492584706,0.033608790555963684,0.0246111932153448,0.03356602692246994
-8876.439026173814,0.033628064871210096,0.024614741553455055,0.03358737636493715
-8854.068082811225,0.0336473482331025,0.024618283498558435,0.033608813724547784
-8831.753520044043,0.033666640651936634,0.024621819057218625,0.03363019705643686
-8809.49519577855,0.03368594213788516,0.024625348236012,0.03365152649676826
-8787.292968278996,0.03370525270060656,0.024628871041527778,0.033672802181362815
-8765.14669616698,0.03372457234924799,0.024632387480367838,0.033694024245698916
-8743.056238420239,0.03374390109245001,0.02463589755914653,0.0337151928249137
-8721.021454372334,0.033763238938348414,0.024639401284490835,0.0337363080538033
-8699.042203710522,0.033782585894579185,0.024642898663040164,0.03375737006682496
-8677.118346476967,0.033801941968280444,0.02464638970144598,0.033778378998095764
-8655.249743065395,0.03382130716609718,0.024649874406372323,0.033799334981395965
-8633.436254221997,0.03384068149418321,0.024653352784495142,0.033820238150168026
-8611.677741043302,0.033860064958205635,0.02465682484250267,0.0338410886375187
-8589.974064976781,0.03387945756334739,0.0246602905870949,0.03386188657621845
-8568.32508781872,0.03389885931431131,0.024663750024983794,0.03388263209870347
-8546.730671712985,0.033918270215322635,0.02466720316289332,0.033903325337076885
-8525.190679152258,0.03393769027013253,0.02467065000755891,0.03392396642310756
-8503.704972974976,0.033957119482021285,0.024674090565727693,0.03394455548823304
-8482.273416364415,0.03397655785380254,0.024677524844158628,0.03396509266356041
-8460.895872850833,0.03399600538782436,0.024680952849621705,0.03398557807986426
-8439.572206306888,0.03401546208597455,0.024684374588898536,0.03400601186759108
-8418.302280947939,0.03403492794968287,0.024687790068782217,0.03402639415685893
-8397.085961332667,0.03405440297992428,0.024691199296076844,0.03404672507745691
-8375.923112360928,0.034073887177221825,0.02469460227759757,0.034067004758847164
-8354.813599272233,0.03409338054165073,0.024697999020170856,0.03408723333016635
-8333.757287646666,0.03411288307284037,0.024701389530633992,0.03410741092022478
-8312.754043402432,0.034132394769978563,0.024704773815835204,0.03412753765750876
-8291.803732796176,0.03415191563181302,0.02470815188263348,0.03414761367018026
-8270.906222421447,0.034171445656656384,0.024711523737898537,0.034167639086078415
-8250.061379207482,0.03419098484238784,0.024714889388510793,0.034187614032720685
-8229.26907041981,0.03421053318645714,0.024718248841361156,0.03420753863730227
-8208.529163657826,0.03423009068588654,0.02472160210335106,0.03422741302669843
-8187.841526854769,0.03424965733727496,0.024724949181392317,0.03424723732746453
-8167.206028276521,0.03426923313680058,0.024728290082407036,0.03426701166583715
-8146.622536521595,0.034288818080223174,0.024731624813327534,0.03428673616773414
-8126.090920519311,0.03430841216288825,0.02473495338109628,0.034306410958756334
-8105.611049528874,0.034328015379729404,0.02473827579266589,0.034326036164188466
-8085.182793139685,0.03434762772527102,0.02474159205499888,0.03434561190899883
-8064.806021269505,0.03436724919363152,0.02474490217506763,0.03436513831784108
-8044.480604163852,0.034386879778526766,0.024748206159854458,0.0343846155150548
-8024.206412395381,0.03440651947327185,0.02475150401635135,0.03440404362466606
-8003.983316862977,0.03442616827078522,0.024754795751559897,0.034423422770388325
-7983.811188790832,0.034445826163590626,0.0247580813724914,0.03444275307562335
-7963.689899727841,0.03446549314382033,0.024761360886166452,0.03446203466346171
-7943.619321545771,0.034485169203370254,0.024764634299615344,0.0344812676566846
-7923.599326441083,0.03450485434139154,0.024767901619877377,0.03450045217776206
-7903.629786930672,0.034524548567674604,0.024771162854001265,0.03451958834885708
-7883.710575853079,0.034544251892364077,0.024774418009045056,0.0345386762918244
-7863.84156636819,0.03456396432508362,0.024777667092075496,0.03455771612821087
-7844.0226319541825,0.03458368587494144,0.02478091011016875,0.03457670797925829
-7824.253646409967,0.034603416550530855,0.024784147070409508,0.034595651965901135
-7804.53448385,0.03462315635993699,0.024787377979891743,0.034614548208771495
-7784.865018708554,0.034642905310737424,0.024790602845717855,0.03463339682819498
-7765.245125734841,0.03466266341000719,0.024793821674999092,0.03465219794419544
-7745.674679993613,0.03468243066432197,0.024797034474855307,0.034670951676494303
-7726.153556865782,0.03470220707976091,0.024800241252414774,0.03468965814451006
-7706.681632045056,0.03472199266191043,0.024803442014814377,0.03470831746736147
-7687.258781539164,0.03474178741586773,0.024806636769199295,0.03472692976386635
-7667.88488166772,0.034761591346243466,0.02480982552272298,0.03474549515254365
-7648.559809062828,0.034781404457166085,0.02481300828254706,0.0347640137516129
-7629.283440666648,0.03480122675228398,0.024816185055841506,0.03478248567899648
-7610.055653731999,0.03482105823476975,0.024819355849784147,0.03480091105231909
-7590.876325821147,0.0348408989073228,0.02482252067156081,0.034819289988908896
-7571.74533480488,0.03486074877217273,0.02482567952836527,0.03483762260579841
-7552.662558861294,0.03488060783108314,0.024828832427399184,0.03485590901972568
-7533.6278764760955,0.034900476085354466,0.024831979375871806,0.034874149347133954
-7514.6411664407715,0.03492035353582656,0.02483512038100026,0.03489234370417348
-7495.702307852894,0.03494024018288315,0.02483825545000898,0.0349104922067012
-7476.811180113983,0.034960136026453995,0.02484138459013026,0.03492859497028276
-7457.96766293012,0.03498004106601828,0.024844507808603554,0.034946652110191975
-7439.171636310112,0.03499995530060851,0.024847625112675808,0.034964663741412584
-7420.422980565803,0.03501987872881258,0.02485073650960119,0.034982629978637915
-7401.72157630993,0.03503981134877715,0.024853842006641085,0.03500055093627296
-7383.067304456437,0.03505975315821178,0.024856941611064092,0.035018426728434075
-7364.460046219551,0.035079704154390184,0.02486003533014579,0.03503625746894988
-7345.899683112569,0.03509966433415537,0.024863123171168715,0.03505670943722205
-7327.38609694785,0.03511963369392062,0.024866205141422303,0.03507921251000245
-7308.919169834991,0.03513961222967487,0.024869281248202937,0.035101658869187195
-7290.498784181742,0.035159599936982845,0.02487235149881355,0.03512404865770845
-7272.124822690335,0.03517959681099152,0.02487541590056396,0.035146382018140444
-7253.797168360856,0.035199602846429395,0.024878474460770426,0.035168659092695356
-7235.515704486651,0.035219618037613226,0.024881527186755886,0.035190880023228926
-7217.280314656171,0.03523964237844776,0.024884574085849456,0.03521304495123819
-7199.090882750217,0.035259675862430895,0.024887615165386998,0.03523515401786483
-7180.947292943469,0.035279718482655556,0.024890650432710385,0.03525720736389333
-7162.8494297020425,0.03529977023181258,0.024893679895167727,0.03527920512975393
-7144.797177782273,0.03531983110219502,0.024896703560113587,0.035301147455524116
-7126.790422232234,0.03533990108569895,0.02489972143490828,0.035323034480926774
-7108.829048389607,0.03535998017382763,0.02490273352691813,0.03534486634533276
-7090.912941880155,0.03538006835889791,0.024905739843515656,0.035366643187762774
-7073.041988618635,0.035400165644791995,0.024908740392078986,0.03538836514688626
-7055.216074807272,0.035420272041774774,0.024911735179992137,0.035410032361023226
-7037.435086934545,0.03544038755966622,0.024914724214644846,0.03543164496814577
-7019.6989117757885,0.03546051220776069,0.024917707503432404,0.03545320310587729
-7002.007436391063,0.03548064599483185,0.024920685053755838,0.035474706911495124
-6984.360548125453,0.035500788929135434,0.02492365687302139,0.03549615652193016
-6966.758134607857,0.03552094101841245,0.02492662296864099,0.0355175520737683
-6949.200083750061,0.03554110226989353,0.024929583348031827,0.03553889370325162
-6931.686283746745,0.0355612726903013,0.024932538018616286,0.03556018154627833
-6914.216623074567,0.035581452285854936,0.024935486987821987,0.0355814157384039
-6896.790990490634,0.03560164106227289,0.024938430263081828,0.03560259641484292
-6879.409275032809,0.035621839024776496,0.024941367851833485,0.03562372371046871
-6862.071366018187,0.03564204617809349,0.02494429976151996,0.03564479775981521
-6844.7771530433965,0.03566226252646086,0.024947225999588953,0.03566581869707658
-6827.526525983383,0.03568248807362873,0.024950146573492905,0.03568678665610868
-6810.319374989879,0.035702722822863596,0.024953061490689366,0.035707701770430936
-6793.155590492017,0.03572296677695192,0.024955970758640315,0.035728564173225626
-6776.035063195108,0.03574321993820263,0.02495887438481244,0.0357493739973393
-6758.957684079114,0.035763482308451396,0.024961772376677172,0.035770131375284696
-6741.92334440018,0.0357837538890633,0.02496466474171009,0.03579083643923884
-6724.931935687573,0.03580403468093561,0.024967551487391437,0.035811489321046795
-6707.983349743689,0.035824324684502605,0.02497043262120581,0.03583209015222163
-6691.077478644357,0.035844623899737714,0.024973308150642012,0.03585263906394406
-6674.214214737005,0.035864932326156125,0.02497617808319302,0.03587313618706466
-6657.393450640358,0.03588524996281985,0.024979042426356124,0.03589358165210429
-6640.615079243827,0.035905576808339265,0.024981901187632594,0.035913975589254736
-6623.878993706896,0.03592591286087635,0.024984754374527633,0.03593431812837956
-6607.1850874582115,0.03594625811814933,0.024987601994550534,0.03595460939901513
-6590.533254194967,0.03596661257743392,0.024990444055214316,0.035974849530371424
-6573.923387881991,0.035986976235568555,0.024993280564035988,0.035995038651333085
-6557.355382752052,0.03600734908895489,0.024996111528536123,0.03601517689045909
-6540.829133304023,0.03602773113356315,0.02499893695623894,0.03603526437598498
-6524.344534302583,0.036048122364934314,0.025001756854672538,0.036055301235823185
-6507.901480777603,0.036068522778183364,0.025004571231368185,0.03607528759756383
-6491.499868024144,0.03608893236800203,0.0250073800938609,0.03609522358847468
-6475.139591600328,0.03610935112866169,0.02501018344968891,0.036115109335503756
-6458.820547328242,0.036129779054017395,0.025012981306393817,0.036134944965278235
-6442.542631291816,0.03615021613750974,0.025015773671520625,0.03615473060410703
-6426.305739837117,0.036170662372169204,0.025018560552617402,0.036174466377980434
-6410.10976957174,0.03619111775061675,0.025021341957235408,0.03619415241257083
-6393.9546173635945,0.03621158226506972,0.02502411789292886,0.03621378883323422
-6377.840180340592,0.03623205590734271,0.02502688836725516,0.03623337576501057
-6361.766355889733,0.036252538668851496,0.02502965338777456,0.036252913332624905
-6345.733041656804,0.036273030540615536,0.025032412962050082,0.03627240166048772
-6329.7401355457605,0.036293531513765936,0.025035167097647703,0.03629184087269571
-6313.787535717517,0.03631404158925025,0.02503791580213607,0.03631123109303323
-6297.875140589325,0.036334560777041565,0.02504065908308657,0.036330572444973064
-6282.0028488356975,0.03635508908694011,0.02504339694807306,0.03634986505167529
-6266.170559385047,0.03637562652821285,0.025046129404672095,0.03636910903599137
-6250.378171421215,0.03639617310959681,0.025048856460462655,0.03638830452046232
-6234.62558438255,0.03641672883930116,0.02505157812302609,0.03640745162731978
-6218.912697959782,0.03643729372501354,0.02505429439994621,0.03642655047848864
-6203.239412097233,0.03645786777390115,0.02505700529880908,0.03644560119558553
-6187.605626991601,0.03647845099261538,0.02505971082720282,0.03646460389992034
-6172.011243090127,0.03649904338729542,0.02506241099271799,0.036483558712498414
-6156.456161092126,0.036519644963571005,0.025065105802947088,0.03650246575401872
-6140.940281945929,0.03654025572656733,0.025067795265484707,0.036521325144877534
-6125.463506850716,0.03656087568090595,0.025070479387927343,0.036540137005166236
-6110.025737253464,0.03658150483071182,0.02507315817787361,0.036558901454675
-6094.626874850783,0.03660214317961312,0.025075831642923648,0.036577618612890585
-6079.2668215861595,0.03662279073074685,0.025078499790679647,0.03659628859899967
-6063.945479650272,0.03664344748676207,0.025081162628745452,0.03661491153188847
-6048.662751481291,0.03666411344982216,0.02508382016472649,0.036633487530142395
-6033.41853976152,0.0366847886216099,0.02508647240622997,0.03665201671205009
-6018.212747420147,0.036705473003328416,0.025089119360864397,0.03667049919560012
-6003.045277629885,0.036726166595707634,0.025091761036240067,0.036688935098485066
-5987.916033808194,0.03674686939900414,0.025094397439968448,0.0367073245381
-5972.824919615751,0.036767581413007976,0.02509702857966246,0.03672566763154437
-5957.771838955848,0.0367883026370424,0.02509965446293626,0.036748087320606554
-5942.756695974076,0.036809033069970715,0.025102275097405397,0.0367717430260084
-5927.779395057724,0.036829772710196336,0.02510489049068649,0.036795339112880306
-5912.839840834861,0.03685052155566825,0.025107500650397234,0.03681887573147661
-5897.937938174026,0.036871279603883,0.0251101055841565,0.03684235303167279
-5883.073592183318,0.0368920468518889,0.025112705299584117,0.03686577116296692
-5868.246708210396,0.03691282329628792,0.025115299804300863,0.03688913027447965
-5853.457191841558,0.036933608933239825,0.02511788910592823,0.036912430514955664
-5838.7049488999155,0.03695440375846586,0.025120473212088858,0.036935672032766556
-5823.989885447224,0.03697520776725034,0.025123052130405995,0.03695885497590795
-5809.311907781744,0.0369960209544444,0.025125625868503445,0.03698197949200287
-5794.670922437021,0.03701684331447027,0.02512819443400591,0.03700504572830364
-5780.066836183109,0.03703767484132295,0.02513075783453859,0.03702805383169001
-5765.499556024737,0.03705851552857304,0.025133316077727126,0.03705100394867197
-5750.968989201003,0.0370793653693719,0.025135869171197773,0.037073896225390306
-5736.475043184461,0.03710022435645236,0.0251384171225772,0.037096730807617974
-5722.01762568173,0.03712109248213277,0.025140959939492263,0.0371195078407592
-5707.596644631053,0.037141969738320554,0.02514349762957038,0.03714222746985328
-5693.212008202905,0.03716285611651476,0.025146030200439026,0.03716488983957364
-5678.863624799694,0.03718375160780822,0.025148557659725884,0.03718749509422829
-5664.551403054227,0.037204656202891435,0.025151080015058933,0.0372100433777623
-5650.275251830021,0.03722556989205624,0.025153597274066034,0.03723253483375722
-5636.035080219778,0.037246492666965406,0.025156109444375137,0.03725496960543356
-5621.830797545072,0.03726742453212406,0.025158616533614328,0.03727734783565124
-5607.662313357274,0.037288365497549145,0.025161118549411256,0.037299669666908127
-5593.529537434189,0.03730931557274618,0.025163615499393804,0.03732193524134539
-5579.4323797821935,0.03733027476667914,0.025166107391189414,0.03734414470074406
-5565.370750633797,0.037351243087775494,0.02516859423242533,0.03736629818652893
-5551.344560447944,0.03737222054392904,0.025171076030728486,0.03738839583976804
-5537.3537199094035,0.03739320714250443,0.02517355279372549,0.037410437801173646
-5523.398139927245,0.037414202890340045,0.025176024529042634,0.037432424211104647
-5509.477731636363,0.03743520779375104,0.02517849124430555,0.03745435520956415
-5495.592406394732,0.03745622185853506,0.02518095294713933,0.03747623093620382
-5481.742075783712,0.037477245089973445,0.025183409645168763,0.03749805153032339
-5467.9266516080415,0.03749827749283581,0.0251858613460177,0.03751981713087064
-5454.146045894325,0.03751931907138385,0.025188308057309438,0.03754152787644385
-5440.400170891019,0.03754036982937433,0.02519074978666658,0.037563183905291765
-5426.688939067527,0.03756142977006252,0.025193186541710946,0.03758478535531503
-5413.012263114194,0.03758249889620671,0.025195618330063386,0.037606332364066214
-5399.370055941391,0.0376035772100693,0.02519804515934394,0.037627825068751244
-5385.762230678298,0.037624664713423545,0.02520046703717179,0.03764926360623133
-5372.18870067412,0.03764576140755382,0.02520288397116489,0.037670648113021024
-5358.649379495954,0.03766686729326135,0.025205295968940368,0.03769197872529161
-5345.144180927876,0.03768798237086624,0.025207703038114156,0.03771325557887254
-5331.673018972762,0.03770910664021161,0.025210105186301027,0.03773447880924854
-5318.235807849249,0.03773024010066606,0.02521250242111459,0.03775564855156442
-5304.832461992641,0.037751382751128125,0.025214894750167135,0.03777676494062364
-5291.462896053387,0.037772534590029126,0.02521728218106973,0.03779782811089071
-5278.127024897083,0.037793695615336034,0.02521966472143207,0.0378188381964912
-5264.824763604772,0.03781486582455547,0.02522204237886233,0.03783979533121121
-5251.556027470201,0.03783604521473608,0.025224415160967354,0.03786069964850178
-5238.320732001958,0.03785723378247337,0.025226783075352466,0.037881551281475453
-5225.118792919807,0.03787843152391165,0.025229146129621464,0.03790235036291208
-5211.950126158044,0.03789963843474688,0.025231504331376366,0.03792309702525352
-5198.814647861234,0.03792085451023131,0.025233857688217697,0.037943791400610376
-5185.712274386027,0.037942079745175515,0.025236206207744295,0.03796443362075911
-5172.642922299339,0.037963314133953076,0.025238549897553197,0.03798502381714492
-5159.606508379263,0.037984557670501316,0.025240888765239514,0.0380055621208803
-5146.6029496126275,0.03800581034832673,0.025243222818396745,0.038026048662748904
-5133.632163195607,0.038027072160507415,0.02524555206461634,0.03804648357320455
-5120.69406653403,0.038048343099694786,0.025247876511487785,0.03806686698237078
-5107.788577240931,0.03806962315811914,0.025250196166598717,0.03808719902004466
-5094.9156131368645,0.03809091232759189,0.02525251103753457,0.03810747981569636
-5082.075092250507,0.03811221059950657,0.025254821131878796,0.038127709498468124
-5069.266932816527,0.038133517964845036,0.025257126457212526,0.03814788819717768
-5056.49105327497,0.03815483441417898,0.025259427021115093,0.03816801604031919
-5043.747372272789,0.038176159937672816,0.025261722831163184,0.03818809315606086
-5031.035808660789,0.03819749452508673,0.025264013894931516,0.038208119672249706
-5018.356281495155,0.03821883816637334,0.02526630021999224,0.03822809571640919
-5005.708710035617,0.038240190864602015,0.025268581813915288,0.038248021415742114
-4993.093013745458,0.0382615526355815,0.025270858684268156,0.03826789689713057
-4980.5091122912,0.038282923494680945,0.025273130838615827,0.03828772228713645
-4967.9569255407805,0.038304303456239794,0.025275398284520932,0.038307497712004354
-4955.436373565987,0.0383256925335749,0.025277661029543225,0.0383272232976577
-4942.94737663819,0.03834709073899169,0.02527991908124028,0.03834689916970548
-4930.489855230781,0.03836849808379033,0.025282172447166754,0.03836652545343842
-4918.063730017346,0.03838991457827438,0.025284421134874592,0.038386102273831824
-4905.668921870742,0.03841134023175885,0.025286665151913263,0.03840562975554707
-4893.305351864631,0.03843277505257842,0.025288904505829105,0.03842510802292919
-4880.972941270424,0.03845421904809629,0.02529113920416593,0.03844453720001164
-4868.671611557892,0.03847567222471092,0.02529336925446466,0.038463917410515386
-4856.4012843954715,0.03849713458786492,0.02529559466426323,0.03848324877784841
-4844.1618816490445,0.038518606142052034,0.025297815441096393,0.03850253142510761
-4831.953325380412,0.038540086890827295,0.025300031592496403,0.038521765475081245
-4819.775537849124,0.03856157683681095,0.025302243125992073,0.038540951050246
-4807.628441509123,0.03858307598170096,0.025304450049109365,0.03856008827277233
-4795.511959011188,0.03860458432627654,0.02530665236937099,0.03857917726452058
-4783.4260132001855,0.038626101870408915,0.025308850094296585,0.038598218147045296
-4771.370527115983,0.038647628613067635,0.02531104323140243,0.038617211041593824
-4759.345423991928,0.03866916455232783,0.02531323178820173,0.0386361560691087
-4747.350627255457,0.03869070968537909,0.025315415772204232,0.03865505335022666
-4735.386060525954,0.038712264008532254,0.025317595190916625,0.03867390300528206
-4723.45164761659,0.0387338275172259,0.025319770051841807,0.038696550186443135
-4711.547312531265,0.03875540020603662,0.02532194036247967,0.03872153696688154
-4699.67297946644,0.0387769820686833,0.025324106130326342,0.03874646077413467
-4687.82857280931,0.03879857309803672,0.025326267362874588,0.038771321766911136
-4676.014017137188,0.03882017328612564,0.025328424067613705,0.03879612010352051
-4664.22923721812,0.03884178262414449,0.025330576252029224,0.038820855941872005
-4652.474158009356,0.03886340110246127,0.02533272392360322,0.03884552943947773
-4640.748704657352,0.03888502871062367,0.025334867089814018,0.038870140753452624
-4629.052802497464,0.038906665437366934,0.025337005758136227,0.038894690040515156
-4617.386377052419,0.038928311270620894,0.025339139936040863,0.03891917745699049
-4605.749354034157,0.038949966197516256,0.025341269630994895,0.03894360315880667
-4594.141659339845,0.03897163020439352,0.025343394850461862,0.03896796730150292
-4582.563219055256,0.03899330327680819,0.02534551560190093,0.038992270040222606
-4571.013959451393,0.03901498539953823,0.025347631892767872,0.03901651152972029
-4559.493806985416,0.039036676556591536,0.025349743730514167,0.03904069192435982
-4548.002688300028,0.039058376731211965,0.02535185112258742,0.03906481137811557
-4536.540530221948,0.03908008590588809,0.025353954076431436,0.03908887004457569
-4525.107259763135,0.03910180406235673,0.025356052599485646,0.0391128680769395
-4513.702804119867,0.039123531181612256,0.02535814669918554,0.03913680562801945
-4502.327090670307,0.039145267243913776,0.025360236382962514,0.03916068285024623
-4490.980046977245,0.03916701222878955,0.02536232165824378,0.03918449989566299
-4479.6616007856555,0.03918876611504418,0.025364402532452163,0.039208256915930495
-4468.371680021479,0.039210528880768154,0.025366479013006645,0.03923195406232964
-4457.1102127943695,0.03923230050500028,0.025368551107321523,0.03925559148575575
-4445.877127393419,0.039254080988843455,0.025370618822806952,0.03927916933672749
-4434.672352289297,0.039275870349267744,0.02537268216686875,0.0393026877653824
-4423.495816132112,0.039297668602957914,0.02537474114690842,0.039326146921481404
-4412.347447752938,0.039319475765940776,0.025376795770322865,0.03934954695440557
-4401.227176161374,0.039341291853593176,0.025378846044504664,0.03937288801316125
-4390.134930546458,0.03936311688064317,0.02538089197684177,0.039396170246378155
-4379.070640275448,0.039384950861176174,0.025382933574717725,0.039419393802311936
-4368.034234893208,0.03940679380864081,0.025384970845511532,0.03944255882884544
-4357.025644122827,0.03942864573584971,0.025387003796597453,0.039465665473487434
-4346.04479786408,0.03945050665498832,0.025389032435345238,0.03948871388337581
-4335.09162619405,0.0394723765776145,0.025391056769119805,0.039511704205276325
-4324.166059364988,0.03949425551466805,0.025393076805281606,0.03953463658558705
-4313.26802780614,0.039516143476470034,0.025395092551186046,0.039557511170334535
-4302.397462121006,0.039538040472731885,0.025397104014184126,0.0395803281051796
-4291.554293088255,0.039559946512555684,0.025399111201621735,0.03960308753541539
-4280.7384516617185,0.039581861604440695,0.02540111412084003,0.03962578960596737
-4269.949868968571,0.039603785756287174,0.025403112779175247,0.03964843446139719
-4259.188476309316,0.03962571897540119,0.025405107183958782,0.03967102224590266
-4248.454205158715,0.039647661268496136,0.025407097342517015,0.039693553103315855
-4237.746987163033,0.03966961264170191,0.025409083262171377,0.03971602717710886
-4227.066754141259,0.039691573100563766,0.025411064950238354,0.039738444610391215
-4216.413438084194,0.039713542650050664,0.025413042414029263,0.03976080554591184
-4205.786971154452,0.039735521294556465,0.02541501566085038,0.039783110126059014
-4195.187285684927,0.03975750903790625,0.02541698469800298,0.03980535849286361
-4184.614314179716,0.03977950588335852,0.025418949532782984,0.039827550787997164
-4174.067989312285,0.039801511833610914,0.02542091017248138,0.0398496871527757
-4163.548243926079,0.03982352689080346,0.025422866624383846,0.039871767728158446
-4153.055011034523,0.03984555105652219,0.02542481889577069,0.039893792654747885
-4142.588223818885,0.03986758433180487,0.025426766993917112,0.03991576207279418
-4132.147815629191,0.03988962671714314,0.025428710926092998,0.039937676122193275
-4121.733719983313,0.03991167821248708,0.0254306506995629,0.03995953494248883
-4111.345870566657,0.03993373881724993,0.025432586321586053,0.039981338672872825
-4100.984201232476,0.039955808530310555,0.02543451779941598,0.04000308745218497
-4090.648645999424,0.039977887350019135,0.025436445140301328,0.04002478141891778
-4080.3391390539973,0.039999975274199705,0.025438368351484743,0.040046420711211485
-4070.0556147471793,0.04002207230015463,0.025440287440203716,0.04006800546686107
-4059.798007595966,0.040044178424668196,0.025442202413690204,0.040089535823313045
-4049.566252282449,0.04006629364401167,0.025444113279170497,0.0401110119176674
-4039.3602836535138,0.0400884179539441,0.0254460200438653,0.04013243388667824
-4029.18003671992,0.04011055134971996,0.025447922714989833,0.040153801866755684
-4019.025446655998,0.04013269382609066,0.025449821299753657,0.04017511599396654
-4008.8964488002616,0.04015484537732573,0.025451715805360542,0.04019637640403298
-3998.7929786529626,0.04017700600006649,0.025453606239008816,0.04021758323233772
-3988.7149718785345,0.040199175696439444,0.02545549260789076,0.040238736613918843
-3978.6623643019307,0.04022135446879569,0.025457374919193212,0.04025983668347751
-3968.635091910759,0.04024354231895433,0.02545925318009706,0.04028088357537348
-3958.633090854063,0.04026573924820647,0.025461127397777304,0.040301877423627674
-3948.656297441405,0.04028794525732082,0.025462997579403315,0.04032281836192407
-3938.7046481425614,0.040310160346545484,0.025464863732138562,0.04034370652361038
-3928.7780795884382,0.04033238451561177,0.02546672586314043,0.04036454204169609
-3918.876528568325,0.04035461776373997,0.0254685839795607,0.040385325048858264
-3908.9999320320294,0.040376860089640906,0.025470438088544888,0.04040605567743704
-3899.148227087743,0.04039911149151928,0.025472288197232754,0.040426734059440105
-3889.3213510020414,0.040421371967079275,0.02547413431275794,0.04044736032654271
-3879.5192411998805,0.04044364151352838,0.025475976442248065,0.04046793461008767
-3869.7418352636864,0.040465920127577944,0.025477814592824843,0.040488457041087285
-3859.9890709330466,0.040488207805450226,0.025479648771603726,0.040508927750223966
-3850.2608861050157,0.04051050454287956,0.025481478985694174,0.0405293468678496
-3840.557218832896,0.04053281033511775,0.025483305242199397,0.04054971452398813
-3830.878007326236,0.040555125176935644,0.025485127548216507,0.040570030848335555
-3821.223189949611,0.04057744906262914,0.025486945910836507,0.04059029597026244
-3811.592705223538,0.04059978198602127,0.02548876033714411,0.040610510018812065
-3801.986491823864,0.040622123940464216,0.025490570834217754,0.040630673122701674
-3792.4044885802437,0.040644474918845895,0.025492377409129734,0.04065078541032567
-3782.846634477051,0.04066683491359137,0.02549418006894582,0.040670847009753694
-3773.312868651856,0.040689203916667194,0.025495978820725827,0.040690858048733854
-3763.8031303957287,0.04071158191958442,0.025497773671522984,0.04071081865469206
-3754.317359153545,0.040733968913401766,0.02549956462838412,0.04073072895473137
-3744.85549452185,0.040756364888729815,0.0255013516983498,0.040750589075636535
-3735.4174762494677,0.040778769835733496,0.025503134888454324,0.040770399143872635
-3726.0032442381134,0.04080118374413579,0.025504914205725083,0.040790159285583855
-3716.612738539645,0.04082360660322185,0.025506689657183498,0.04080986962659925
-3707.245899357895,0.040846038401841415,0.025508461249844246,0.040829530292428855
-3697.9026670468397,0.040868479128411885,0.025510228990715596,0.040849141408267585
-3688.582982110904,0.040890928770923055,0.025511992886799277,0.040868703098994555
-3679.2867852052664,0.04091338731693828,0.025513752945090316,0.04088821548917246
-3670.014017133418,0.040935854753599836,0.025515509172577378,0.04090767870305268
-3660.764618848688,0.04095833106763125,0.025517261576242362,0.040927092864572114
-3651.5385314530236,0.04098081624534026,0.025519010163060737,0.040946458097355684
-3642.3356961969894,0.04100331027262229,0.0255207549400011,0.040965774524716406
-3633.1560544794625,0.04102581313496392,0.02552249591402542,0.04099126321568549
-3623.9995478464116,0.041048324817444665,0.025524233092089173,0.04101776277308131
-3614.866117991203,0.04107084530474396,0.025525966481140968,0.04104419554470134
-3605.7557067549037,0.04109337458113861,0.025527696088122543,0.04107056169886152
-3596.668256124149,0.041115912630511724,0.025529421919969212,0.04109686140345652
-3587.6037082323583,0.04113845943635065,0.025531143983609176,0.04112309482595616
-3578.562005358824,0.04116101498175403,0.025532862285964086,0.04114926213340814
-3569.5430899277926,0.04118357924943401,0.02553457683394862,0.04117536349244062
-3560.5469045096884,0.04120615222171661,0.02553628763447062,0.041201399069258744
-3551.573391818059,0.04122873388285178,0.025537994694431167,0.04122736902965342
-3542.6224947126284,0.041251324237551186,0.025539698020724363,0.04125327353899252
-3533.694156195331,0.0412739233011036,0.02554139762023743,0.041279112762232346
-3524.7883194133597,0.04129653108829183,0.025543093499850664,0.041304886863908825
-3515.9049276561186,0.04131914761329718,0.025544785666437406,0.0413305960081463
-3507.043924356746,0.04134177288969877,0.025546474126863943,0.041356240358653144
-3498.2052530899787,0.04136440693048232,0.02554815888798982,0.04138182007872794
-3489.388857573678,0.0413870497480389,0.025549839956667295,0.04140733533125505
-3480.5946816666938,0.04140970135417298,0.025551517339741765,0.0414327862787108
-3471.82266937039,0.04143236176010434,0.02555319104405149,0.041458173083159085
-3463.072764826204,0.04145503097647293,0.025554861076427817,0.04148349590625841
-3454.3449123171713,0.041477709013342585,0.025556527443694715,0.041508754909257484
-3445.639056266401,0.04150039588020531,0.025558190152669347,0.04153395025299965
-3436.955141237379,0.041523091585982934,0.02555984921016144,0.04155908209792196
-3428.2931119321393,0.04154579613903598,0.025561504622974053,0.04158415060406052
-3419.652913193704,0.041568509547161375,0.025563156397902558,0.041609155931043404
-3411.0344900030323,0.041591231817601215,0.025564804541735413,0.041634098238099486
-3402.437787480545,0.04161396295704376,0.02556644906125382,0.04165897768405403
-3393.862750884295,0.041636702971628255,0.025568089963231826,0.04168379442733398
-3385.309325609967,0.04165945186695047,0.025569727254436164,0.04170854862596795
-3376.7774571920972,0.04168220964806159,0.025571360941626327,0.04173324043758274
-3368.267091301633,0.04170497631947692,0.02557299103155451,0.041757870019410344
-3359.7781737462383,0.04172775188517816,0.02557461753096579,0.0417824375282871
-3351.3106504709026,0.0417505363486161,0.02557624044659759,0.0418069431206519
-3342.8644675567216,0.041773329712714156,0.025577859785180262,0.04183138695254975
-3334.4395712199803,0.041796131979874425,0.025579475553436832,0.04185576917963442
-3326.035907813071,0.04181894315197911,0.025581087758082807,0.04188008995716574
-3317.6534238232693,0.04184176323039453,0.02558269640582656,0.04190434944001321
-3309.292065873652,0.04186459221597527,0.02558430150336866,0.0419285477826533
-3300.95178072035,0.04188743010906819,0.02558590305740268,0.041952685139177416
-3292.6325152546847,0.04191027690951506,0.025587501074614546,0.04197676166328571
-3284.334216501641,0.041933132616655905,0.025589095561682852,0.0420007775082915
-3276.0568316195636,0.04195599722933445,0.02559068652527858,0.04202473282712217
-3267.8003079001555,0.04197887074589925,0.0255922739720653,0.04204862777231913
-3259.564592768175,0.042001753164209114,0.025593857908699145,0.042072462496038736
-3251.349633779602,0.042024644481636404,0.02559543834182881,0.04209623715005757
-3243.155378624692,0.04204754469506885,0.025597015278095197,0.04211995188576362
-3234.9817751237024,0.04207045380091421,0.025598588724131836,0.04214360685416863
-3226.828771229334,0.04209337179510485,0.02560015868656481,0.042167202205901054
-3218.6963150252063,0.042116298673099586,0.025601725172012365,0.042190738091210454
-3210.584354725551,0.04213923442988762,0.025603288187085446,0.042214214659968385
-3202.4928386758215,0.042162179059990985,0.025604847738387122,0.04223763206166665
-3194.42171535056,0.04218513255747117,0.02560640383251309,0.042260990445423446
-3186.3709333555303,0.04220809491602276,0.0256079564760512,0.04228428995997722
-3178.3404414246684,0.04223106613270051,0.025609505675581824,0.04230753075369546
-3170.3301884219113,0.042254046209085266,0.025611051437677567,0.04233071297456946
-3162.3401233402838,0.042277035146557417,0.025612593768903392,0.042353836770216875
-3154.3701953006766,0.0423000329459522,0.02561413267581657,0.04237690228788534
-3146.420353552152,0.042323039607564866,0.025615668164966795,0.04239990967445155
-3138.490547472858,0.04234605513115155,0.025617200242895693,0.04242285907641861
-3130.5807265666735,0.04236907951593801,0.025618728916137673,0.04244575063992575
-3122.690840466869,0.042392112760617516,0.025620254191218807,0.04246858451073774
-3114.8208389318347,0.04241515486336099,0.025621776074657907,0.04249136083425724
-3106.970671847216,0.04243820582181633,0.025623294572965805,0.042514079755518616
-3099.140289225305,0.04246126563311344,0.025624809692645543,0.04253674141918973
-3091.3296412041223,0.04248433429386936,0.025626321440192407,0.04255934596957456
-3083.5386780474187,0.042507411800190346,0.0256278298220937,0.04258189355061322
-3075.7673501437603,0.04253049814767618,0.02562933484482932,0.0426043843058846
-3068.015608008053,0.04255359333142451,0.02563083651487076,0.042626818378601945
-3060.2834022781844,0.04257669734603421,0.025632334838682127,0.04264919591162259
-3052.5706837177754,0.04259981018560841,0.025633829822719473,0.042671517047439995
-3044.8774032140377,0.04262293184376009,0.02563532147343098,0.042693781928189935
-3037.203511778083,0.042646062313613314,0.025636809797256997,0.0427159906956496
-3029.548960544006,0.042669201587808965,0.02563829480062989,0.04273814349124028
-3021.913700770107,0.04269234965850602,0.025639776489974207,0.04276024045602377
-3014.2976838367517,0.042715506517387834,0.025641254871706383,0.04278228173070865
-3006.700861246375,0.042738672155665756,0.025642729952235335,0.04280426745565017
-2999.123184625006,0.042761846564078596,0.025644201737961454,0.04282619777084593
-2991.5646057192153,0.042785029732901415,0.02564567023527774,0.04284807281594466
-2984.0250763979457,0.04280822165194657,0.025647135450568882,0.04286989273024093
-2976.5045486515987,0.04283142231056634,0.02564859739021156,0.042891657652677814
-2969.002974591118,0.04285463169765846,0.025650056060574678,0.04291336772184951
-2961.520306448293,0.04287784980166887,0.02565151146801897,0.04293502307600051
-2954.0564965751514,0.04290107661059486,0.02565296361889728,0.04295662385302729
-2946.611497443957,0.042924312111988376,0.025654412519554366,0.04297817019047838
-2939.185261646601,0.042947556292960924,0.025655858176326922,0.042999662225556096
-2931.7777418952096,0.04297080914018372,0.025657300595543622,0.043021100095114784
-2924.388891020012,0.04299407063989629,0.025658739783525068,0.043042483935666995
-2917.018661970557,0.04301734077790511,0.02566017574658386,0.04306381388337995
-2909.667007815105,0.04304061953958913,0.025661608491024463,0.04308509007407733
-2902.333881740323,0.04306390690990145,0.025663038023143254,0.043106312643240115
-2895.0192370500613,0.04308720287337714,0.02566446434922865,0.043127481726010164
-2887.723027166883,0.04311050741413018,0.02566588747556066,0.04314859745718577
-2880.445205630536,0.04313382051586134,0.02566730740841141,0.04316965997122609
-2873.1857260970364,0.04315714216186049,0.025668724154044923,0.04319066940225379
-2865.9445423395878,0.04318047233500979,0.02567013771871705,0.04321162588405237
-2858.721608248882,0.043203811017785164,0.025671548108675297,0.04323252955006534
-2851.516877830356,0.043227158192262596,0.025672955330159418,0.043253380533404114
-2844.3303052063256,0.043250513840118826,0.02567435938940057,0.043274178966841846
-2837.1618446141574,0.04327387794263602,0.025675760292622113,0.04329492498281874
-2830.0114504071803,0.04329725048070482,0.02567715804603894,0.043315618713439384
-2822.879077053163,0.04332063143482656,0.02567855265585789,0.04333626029047717
-2815.764679135229,0.04334402078736676,0.02567994412827763,0.043356849845371664
-2808.6682113500237,0.04336741854181918,0.025681332469488633,0.04337738750923386
-2801.5896285092413,0.043390824713112876,0.025682717685673012,0.04339787341284182
-2794.5288855384056,0.043414239315679115,0.025684099783004774,0.04341830768664417
-2787.4859374759517,0.04343766236332775,0.02568547876764978,0.04343869046076274
-2780.46073947445,0.043461093869244745,0.02568685464576542,0.04345902186498909
-2773.453246798771,0.04348453384600371,0.025688227423501138,0.043479302028789725
-2766.4634148273108,0.0435079823055659,0.02568959710699775,0.04349953108130264
-2759.4911990504606,0.043531439259283405,0.02569096370238814,0.04351970915134168
-2752.5365550700003,0.04355490471790908,0.02569232721579691,0.04353983636739834
-2745.5994386015363,0.04357837869159224,0.025693687653340118,0.043559912857634685
-2738.679805470843,0.043601861189890165,0.025695045021125688,0.04357993874989396
-2731.777611615081,0.04362535222176965,0.025696399325253392,0.04359991417169703
-2724.892813082797,0.043648851795609296,0.025697750571814514,0.04361983925024241
-2718.025366033621,0.043672359919205955,0.025699098766892123,0.04363971411240715
-2711.175226736738,0.04369587659977961,0.025700443916561014,0.0436595388847512
-2704.34235157272,0.04371940184397212,0.025701786026887417,0.043679313693512196
-2697.52669703139,0.043742935657858105,0.025703125103929556,0.04369903866461155
-2690.728219711516,0.04376647804694522,0.025704461153737274,0.043718713923655415
-2683.946876322949,0.043790029016177394,0.025705794182351877,0.043742921309592085
-2677.182623683263,0.04381358856994196,0.025707124195806452,0.04377150093524729
-2670.4354187195895,0.043837156712069295,0.025708451200125774,0.04380000853281238
-2663.7052184667846,0.0438607334458418,0.025709775201326265,0.04382844428381926
-2656.99198006926,0.04388431877399426,0.025711096205415822,0.04385680836933697
-2650.2956607785422,0.043907912698716786,0.02571241421839415,0.04388510096998196
-2643.616217953882,0.04393151522166376,0.02571372924625253,0.04391332226591555
-2636.953609062256,0.043955126343952454,0.025715041294973828,0.043941472436843904
-2630.3077916777547,0.04397874606616931,0.025716350370532583,0.043969551662020614
-2623.678723481583,0.04400237438837285,0.02571765647889493,0.04399756012024672
-2617.066362261146,0.044026011310099186,0.02571895962601857,0.044025497989874526
-2610.470665910657,0.04404965683036387,0.02572025981785277,0.04405336544880509
-2603.8915924305284,0.044073310947664715,0.02572155706033854,0.04408116267449075
-2597.3290999264573,0.04409697365999083,0.025722851359408296,0.044108889843939014
-2590.7831466103385,0.04412064496481913,0.025724142720986144,0.0441365471337087
-2584.2536907990457,0.04414432485912327,0.025725431150987754,0.044164134719915066
-2577.7406909144306,0.04416801333937557,0.02572671665532042,0.04419165277822984
-2571.244105483325,0.044191710401549636,0.025727999239882837,0.04421910148388118
-2564.7638931372308,0.04421541604112671,0.025729278910565465,0.044246481011655035
-2558.300012611716,0.04423913025309648,0.025730555673250187,0.04427379153589763
-2551.8524227457983,0.04426285303196344,0.025731829533810608,0.044301033230518136
-2545.4210824834763,0.04428658437174572,0.025733100498111606,0.04432820626898214
-2539.005950871284,0.04431032426598516,0.0257343685720098,0.04435531082432202
-2532.6069870592078,0.0443340727077462,0.025735633761353363,0.04438234706913308
-2526.224150299772,0.04435782968962113,0.025736896071982023,0.04440931517557735
-2519.8573999492587,0.044381595203864095,0.025738155509726857,0.044436215315378495
-2513.5066954655704,0.04440536924643148,0.025739412080410612,0.04446304765983083
-2507.171996408842,0.04442915181770984,0.025740665789847603,0.04448981237979671
-2500.853262440831,0.04445294291782675,0.025741916643843697,0.044516509645709156
-2494.550453326134,0.0444767425463646,0.025743164648195996,0.04454313962756663
-2488.2635289294476,0.04450055070236558,0.02574440980869349,0.04456970249494473
-2481.9924492170867,0.044524367384335545,0.025745652131116504,0.04459619841698965
-2475.737174256988,0.04454819259024793,0.02574689162123677,0.04462262756241824
-2469.49766421627,0.04457202631754665,0.025748128284817765,0.044648990099528316
-2463.273879363976,0.04459586856315297,0.02574936212761429,0.044675286196187027
-2457.0657800677204,0.04461971932346541,0.02575059315537275,0.04470151601984506
-2450.8733267967386,0.04464357859436555,0.02575182137383092,0.04472767973752374
-2444.6964801182257,0.04466744637122385,0.025753046788718217,0.04475377751583051
-2438.5352006994717,0.04469132264889946,0.025754269405755578,0.0447798095209499
-2432.3894493075577,0.044715207421747054,0.02575548923065518,0.0448057759186448
-2426.2591868075247,0.0447391006836176,0.025756706269120928,0.044831676874264224
-2420.144374163288,0.04476300242786702,0.025757920526848156,0.04485751255273944
-2414.044972437028,0.04478691264735606,0.025759132009523608,0.04488328311858651
-2407.960942789799,0.04481083133445395,0.02576034072282554,0.04490898873590376
-2401.8922464790903,0.044834758481044165,0.02576154667242385,0.04493462956838208
-2395.838844861571,0.04485869407852705,0.025762749863979684,0.04496020577929329
-2389.800699390648,0.04488263811782256,0.025763950303145672,0.044985717531500505
-2383.7777716164683,0.044906590589375905,0.02576514799556611,0.045011164987458094
-2377.7700231868325,0.044930551483160164,0.025766342946876557,0.04503654830920783
-2371.77741584567,0.04495452078867899,0.02576753516270418,0.04506186765838534
-2365.7999114336485,0.04497849849497316,0.02576872464866763,0.04508712319621751
-2359.837471887259,0.045002484590620215,0.025769911410376815,0.045112315083526366
-2353.8900592388172,0.045026479063741,0.025771095453433493,0.045137443480729074
-2347.9576356173748,0.04505048190200029,0.025772276783430404,0.04516250854783408
-2342.0401632465887,0.04507449309261429,0.025773455405952047,0.04518751044445011
-2336.1376044447175,0.045098512622352226,0.02577463132657449,0.04521244932978617
-2330.2499216264528,0.04512254047753787,0.025775804550864895,0.045237325362643875
-2324.377077299869,0.04514657664405592,0.02577697508438218,0.04526213870143024
-2318.519034068253,0.04517062110735472,0.0257781429326767,0.04528688950415002
-2312.675754629189,0.04519467385244751,0.025779308101290106,0.04531157792840955
-2306.8472017742547,0.04521873486391903,0.02578047059575555,0.04533620413141804
-2301.033338388102,0.04524280412592794,0.025781630421597757,0.04536076826999144
-2295.234127449988,0.04526688162220921,0.025782787584332827,0.045385270500546006
-2289.44953203133,0.04529096733607758,0.025783942089468354,0.04540971097910858
-2283.6795152978425,0.045315061250431964,0.025785093942503244,0.045434089861307606
-2277.924040507096,0.04533916334775778,0.025786243148928033,0.04545840730238342
-2272.1830710094328,0.045363273610132496,0.02578738971422473,0.04548266345718441
-2266.456570248273,0.04538739201922369,0.025788533643866567,0.04550685848016566
-2260.744501757975,0.04541151855629971,0.02578967494331845,0.04553099252539807
-2255.0468291659763,0.04543565320222684,0.025790813618036663,0.04555506574655925
-2249.3635161909583,0.045459795937474526,0.025791949673468886,0.04557907829694131
-2243.694526642544,0.04548394674211888,0.025793083115054304,0.0456030303294521
-2238.0398244222124,0.04550810559584793,0.02579421394822361,0.04562692199661139
-2232.399373522078,0.04553227247796076,0.025795342178398892,0.04565075345055601
-2226.773138025195,0.04555644736737184,0.025796467810993637,0.045674524843038536
-2221.161082104948,0.04558063024374501,0.02579759085141286,0.045698236325429915
-2215.5631700250533,0.04560482110539314,0.02579871130505313,0.04572188804871942
-2209.9793661398608,0.045629019965972455,0.02579982917730212,0.045745480163513395
-2204.4096348922203,0.045653226839004746,0.025800944473539443,0.04576901282004425
-2198.8539408159227,0.045677441737385464,0.025802057199135767,0.04579248616816018
-2193.312248533867,0.0457016646733925,0.02580316735945339,0.04581590035733288
-2187.7845227574535,0.04572589565868835,0.02580427495984609,0.04583925553666011
-2182.2707282874953,0.04575013470432334,0.025805380005659035,0.045862551854861856
-2176.770830013916,0.04577438182074222,0.025806482502228816,0.04588578946028162
-2171.2847929139175,0.04579863701778839,0.02580758245488369,0.045908968500894126
-2165.812582054422,0.04582290030470382,0.025808679868943134,0.045932089124295035
-2160.354162589629,0.04584717169013884,0.025809774749718132,0.04595515147771123
-2154.909499761323,0.04587145118215312,0.02581086710251134,0.04597815570799957
-2149.4785588994823,0.04589573878822091,0.025811956932616547,0.04600110196164425
-2144.061305420753,0.04592003451523432,0.025813044245319355,0.046023990384763326
-2138.6577048296695,0.04594433836950735,0.02581412904589664,0.046046821123103494
-2133.2677227177414,0.04596865035678021,0.025815211339616607,0.04606959432204396
-2127.8913247625346,0.04599297048222453,0.02581629113173928,0.046092310126600367
-2122.5284767282837,0.04601729875044529,0.02581736842751588,0.04611496868142214
-2117.179144465586,0.04604163516548839,0.025818443232189316,0.04613757013079384
-2111.843293911707,0.046065979730837925,0.025819515550993696,0.04616011461863383
-2106.5208910890556,0.046090332449428235,0.02582058538915487,0.046182602288500726
-2101.211902105487,0.04611469332364234,0.025821652751890058,0.04620503328359216
-2095.916293154914,0.04613906235531713,0.02582271764440797,0.04622740774674213
-2090.6340305163935,0.04616343954574858,0.025823780071908744,0.04624972582042491
-2085.365080553207,0.046187824895694646,0.02582484003958419,0.04627198764675889
-2080.1094097140854,0.046212218405379285,0.025825897552617424,0.046294193367501464
-2074.866984532596,0.046236620074494104,0.025826952616183046,0.046316343124051564
-2069.637771626227,0.046261029902207075,0.02582800523544726,0.04633843705745355
-2064.421737696084,0.04628544788716413,0.025829055415567685,0.046360475308398486
-2059.2188495281107,0.04630987402748847,0.025830103161693544,0.046382458017219
-2054.029073991255,0.046334308320792716,0.025831148478965525,0.046404385323897
-2048.8523780383866,0.04635875076417462,0.02583219137251571,0.04642625736805984
-2043.6887287059938,0.04638320135422684,0.025833231847467678,0.04644807428898156
-2038.5380931126533,0.046407660087037304,0.0258342699089368,0.04646983622558937
-2033.4004384608645,0.046432126958193154,0.025835305562029575,0.0464915433164559
-2028.275732034607,0.04645660196278688,0.025836338811844377,0.04651319569980953
-2023.163941201477,0.04648108509541792,0.025837369663470822,0.04653479351352534
-2018.0650334105503,0.04650557635019402,0.0258383981219902,0.04655633689513414
-2012.9789761936047,0.04653007572074106,0.0258394241924752,0.04657782598181734
-2007.905737163287,0.0465545832002009,0.02584044787999021,0.04659926091041466
-2002.845284014946,0.046579098781236346,0.025841469189590967,0.04662064181741638
-1997.7975845244941,0.046603622456038545,0.02584248812632488,0.046641968838972425
-1992.7626065496304,0.04662815421632474,0.02584350469523079,0.04666324211088713
-1987.740318028618,0.046652694053345614,0.025844518901339212,0.046684461768624466
-1982.7306869812003,0.04667724195790212,0.02584553074967201,0.04670562794730412
-1977.7336815067704,0.04670179792311192,0.025846540245242827,0.04672674078170926
-1972.7492697855912,0.046726361947694285,0.025847547393056686,0.046747800406281376
-1967.777420078185,0.046750934030627724,0.025848552198110206,0.04676880695512285
-1962.8181007253343,0.046775514170335784,0.025849554665391548,0.046789760561996956
-1957.8712801465545,0.04680010236469513,0.02585055479988057,0.04681066136033431
-1952.9369268425369,0.046824698611034866,0.025851552606548412,0.046831509483222566
-1948.0150093920959,0.04684930290614336,0.02585254809035803,0.04685230506341928
-1943.105496453695,0.04687391524627373,0.025853541256263938,0.0468730482333455
-1938.2083567648374,0.04689853562714322,0.025854532109212076,0.04689373912508832
-1933.323559141454,0.04692316404394234,0.025855520654140134,0.04691437787040346
-1928.4510724788206,0.04694780049133545,0.02585650689597721,0.04693496460071141
-1923.5908657494203,0.04697244496346616,0.025857490839644233,0.04695549944710645
-1918.7429080050804,0.04699709745396034,0.02585847249005344,0.04697598254034761
-1913.9071683751417,0.047021757955931505,0.02585945185210887,0.046996414010866454
-1909.0836160667632,0.0470464264619825,0.025860428930706086,0.04701679398876571
-1904.2722203646163,0.04707110296421216,0.02586140373073229,0.04703712260382063
-1899.4729506305812,0.04709578745421694,0.025862376257066347,0.04705739998548027
-1894.6857763049663,0.04712047992309505,0.025863346514578466,0.04707762626286228
-1889.910666903457,0.047145180361451704,0.025864314508130863,0.04709780156476587
-1885.1475920195571,0.04716988875940213,0.02586528024257708,0.04711792601966143
-1880.3965213230624,0.0471946051065755,0.025866243722762427,0.047137999755697046
-1875.6574245603665,0.04721932939211646,0.025867204953523765,0.047159368932964185
-1870.9302715541558,0.04724406160469303,0.025868163939689718,0.04719066469243683
-1866.2150322031032,0.0472688017324968,0.02586912068608043,0.04722188157845524
-1861.511676480954,0.04729354976325071,0.025870075197507815,0.047253019789805985
-1856.8201744389664,0.047318305684205385,0.025871027478775257,0.04728407952476243
-1852.1404962019446,0.04734306948215341,0.025871977534677973,0.04731506098111105
-1847.4726119712898,0.04736784114342036,0.02587292537000268,0.04734596435613124
-1842.8164920228653,0.04739262065388038,0.025873870989527974,0.04737678984660938
-1838.172106707606,0.04741740799895368,0.02587481439802393,0.04740753764883488
-1833.5394264512129,0.04744220316360779,0.02587575560025244,0.047438207958602145
-1828.9184217541542,0.04746700613236935,0.025876694600966806,0.047468800971210603
-1824.3090631901384,0.047491816889320075,0.025877631404912574,0.04749931688147479
-1819.7113214091667,0.04751663541810058,0.025878566016826247,0.04752975588370416
-1815.12516713265,0.047541461701922326,0.025879498441436645,0.047560118171735395
-1810.550571158291,0.04756629572355798,0.025880428683463897,0.04759040393890011
-1805.9875043548977,0.04759113746535874,0.025881356747620193,0.04762061337805915
-1801.4359376669602,0.04761598690924605,0.025882282638609033,0.047650746681572334
-1796.8958421106827,0.04764084403672342,0.02588320636112598,0.04768080404132468
-1792.367188775816,0.04766570882887347,0.025884127919858183,0.047710785648714324
-1787.8499488253515,0.04769058126636718,0.025885047319484374,0.047740691694654495
-1783.3440934943003,0.04771546132946353,0.02588596456467531,0.04777052236958163
-1778.8495940909145,0.04774034899801181,0.025886879660093245,0.04780027786344729
-1774.3664219945508,0.04776524425146232,0.025887792610392386,0.04782995836573226
-1769.8945486578066,0.04779014706885903,0.0258887034202185,0.047859564065432486
-1765.4339456049938,0.0478150574288515,0.02588961209420927,0.047889095151069094
-1760.9845844318347,0.04783997530969315,0.025890518636994028,0.04791855181069047
-1756.5464368060707,0.047864900689249035,0.025891423053193946,0.04794793423186819
-1752.1194744665488,0.04788983354499253,0.02589232534742194,0.04797724260170307
-1747.703669223525,0.04791477385401736,0.025893225524282734,0.04800647710682321
-1743.2989929580547,0.047939721593031476,0.0258941235883728,0.04803563793338793
-1738.905417622298,0.04796467674531732,0.025895019544280383,0.04806472526708585
-1734.5229152392146,0.04798963932395847,0.025895913396585618,0.04809373929313685
-1730.1514579019529,0.048014609349252536,0.025896805149860414,0.04812268019629614
-1725.791017773545,0.048039586840285683,0.025897694808668534,0.048151548160856254
-1721.4415670887383,0.048064571814936945,0.025898582377565326,0.04818034337063495
-1717.103078150943,0.04808956428989709,0.025899467861098275,0.04820906600899541
-1712.7755233334537,0.04811456428067169,0.02590035126380652,0.04823771625883816
-1708.458875079448,0.048139571801592874,0.02590123259022117,0.04826629430260105
-1704.1531059016831,0.0481645868658294,0.025902111844864965,0.0482948003222613
-1699.858188382189,0.0481896094853954,0.02590298903225263,0.04832323449933751
-1695.5740951722698,0.04821463967116043,0.025903864156890714,0.048351597014889655
-1691.3007989906714,0.0482396774328624,0.025904737223277782,0.048379888049531215
-1687.038272627245,0.048264722779108725,0.025905608235904057,0.04840810778340493
-1682.7864889386738,0.04828977571739658,0.025906477199251675,0.048436256396211075
-1678.5454208509136,0.04831483625411249,0.02590734411779477,0.04846433406719132
-1674.315041357669,0.04833990439454944,0.025908208995999285,0.0484923409751388
-1670.0953235206973,0.04836498014290929,0.025909071838323028,0.048520277298396114
-1665.8862404707236,0.04839006350231696,0.025909932649215702,0.04854814321484927
-1661.68776540439,0.048415154474830094,0.02591079143311904,0.04857593890194788
-1657.4998715870015,0.048440253061445705,0.025911648194466674,0.048603664536686964
-1653.3225323510007,0.04846535926210829,0.025912502937684042,0.04863132029561708
-1649.1557210965782,0.04849047307571927,0.025913355667188522,0.04865890635484024
-1644.9994112901454,0.048515594500152505,0.025914206387389567,0.04868642289002009
-1640.8535764655574,0.048540723532253305,0.02591505510268839,0.048713870076373726
-1636.7181902228901,0.04856586016785217,0.025915901817478316,0.048741248088679856
-1632.593226228747,0.04859100440177878,0.025916746536144574,0.04876855710127674
-1628.478658217174,0.04861615622785763,0.025917589263064294,0.04879579728805615
-1624.3744599866075,0.048641315638930885,0.02591843000260671,0.048822968822483555
-1620.2806054032321,0.04866648262685849,0.025919268759132877,0.04885007187757591
-1616.1970683982331,0.04869165718252735,0.025920105536995943,0.04887710662591982
-1612.1238229681023,0.0487168392958665,0.025920940340541116,0.04890407323966957
-1608.0608431758583,0.048742028955846964,0.02592177317410536,0.048930971890538966
-1604.0081031495213,0.04876722615049542,0.02592260404201788,0.0489578027498115
-1599.9655770821118,0.04879243086690009,0.025923432948599834,0.04898456598834034
-1595.9332392319575,0.04881764309122267,0.025924259898164236,0.04901126177654628
-1591.9110639214714,0.0488428628087058,0.0259250848950165,0.049037890284425845
-1587.899025538983,0.048868090003675556,0.025925907943453674,0.04906445168153916
-1583.8970985366025,0.04889332465955656,0.02592672904776514,0.049090946137024104
-1579.9052574311359,0.048918566758879095,0.02592754821223216,0.04911737381959024
-1575.9234768034746,0.04894381628328478,0.025928365441128167,0.049143734897522856
-1571.9517312985965,0.04896907321353509,0.02592918073871853,0.04917002953868296
-1567.9899956252589,0.04899433752952322,0.025929994109260873,0.04919625791050932
-1564.038244556,0.04901960921027638,0.02593080555700475,0.049222420180018434
-1560.096452927139,0.04904488823396578,0.02593161508619192,0.04924851651380455
-1556.1645956387745,0.0490701745779184,0.02593242270105605,0.04927454707803967
-1552.2426476529556,0.049095468218620604,0.025933228405823208,0.04930051203848566
-1548.3305839961215,0.04912076913239738,0.025934032204711237,0.049326411560478095
-1544.4283797572712,0.049146077309418355,0.025934834101930402,0.04935224580893837
-1540.536010087964,0.049171392753466193,0.02593563410168289,0.04937801494837371
-1536.6534502023185,0.049196715468311995,0.025936432208163177,0.04940371914287718
-1532.7806753776238,0.04922204545712941,0.025937228425557658,0.04942935855612362
-1528.9176609525075,0.04924738272250452,0.025938022758045198,0.04945493335138177
-1525.064382328463,0.0492727272664326,0.025938815209796545,0.04948044369150419
-1521.2208149686269,0.04929807909032958,0.025939605784974815,0.04950588973893534
-1517.3869343983918,0.04932343819502884,0.025940394487735007,0.049531271655707504
-1513.562716203878,0.049348804580794214,0.025941181322224786,0.04955658960345093
-1509.7481360340707,0.0493741782473135,0.0259419662925835,0.04958184374337967
-1505.9431695980743,0.049399559193716344,0.02594274940294304,0.049607034236309765
-1502.1477926675525,0.04942494741856269,0.025943530657427227,0.04963216124264309
-1498.3619810736773,0.04945034291986247,0.02594431006015239,0.049657224922387534
-1494.5857107095696,0.049475745695068796,0.025945087615226986,0.04968222543514088
-1490.8189575287745,0.04950115574108443,0.025945863326751605,0.049707162940100864
-1487.061697546176,0.049526573054269864,0.02594663719881899,0.04973203759605913
-1483.3139068352507,0.04955199763044646,0.025947409235514595,0.04975684956141943
-1479.575561532035,0.049577429464894435,0.025948179440915525,0.049781598994171325
-1475.8466378311578,0.049602868552362706,0.025948947819091506,0.049806286051916476
-1472.1271119876717,0.049628314887076884,0.0259497143741046,0.04983091089185652
-1468.4169603167475,0.04965376846273052,0.025950479110008882,0.04985547367079507
-1464.7161591930644,0.04967922927250335,0.025951242030850852,0.049879974545141786
-1461.0246850505043,0.04970469730905226,0.02595200314066939,0.049904413670914374
-1457.3425143830675,0.04973017256452794,0.025952762443495515,0.049928791203732524
-1453.6696237430422,0.049755655030569335,0.02595351994335272,0.04995310729883005
-1450.0059897428341,0.049781144698309784,0.025954275644256744,0.04997736211104274
-1446.351589053137,0.04980664155838527,0.02595502955021558,0.05000155579482052
-1442.7063984032375,0.04983214560093371,0.02595578166522975,0.050025688504225375
-1439.0703945822347,0.049857656815597805,0.025956531993291836,0.05004976039292333
-1435.4435544362948,0.049883175191533055,0.02595728053838715,0.0500737716142026
-1431.825854870787,0.04990870071741236,0.02595802730449304,0.05009772232095943
-1428.2172728493679,0.049934233381421826,0.025958772295579396,0.050121612665704196
-1424.6177853927607,0.04995977317127561,0.025959515515608534,0.05014544280056947
-1421.0273695805863,0.049985320074211914,0.02596025696853502,0.050169212877297885
-1417.4460025504482,0.05001087407699545,0.025960996658305747,0.05019292304724821
-1413.8736614964057,0.050036435165930926,0.025961734588860367,0.05021657346140546
-1410.3103236708062,0.05006200332685493,0.025962470764130625,0.050240164270368745
-1406.7559663833683,0.050087578545147636,0.025963205188040843,0.05026369562435736
-1403.2105670005728,0.050113160805737106,0.025963937864507673,0.05028716767321482
-1399.6741029465772,0.0501387500930931,0.025964668797440218,0.050310580566402766
-1396.146551701385,0.050164346391242065,0.025965397990740286,0.050333934453013145
-1392.6278908029824,0.05018994968376623,0.025966125448301704,0.05035722948175402
-1389.1180978452007,0.05021555995380435,0.025966851174011155,0.050380465800963746
-1385.6171504783288,0.05024117718406329,0.025967575171747578,0.05040364355860689
-1382.1250264094163,0.05026680135680972,0.02596829744538253,0.05042676290227224
-1378.6417034013589,0.050292432453883415,0.02596901799877996,0.05044982397917889
-1375.167159273204,0.05031807045738797,0.02596973683579636,0.05047282693617414
-1371.701371899845,0.050343715360915656,0.025970453960280786,0.05049577191973559
-1368.2443192120209,0.050369367167656796,0.025971169376074733,0.05051865907597112
-1364.7959791960118,0.050395025880523504,0.025971883087012242,0.0505414885506209
-1361.3563298936388,0.0504206915018296,0.025972595096919997,0.05056426048905739
-1357.9253494025686,0.05044636403329403,0.02597330540961697,0.050586975036283344
-1354.5030158738734,0.05047204347605164,0.025974014028915127,0.05060963233694792
-1351.0893075159968,0.05049772983064726,0.025974720958618573,0.050632232535320496
-1347.684202591397,0.05052342309704461,0.025975426202524153,0.05065477577531281
-1344.2876794162432,0.050549123274638945,0.025976129764421364,0.05067726220048103
-1340.89971636316,0.05057483036224351,0.025976831648092245,0.05069969195400756
-1337.520291858177,0.0506005443581134,0.025977531857311314,0.050722065178721236
-1334.149384381644,0.05062626525993381,0.025978230395846003,0.05074438201709129
-1330.7869724685365,0.05065199306483458,0.02597892726745607,0.050766642611225286
-1327.4330347081495,0.05067772776938952,0.02597962247589398,0.05078884710287119
-1324.0875497431834,0.050703469369625415,0.0259803160249049,0.050810995633423374
-1320.750496270353,0.0507292178610155,0.02598100791822665,0.05083308834391864
-1317.4218530400838,0.05075497323849997,0.025981698159589613,0.050855125375038196
-1314.1015988565102,0.05078073549647357,0.025982386752716916,0.05087710686710766
-1310.7897125768668,0.05080650462880233,0.025983073701324428,0.050899032960101113
-1307.4861731120977,0.05083228062881873,0.025983759009120425,0.05092090379363706
-1304.1909594259419,0.05085806348933452,0.02598444267980627,0.05094271950698449
-1300.9040505352368,0.05088385320263602,0.025985124717075685,0.050964480239060826
-1297.6254255096155,0.05090964976049287,0.025985805124615385,0.05098618612843399
-1294.355063472115,0.050935453154161064,0.02598648390610445,0.051007837313318344
-1291.092943597346,0.050961263374391726,0.025987161065215172,0.05102943393158679
-1287.839045113019,0.05098708041142237,0.025987836605612127,0.051050976120760726
-1284.5933472990284,0.051012904254997465,0.02598851053095298,0.051072464018016024
-1281.3558294877575,0.0510387348943575,0.025989182844887944,0.051093897760181084
-1278.1264710634694,0.05106457231825382,0.025989853551060073,0.05111527748374085
-1274.9052514619993,0.05109041651494738,0.02599052265310521,0.051136603324838804
-1271.6921501719783,0.05111626747220973,0.025991190154651893,0.051157875419268924
-1268.4871467326948,0.051142125177335726,0.025991856059321708,0.05117909390248981
-1265.2902207356212,0.05116798961713833,0.025992520370728724,0.05120025890961456
-1262.101351823499,0.051193860777959475,0.025993183092480016,0.05122137057541688
-1258.9205196903379,0.05121973864566868,0.025993844228175488,0.05124242903433105
-1255.7477040814156,0.051245623205667924,0.02599450378140776,0.05126343442045192
-1252.5828847929736,0.05127151444290033,0.025995161755762417,0.051284386867536946
-1249.4260416722173,0.051297412341844824,0.025995818154817864,0.05130528650900619
-1246.2771546173142,0.051323316886526874,0.025996472982145313,0.051326133477942314
-1243.1362035764807,0.051349228060525304,0.02599712624130894,0.051346927907096634
-1240.0031685495062,0.051375145846962636,0.025997777935865624,0.051367669928879034
-1236.8780295853128,0.051401070228522,0.025998428069365438,0.05138835967537412
-1233.760766784091,0.051427001187445684,0.02599907664535116,0.05140899727832708
-1230.651360296079,0.051452938705537715,0.025999723667358386,0.05142958286915175
-1227.5497903209528,0.051478882764170515,0.02600036913891579,0.0514501165789347
-1224.456037108741,0.051504833344285426,0.026001013063545027,0.05147059853842912
-1221.370080959215,0.05153079042639729,0.026001655444760484,0.05149102887805887
-1218.2919022218891,0.051556753994707785,0.026002296286069683,0.0515186465404462
-1215.2214812954096,0.051582724048703496,0.026002935590972963,0.05155322221660859
-1212.1587986284708,0.05160870059105727,0.026003573362963696,0.05158771075307178
-1209.1038347179838,0.051634683623846045,0.02600420960552837,0.05162211236945794
-1206.0565701112125,0.05166067314853748,0.026004844322146132,0.05165642728482222
-1203.016985403943,0.05168666916601231,0.026005477516289417,0.051690655717673346
-1199.9850612404832,0.051712671676559484,0.026006109191423606,0.05172479788597367
-1196.9607783142737,0.051738680679879336,0.026006739351007058,0.05175885400713227
-1193.9441173678872,0.05176469617509143,0.02600736799849099,0.051792824298004914
-1190.9350591915024,0.05179071816073992,0.026007995137319957,0.05182670897491134
-1187.9335846244312,0.05181674663479262,0.026008620770931454,0.05186050825361795
-1184.9396745535912,0.05184278159465504,0.02600924490275594,0.051894222349355104
-1181.9533099150326,0.05186882303716085,0.026009867536216952,0.051927851476799854
-1178.9744716918021,0.05189487095859011,0.026010488674731255,0.05196139585010005
-1176.0031409157727,0.051920925354663944,0.02601110832170851,0.05199485568285371
-1173.0392986661197,0.051946986220554235,0.026011726480551542,0.052028231188126176
-1170.0829260696241,0.05197305355088685,0.026012343154656392,0.05206152257844672
-1167.134004300979,0.05199912733974042,0.026012958347412008,0.052094730065805075
-1164.1925145821783,0.052025207580660426,0.026013572062200566,0.05212785386165833
-1161.258438182518,0.052051294266653614,0.026014184302397367,0.05216089417693089
-1158.3317564185943,0.0520773873901976,0.02601479507137085,0.05219385122201455
-1155.4124506533901,0.05210348694325068,0.02601540437248279,0.05222672520677873
-1152.500502298105,0.05212959291723717,0.026016012209087776,0.052259516340549886
-1149.595892810324,0.05215570530307254,0.026016618584533694,0.05229222483213213
-1146.6986036937128,0.05218182409115768,0.026017223502161818,0.05232485088981069
-1143.8086164989338,0.052207949271381816,0.02601782696530638,0.05235739472134154
-1140.9259128239498,0.05223408083312551,0.026018428977294762,0.05238985653394801
-1138.050474311279,0.052260218765277054,0.026019029541447972,0.05242223653435172
-1135.1822826519617,0.052286363056217464,0.026019628661079642,0.052454534928727876
-1132.3213195815922,0.05231251369383683,0.026020226339497098,0.05248675192274995
-1129.4675668821512,0.052338670665541875,0.02602082258000073,0.05251888772156909
-1126.6210063817,0.05236483395824512,0.026021417385884166,0.05255094252981751
-1123.7816199537701,0.052391003558383706,0.026022010760434425,0.05258291655161541
-1120.9493895182788,0.052417179451910725,0.02602260270693163,0.05261480999056064
-1118.1242970403084,0.05244336162430963,0.026023193228649086,0.05264662304974243
-1115.306324529801,0.05246955006059464,0.026023782328853818,0.05267835593174488
-1112.4954540430851,0.05249574474530885,0.026024370010805726,0.05271000883862972
-1109.6916676810436,0.05252194566253636,0.02602495627775822,0.052741581971956955
-1106.894947589724,0.05254815279590484,0.026025541132958022,0.052773075532778005
-1104.10527596034,0.052574366128581435,0.026026124579645107,0.052804489721635685
-1101.3226350292693,0.052600585643284646,0.026026706621052737,0.0528358247385642
-1098.5470070765298,0.05262681132228704,0.026027287260407823,0.05286708078310635
-1095.7783744285246,0.052653043147415604,0.02602786650093028,0.05289825805428259
-1093.0167194546857,0.05267928110005664,0.026028444345833533,0.05292935675062882
-1090.262024569611,0.05270552516116076,0.02602902079832449,0.05296037707017235
-1087.5142722321468,0.052731775311250215,0.026029595861603198,0.0529913192104422
-1084.7734449450847,0.05275803153040967,0.02603016953886342,0.05302218336847253
-1082.0395252554658,0.05278429379830523,0.026030741833292067,0.05305296974079922
-1079.3124957548857,0.052810562097858296,0.0260313127480695,0.053083678523456405
-1076.5923390776638,0.05283683642710775,0.02603188228636971,0.053114309911997136
-1073.8790379026743,0.052863116787648504,0.026032450451359945,0.053144864101472726
-1071.1725749524312,0.05288940318048102,0.02603301724620085,0.053175341286443065
-1068.4729329927816,0.05291569560602188,0.02603358267404669,0.05320574166098008
-1065.7800948326021,0.052941994064099905,0.026034146738045202,0.053236065418671125
-1063.094043325019,0.052968298553969194,0.026034709441337484,0.053266312752605294
-1060.4147613661873,0.052994609074302736,0.026035270787058015,0.05329648385538713
-1057.7422318943757,0.05302092562321032,0.02603583077833509,0.05332657891914692
-1055.0764378917966,0.05304724819823207,0.026036389418290323,0.05335659813552013
-1052.4173623836923,0.05307357679634416,0.0260369467100388,0.05338654169565765
-1049.764988437418,0.05309991141396936,0.026037502656689242,0.053416409790236166
-1047.1192991630523,0.05312625204697781,0.026038057261343915,0.05344620260945124
-1044.4802777137038,0.05315259869068784,0.026038610527098497,0.05347592034301388
-1041.8479072848986,0.05317895133987397,0.026039162457042422,0.053505563180157444
-1039.2221711142768,0.05320530998877007,0.026039713054258395,0.05353513130964104
-1036.6030524815915,0.053231674631077565,0.026040262321823108,0.05356462491974955
-1033.9905347090148,0.05325804525996096,0.026040810262806427,0.05359404419829019
-1031.384601160832,0.053284421868055896,0.026041356880272107,0.053623389332595923
-1028.7852352428317,0.053310804447482374,0.026041902177277452,0.053652660509532366
-1026.1924204026104,0.05333719298983515,0.02604244615687329,0.053681857915494326
-1023.6061401304887,0.05336358748618927,0.026042988822104103,0.05371098173639552
-1021.0263779570693,0.053389987927120734,0.026043530176008085,0.05374003215769603
-1018.4531174553736,0.05341639430268422,0.026044070221616974,0.05376900936437828
-1015.8863422396208,0.05344280660243878,0.026044608961956185,0.05379791354096076
-1013.3260359646181,0.05346922481544582,0.026045146400045054,0.05382674487150492
-1010.7721823275907,0.05349564893026421,0.026045682538896046,0.05385550353959452
-1008.2247650657415,0.053522078934968714,0.026046217381515975,0.05388418972836317
-1005.6837679577761,0.053548514817145024,0.02604675093090482,0.053912803620477075
-1003.1491748235984,0.05357495656389007,0.02604728319005649,0.05394134539813856
-1000.620969523089,0.05360140416182772,0.026047814161958685,0.053969815243099746
-998.0991359576321,0.05362785759710136,0.02604834384959258,0.053998213336645395
-995.5836580685889,0.05365431685538432,0.026048872255933397,0.05402653985961009
-993.0745198382133,0.053680781921885336,0.026049399383949817,0.054054794992367934
-990.5717052884314,0.05370725278134346,0.026049925236604637,0.05408297891484628
-988.075198482367,0.05373372941804126,0.026050449816853987,0.05411109180650855
-985.5849835225108,0.053760211815802296,0.02605097312764811,0.054139133846374865
-983.1010445522467,0.05378669995799631,0.02605149517193082,0.05416710521300487
-980.6233657540196,0.05381319382754997,0.026052015952639933,0.05419500608451833
-978.1519313508626,0.05383969340693627,0.02605253547270682,0.05422283663857793
-975.6867256054803,0.05386619867819032,0.0260530537350569,0.05425059705239967
-973.2277328193344,0.05389270962291471,0.02605357074260937,0.054278287502763076
-970.7749373344737,0.05391922622226875,0.026054086498277212,0.054305908165990624
-968.3283235323142,0.053945748456984355,0.026054601004967204,0.054333459217961504
-965.8878758333336,0.053972276307368665,0.02605511426558009,0.05436094083411501
-963.453578697071,0.05399880975330387,0.026055626283010447,0.05438835318945059
-961.0254166224328,0.05402534877425239,0.02605613706014679,0.054415696458524364
-958.6033741479971,0.05405189334925942,0.026056646599871332,0.05444297081544573
-956.1874358507937,0.05407844345712263,0.02605715490506025,0.054470176433891085
-953.7775863459984,0.05410499908516197,0.026057661978583915,0.05449731348710725
-951.3738102887643,0.05413156023344787,0.02605816782330623,0.054524382147890876
-948.9760923723908,0.05415812690254686,0.02605867244208524,0.05455138258860906
-946.5844173289336,0.05418469909242889,0.026059175837772754,0.05457831498119247
-944.1987699282895,0.05421127680247353,0.02605967801321485,0.05460517949714563
-941.8191349797225,0.05423786003147902,0.026060178971251142,0.054631976307529764
-939.4454973303374,0.05426444877766275,0.02606067871471553,0.054658705582979986
-937.0778418644696,0.054291043038673076,0.026061177246435866,0.054685367493712146
-934.7161535070422,0.05431764281157603,0.02606167456923366,0.05471196220948505
-932.3604172177678,0.05434424809288638,0.02606217068592495,0.05473848989966573
-930.0106179969462,0.054370858878543156,0.026062665599319364,0.054764950733164196
-927.6667408808875,0.05439747516394082,0.02606315931222073,0.054791344878484916
-925.3287709452685,0.05442409694390736,0.026063651827426742,0.054817672503689074
-922.9966933017763,0.054450724212735634,0.02606414314772935,0.05484393377643235
-920.670493100549,0.054477356964163996,0.026064633275914465,0.05487012886393742
-918.3501555283455,0.05450399519139939,0.026065122214762114,0.05489625793301458
-916.0356658106808,0.054530638887103404,0.02606560996704608,0.054922321150037694
-913.7270092087753,0.05455728804341537,0.02606609653553465,0.05494831868097856
-911.4241710223,0.05458394265193845,0.026066581922989954,0.05497425069137599
-909.1271365866315,0.05461060270376265,0.02606706613216827,0.055000117346366714
-906.8358912752923,0.0546372681894508,0.026067549165819943,0.055025918810657895
-904.5504204981199,0.05466393909905304,0.026068031026689517,0.05505165524854777
-902.2707097015726,0.05469061542210996,0.0260685117175157,0.0550773268239222
-899.9967443693391,0.054717297147655525,0.026068991241031094,0.05510293370024777
-897.7285100208129,0.05474398426422304,0.02606946959996278,0.05512847604058902
-895.4659922129237,0.0547706767598423,0.02606994679703178,0.055153954007587803
-893.2091765383057,0.05479737462205422,0.026070422834953255,0.055179367763483894
-890.9580486262134,0.05482407783790494,0.026070897716436663,0.05520471747010469
-888.7125941416068,0.05485078639395765,0.02607137144418572,0.055230003288875534
-886.4727987863707,0.054877500276289466,0.026071844020898072,0.05525522538080593
-884.2386482984002,0.054904219470500296,0.026072315449265755,0.055280383906499884
-882.01012845038,0.05493094396171857,0.026072785731974996,0.05530547902616967
-879.7872250519197,0.05495767373460126,0.026073254871706312,0.05533051089961171
-877.5699239480292,0.054984408773333514,0.026073722871134332,0.05535547968622382
-875.3582110197282,0.055011149061643484,0.02607418973292796,0.0553803855449983
-873.152072183436,0.05503789458279913,0.02607465545975038,0.05540522863452882
-870.9514933903613,0.0550646453196109,0.026075120054259163,0.05543000911301729
-868.7564606283332,0.05509140125444051,0.026075583519105876,0.055454727138253244
-866.5669599199701,0.05511816236920063,0.02607604585693659,0.05547938286763446
-864.3829773223747,0.055144928645360594,0.026076507070391667,0.05550397645817037
-862.2044989292698,0.055171700063949045,0.026076967162105644,0.05552850806645808
-860.0315108679471,0.0551984766055596,0.0260774261347075,0.05555297784871662
-857.8639993020132,0.05522525825035054,0.026077883990820453,0.055577385960756134
-855.701950428644,0.0552520449780595,0.026078340733062148,0.05560173255800871
-853.5453504810246,0.05527883676798467,0.026078796364044372,0.05562601779550095
-851.3941857262145,0.05530563359901501,0.026079250886373508,0.05565024182787802
-849.248442465452,0.055332435449620486,0.02607970430265038,0.05567440480940017
-847.1081070365958,0.0553592422978453,0.026080156615469606,0.0556985068939153
-844.9731658089371,0.05538605412134393,0.026080607827421064,0.055722548234917325
-842.8436051889977,0.05541287090274534,0.026081057941088163,0.055746528985480936
-840.7194116150371,0.055439692639743965,0.026081506959049375,0.05577044929832342
-838.6005715616302,0.05546651933222893,0.02608195488387719,0.05579430932575311
-836.4870715363098,0.05549335097949658,0.026082401718138658,0.055818109219707215
-834.3788980807881,0.055520187580257126,0.026082847464395285,0.05584184913173806
-832.2760377706509,0.05554702913263191,0.02608329212520296,0.05586552921301649
-830.1784772153578,0.055573875634163133,0.026083735703112086,0.055889149614331946
-828.0862030579374,0.05560072708181728,0.026084178200667538,0.05591271048609582
-825.999201975597,0.055627583471985396,0.02608461962040856,0.05593621197833464
-823.9174606788073,0.055654444800496014,0.026085059964868994,0.05595965424070034
-821.8409659119133,0.055681311062608894,0.026085499236577016,0.05598303742246342
-819.7697044513022,0.05570818225303446,0.026085937438055512,0.05600636167253353
-817.7036631084563,0.05573505836592101,0.026086374571821763,0.05602962713942516
-815.6428287272055,0.05576193939487092,0.02608681064038754,0.056052833971288483
-813.5871881843381,0.05578882533294061,0.02608724564625925,0.05607598231590257
-811.5367283905164,0.055815716172643914,0.0260876795919377,0.056099072320665036
-809.4914362884452,0.055842611905964956,0.02608811247991846,0.05612210413261265
-807.4512988547036,0.05586951252434188,0.026088544312691277,0.05614507789840075
-805.4163030973027,0.05589641801870258,0.026088975092741093,0.05616799376433071
-803.3864360587381,0.055923328379435255,0.026089404822546708,0.05619085187631556
-801.3616848132428,0.0559502435964177,0.026089833504582008,0.05621365237991098
-799.342036467398,0.0559771636590106,0.026090261141315317,0.056236395420308345
-797.3274781607431,0.05600408855606058,0.026090687735209513,0.0562590811423279
-795.3179970645552,0.05603101827591319,0.02609111328872233,0.056281709690432516
-793.3135803836801,0.0560579528064061,0.026091537804305804,0.05630428120870701
-791.3142153540908,0.056084892134882026,0.026091961284406794,0.056326795840885714
-789.3198892444135,0.056111836248181717,0.026092383731466766,0.056349253730335246
-787.3305893550121,0.05613878513266697,0.026092805147921873,0.056371655020064824
-785.3463030185984,0.05616573877420359,0.02609322553620299,0.056393999852719395
-783.3670176002322,0.05619269715817428,0.026093644898735394,0.056416288370579666
-781.3927204954904,0.056219660269495084,0.02609406323793945,0.056438520715582655
-779.4233991332133,0.056246628092591344,0.02609448055622986,0.05646069702929084
-777.4590409724527,0.05627360061143427,0.02609489685601633,0.05648281745292646
-775.4996335055246,0.0563005778095134,0.026095312139703005,0.05650488212733719
-773.5451642549561,0.056327559669866516,0.026095726409688963,0.056526891193030504
-771.5956207753176,0.056354546175068916,0.02609613966836789,0.05654884479015302
-769.6509906523064,0.05638153730723961,0.02609655191812826,0.05657074305850086
-767.7112615027474,0.05640853304804744,0.02609696316135336,0.0565925861375196
-765.776420974898,0.0564355333787208,0.026097373400421214,0.056614374166300885
-763.8464567487529,0.05646253828002961,0.026097782637704462,0.05663610728357894
-761.9213565342138,0.05648954773231912,0.026098190875570786,0.05665778562775124
-760.0011080732252,0.05651656171548841,0.02609859811638235,0.05667940933685441
-758.0856991373328,0.05654358020901734,0.026099004362496462,0.05670097854859174
-756.1751175301252,0.05657060319194483,0.02609940961626508,0.0567224934003057
-754.2693510860133,0.05659763064288537,0.02609981388003476,0.05674395402899165
-752.368387668399,0.056624662540045764,0.026100217156147337,0.05676536057131852
-750.4722151733373,0.05665169886120303,0.026100619446939127,0.05678671316358751
-748.5808215255694,0.05667873958372815,0.026101020754741588,0.05680801194177679
-746.6941946824892,0.05670578468457092,0.02610142108188059,0.05682925704149685
-744.8123226292615,0.056732834140401436,0.026101820430677356,0.05685044859804543
-742.9351933827886,0.056759887935846645,0.026102218803447763,0.056871586746362904
-741.0627949907947,0.05678694606914206,0.02610261620250243,0.05689267162104254
-739.1951155293851,0.056814008539313225,0.026103012630147224,0.05691370335635803
-737.3321431057924,0.05684107534477801,0.02610340808868266,0.05693468208623252
-735.4738658574607,0.056868146483368034,0.026103802580404192,0.056955607944248976
-733.6202719508254,0.05689522195232863,0.026104196107602288,0.056976481063663875
-731.7713495831442,0.056922301748329636,0.026104588672562275,0.05699730157738661
-729.9270869806656,0.056949385867457944,0.026104980277564405,0.05701806961800012
-728.087472399545,0.05697647430523547,0.02610537092488404,0.05703878531775057
-726.2524941255392,0.05700356705661547,0.026105760616791276,0.05705944880855077
-724.4221404740061,0.05703066411598573,0.0261061493555514,0.0570800602219802
-722.5963997899057,0.05705776547717947,0.02610653714342444,0.05710061968928501
-720.7752604468835,0.057084871133478585,0.02610692398266573,0.05712112734138831
-718.9587108491021,0.05711198107760966,0.026107309875525196,0.05714158330886956
-717.1467394284944,0.05713909530176583,0.026107694824248254,0.0571619877219955
-715.3393346469002,0.05716621379758777,0.026108078831074952,0.05718234071069611
-713.5364849954552,0.05719333655619297,0.02610846189824051,0.05720264240457146
-711.7381789942868,0.057220463568152954,0.026108844027975076,0.057222892932895134
-709.9444051915975,0.05724759482352631,0.02610922522250414,0.05724309242462459
-708.1551521658018,0.057274730311839536,0.026109605484047876,0.05726324100837705
-706.3704085224743,0.057301870022108854,0.026109984814821893,0.057283338812463905
-704.5901628977064,0.05732901394282843,0.026110363217036473,0.057303385964852904
-702.8144039547499,0.057356162061988555,0.026110740692897334,0.057323382593205914
-701.0431203861525,0.057383314367071156,0.02611111724460503,0.05734332882485495
-699.2763009128432,0.05741047084505675,0.026111492874355356,0.05736802782534466
-697.5139342841313,0.05743763148242745,0.0261118675843393,0.057407269432406295
-695.7560092777071,0.05746479626517759,0.026112241376742697,0.057446412140411574
-694.0025146993365,0.057491965178809286,0.02611261425374679,0.057485456198616086
-692.2534393834715,0.05751913820833527,0.026112986217527803,0.057524401855636696
-690.5087721920288,0.05754631533829341,0.026113357270257227,0.0575632493594787
-688.7685020159169,0.05757349655274197,0.026113727414101496,0.057601998957501885
-687.0326177735092,0.05760068183526645,0.026114096651222336,0.05764065089645447
-685.3011084103393,0.05762787116899022,0.026114464983776908,0.057679205422479916
-683.5739629012371,0.057655064536561905,0.026114832413917155,0.057717662781069365
-681.8511702481927,0.05768226192017376,0.02611519894379031,0.057756023217109195
-680.132719480356,0.05770946330156457,0.026115564575539024,0.05779428697488104
-678.4185996555631,0.05773666866201459,0.026115929311300884,0.057832454298027774
-676.7087998585049,0.05776387798235628,0.026116293153208906,0.05787052542959434
-675.0033092016429,0.05779109124298094,0.026116656103391228,0.05790850061200731
-673.3021168249037,0.057818308423833654,0.026117018163971228,0.05794638008708171
-671.605211895374,0.057845529504427846,0.026117379337067564,0.0579841640960278
-669.9125836076062,0.05787275446383612,0.026117739624794193,0.0580218528794443
-668.2242211830069,0.05789998328071286,0.026118099029260367,0.05805944667733196
-666.5401138710588,0.057927215933268945,0.026118457552570466,0.05809694572906638
-664.8602509474892,0.05795445239931042,0.026118815196824144,0.0581343502734388
-663.1846217151852,0.057981692656217096,0.02611917196411667,0.05817166054863569
-661.5132155048047,0.05800893668094916,0.026119527856538073,0.058208876792225174
-659.8460216723345,0.05803618445006588,0.026119882876174363,0.0582459992412114
-658.1830296021419,0.0580634359397161,0.02612023702510626,0.058283028131966556
-656.5242287042291,0.058090691125640796,0.02612059030541016,0.058319963700292056
-654.869608416063,0.05811794998684886,0.026120942719157755,0.05835680618137778
-653.2191582016605,0.05814521251771783,0.026121294268415956,0.058393555809822396
-651.5728675506729,0.05817247871634065,0.026121644955247197,0.05843021281965384
-649.9307259805215,0.05819974858022443,0.026121994781709207,0.058466777444281665
-648.2927230339571,0.05822702210628977,0.026122343749855063,0.05850324991655144
-646.6588482808905,0.05825429929088661,0.026122691861733237,0.05853963046870399
-645.029091317477,0.05828158012978948,0.02612303911938757,0.05857591933239575
-643.4034417652009,0.0583088646182092,0.02612338552485741,0.058612116738719175
-641.7818892724016,0.05833615275079634,0.026123731080177497,0.05864822291816876
-640.1644235136632,0.05836344452163631,0.026124075787377896,0.05868423810065463
-638.5510341898141,0.058390739924261074,0.02612441964848408,0.058720162515502515
-636.9417110260965,0.05841803895166509,0.02612476266551715,0.058755996391494564
-635.336443775523,0.058445341596287656,0.026125104840493477,0.05879173995679457
-633.7352222158248,0.05847264785002886,0.026125446175424984,0.058827393439015926
-632.1380361506726,0.058499957704257075,0.026125786672319035,0.05886295706519445
-630.544875410287,0.05852727114980377,0.02612612633317837,0.05889843106177479
-628.9557298489967,0.05855458817697944,0.026126465160001455,0.05893381565466479
-627.3705893479857,0.05858190877556842,0.026126803154781924,0.05896911106917432
-625.7894438131567,0.05860923293484053,0.02612714031950921,0.05900431753006286
-624.2122831760462,0.05863656064354577,0.026127476656168103,0.05903943526151911
-622.6390973941305,0.05866389188992594,0.026127812166738887,0.059074464487154185
-621.06987644991,0.058691226661717825,0.026128146853197413,0.059109405430022015
-619.5046103502981,0.05871856494616062,0.026128480717515157,0.05914425831263292
-617.9432891281482,0.05874590672999041,0.026128813761659056,0.05917902335691963
-616.3859028416425,0.058773251999456134,0.026129145987591543,0.05921370078425091
-614.8324415736819,0.058800600740314006,0.026129477397270687,0.059248290815445116
-613.2828954321914,0.05882795293783488,0.026129807992650137,0.05928279367076341
-611.7372545498145,0.058855308576807173,0.026130137775679144,0.05931720956991656
-610.1955090845239,0.058882667641553046,0.02613046674830246,0.059351538732051345
-608.6576492187061,0.058910030115909416,0.026130794912460505,0.05938578137577094
-607.1236651597711,0.05893739598325283,0.026131122270089197,0.05941993771912132
-605.5935471398479,0.058964765226493535,0.026131448823120212,0.059454007979598066
-604.0672854148689,0.058992137828078446,0.02613177457348086,0.05948799237416676
-602.5448702664003,0.05901951377000284,0.02613209952309396,0.059521891119222174
-601.0262920004221,0.05904689303380426,0.026132423673877917,0.0595557044306155
-599.5115409464125,0.059074275600574225,0.026132747027747056,0.05958943252367471
-598.0006074591787,0.05910166145096114,0.02613306958661106,0.059623075613163774
-596.4934819170259,0.059129050565173064,0.026133391352375593,0.05965663391332345
-594.9901547229779,0.05915644292298037,0.026133712326941734,0.0596901076378441
-593.4906163047775,0.059183838503714,0.026134032512206227,0.0597234969998657
-591.9948571133605,0.05921123728628176,0.026134351910061714,0.059756802212011774
-590.5028676240757,0.05923863924916646,0.02613467052239642,0.05979002348636227
-589.0146383366863,0.059266044370424015,0.026134988351094176,0.059823161034453516
-587.5301597735374,0.05929345262770437,0.026135305398034926,0.059856215067319016
-586.0494224826085,0.05932086399823136,0.02613562166509389,0.0598891857954215
-584.5724170350722,0.05934827845881885,0.02613593715414217,0.059922073428707236
-583.0991340249886,0.05937569598588268,0.026136251867046763,0.05995487817661292
-581.629564071747,0.05940311655542473,0.026136565805670055,0.05998760024801122
-580.1636978164038,0.05943054014305856,0.0261368789718708,0.06002023985129236
-578.7015259256494,0.05945796672399351,0.02613719136750288,0.0600527971942758
-577.2430390881468,0.059485396273047886,0.02613750299441626,0.06008527248429175
-575.7882280169722,0.059512828769473725,0.0261378138544568,0.0601176659281268
-574.3370834477846,0.0595402642076818,0.02613812394946592,0.06014997773206472
-572.8895961403513,0.05956770258469161,0.026138433281280925,0.060182208101852486
-571.4457568779376,0.059595143896936056,0.02613874185173488,0.06021435724271383
-570.0055564651709,0.05962258814029327,0.026139049662657024,0.06024642535939685
-568.5689857323127,0.0596500353100524,0.02613935671587189,0.06027841265607885
-567.1360355315968,0.05967748540095,0.026139663013200087,0.06031031933644789
-565.7066967378394,0.05970493840716897,0.026139968556458257,0.060342145603689216
-564.2809602496599,0.05973239432232761,0.02614027334745852,0.06037389166045804
-562.8588169879555,0.059759853139506824,0.026140577388009217,0.060405557708913545
-561.4402578974261,0.05978731485122485,0.026140880679914304,0.0604371439506849
-560.0252739447442,0.05981477944947897,0.026141183224973746,0.060468650586912025
-558.6138561191647,0.05984224692572003,0.026141485024983493,0.06050007781823202
-557.2059954340509,0.05986971727086043,0.026141786081735,0.060531425844745176
-555.8016829238229,0.05989719047530166,0.02614208639701606,0.060562694866082914
-554.4009096463988,0.05992466652890852,0.0261423859726101,0.06059388508135344
-553.003666681974,0.059952145421031694,0.026142684810296704,0.060624996689168924
-551.6099451333265,0.059979627140511,0.02614298291185105,0.06065602988763871
-550.2197361252067,0.06000711167566874,0.026143280279044726,0.0606869848743829
-548.8330308055578,0.060034599014332585,0.0261435769136448,0.06071786184650516
-547.4498203436846,0.06006208914381904,0.026143872817414596,0.060748661000633516
-546.0700959320852,0.06008958205094627,0.026144167992113176,0.06077938253287956
-544.6938487849246,0.06011707772204715,0.02614446243949571,0.060810026638872444
-543.3210701383399,0.06014457614296743,0.02614475616131348,0.060840593513752074
-541.9517512510508,0.060172077299048866,0.02614504915931344,0.06087108335215553
-540.5858834034443,0.06019958117518202,0.026145341435238754,0.06090149634823744
-539.2234578981844,0.06022708775574941,0.026145632990828453,0.06093183269565638
-537.8644660592972,0.060254597024693435,0.026145923827817833,0.060962092587595294
-536.5088992333914,0.06028210896545935,0.026146213947937917,0.06099227621673429
-535.1567487884373,0.06030962356104814,0.02614650335291587,0.061022383775277814
-533.8080061143778,0.06033714079398951,0.026146792044474936,0.06105241545494108
-532.4626626222123,0.06036466064636483,0.026147080024334447,0.06108237144697042
-531.1207097458279,0.0603921830997949,0.02614736729420949,0.06111225194210258
-529.7821389398631,0.06041970813545277,0.026147653855811543,0.061142057130612215
-528.4469416803188,0.060447235734081985,0.02614793971084808,0.06117178720229832
-527.1151094648624,0.060474765875968776,0.02614822486102258,0.061201442346477467
-525.7866338134389,0.06050229854096529,0.026148509308034522,0.06123102275197016
-524.4615062658295,0.060529833708502505,0.02614879305357977,0.06126052860715527
-523.1397183840924,0.06055737135756735,0.02614907609935008,0.06128996009991559
-521.821261751953,0.060584911466731214,0.026149358447033165,0.06131931741765147
-520.5061279732781,0.06061245401414225,0.026149640098313144,0.06134860074731481
-519.1943086739067,0.06063999897753323,0.026149921054870136,0.06137781027536825
-517.8857955001237,0.06066754633421908,0.026150201318380518,0.06140694618781916
-516.5805801198817,0.06069509606110978,0.026150480890516477,0.06143600867019247
-515.2786542221895,0.060722648134702746,0.026150759772946668,0.06146499790754426
-513.9800095158922,0.060750202531100916,0.026151037967335887,0.06149391408448891
-512.6846377321122,0.06077775922600502,0.026151315475344918,0.06152275738514479
-511.39253062241823,0.06080531819471592,0.026151592298630795,0.061551527993174975
-510.1036799582152,0.060832879412153096,0.026151868438846763,0.06158022609180088
-508.8180775334904,0.06086044285283596,0.026152143897642158,0.061608851863741085
-507.53571516084656,0.06088800849091293,0.026152418676662743,0.06163740549129967
-506.25658467485863,0.06091557630096606,0.026152692777550262,0.06166588715629146
-504.9806779302427,0.060943146269688525,0.026152966201942674,0.06169429704008284
-503.70798680246645,0.06097071839307471,0.026153238951474356,0.0617226353235781
-502.43850318774906,0.06099829266680132,0.02615351102777553,0.06175090218721948
-501.1722190015355,0.06102586908598818,0.02615378243247318,0.06177909781102113
-499.9091261809377,0.06105344764519634,0.02615405316719008,0.06180722237451477
-498.6492166829035,0.061081028338426296,0.026154323233545457,0.06183527605679041
-497.39248248421706,0.06110861115913198,0.026154592633154873,0.0618632590364964
-496.13891558241386,0.061136196100218976,0.026154861367629956,0.06189117149181904
-494.8885079954758,0.06116378315405327,0.026155129438578676,0.06191901360048934
-493.6412517609156,0.061191372312453585,0.026155396847605355,0.06194678553980344
-492.39713893638736,0.061218963566722226,0.026155663596310552,0.061974487486609
-491.15616159938094,0.061246556907626495,0.026155929686291227,0.062002119617312015
-489.9183118484431,0.06127415232540177,0.02615619511914036,0.06202968210784961
-488.6835818007359,0.061301749809777,0.02615645989644754,0.06205717513374441
-487.45196359356254,0.06132934934995579,0.02615672401979868,0.06208459887007059
-486.22344938497787,0.0613569509346363,0.02615698749077572,0.06211195349144023
-484.998031351652,0.061384554552003166,0.02615725031095723,0.06213923917205095
-483.77570169039626,0.06141216018975305,0.026157512481918,0.062166456085651856
-482.55645261785804,0.06143976783507555,0.02615777400522914,0.062193604405550405
-481.3402763699104,0.06146737747466189,0.026158034882458332,0.06222068430462597
-480.12716520226235,0.06149498909471898,0.026158295115169372,0.06224769595531622
-478.9171113904591,0.061522602680972864,0.026158554704922517,0.06227463952961717
-477.71010722927144,0.06155021821865467,0.026158813653274337,0.062301515199096734
-476.5061450320855,0.0615778356925432,0.02615907196177801,0.062328323134908346
-475.3052171327338,0.061605455086917116,0.026159329631982906,0.06235506350775015
-474.10731588427456,0.06163307638559737,0.026159586665434758,0.06238173648789222
-472.9124336583813,0.06166069957195049,0.026159843063676032,0.06240834224519012
-471.72056284625853,0.061688324628868564,0.02616009882824526,0.06243488094906454
-470.53169585894665,0.061715951538789275,0.026160353960677497,0.062461352768494495
-469.34582512549116,0.06174358028370468,0.02616060846250436,0.06248775787205808
-468.16294309446835,0.06177121084515239,0.0261608623352538,0.06251409642789853
-466.9830422339854,0.061798843204230174,0.026161115580450246,0.06254036860372417
-465.80611503045964,0.06182647734158125,0.02616136819961456,0.06256657456683563
-464.63215398983937,0.0618541132374378,0.026161620194264035,0.06259271448409867
-463.4611516360777,0.06188175087157729,0.026161871565912653,0.06261878852197815
-462.2931005126589,0.061909390223354246,0.02616212231607058,0.06264479684650402
-461.12799318229264,0.061937031271703046,0.026162372446244513,0.06267073962327815
-459.96582222508334,0.06196467399513492,0.02616262195793793,0.06269661701751512
-458.8065802409716,0.06199231837173452,0.026162870852650514,0.0627224291939878
-457.65025984820795,0.06201996437919233,0.0261631191318785,0.06274817631706135
-456.4968536836585,0.06204761199476578,0.026163366797114795,0.06277385855068648
-455.3463544024994,0.062075261195323445,0.026163613849848666,0.06279947605840618
-454.1987546785222,0.06210291195733577,0.02616386029156608,0.06282502900334888
-453.05404720474417,0.0621305642568479,0.026164106123749198,0.06285051754821502
-451.912224691272,0.06215821806954188,0.026164351347877243,0.06287594185532447
-450.77327986743813,0.062185873370685436,0.026164595965425568,0.062901302086569
-449.6372054808852,0.06221353013517051,0.026164839977866252,0.06292659840343268
-448.50399429726076,0.06224118833750369,0.02616508338666796,0.06295183096699872
-447.37363910052267,0.06226884795181474,0.026165326193295823,0.06297699993794258
-446.24613269293883,0.062296508951841016,0.026165568399211667,0.06300210547653202
-445.1214678944772,0.0623241713109662,0.02616581000587397,0.06302714774264072
-443.9996375440259,0.06235183500281654,0.026166051014737512,0.06305212689572103
-442.8806344978682,0.06237950001235074,0.02616629142725401,0.063077043094838
-441.7644516299868,0.06240716633446064,0.02616653124487171,0.06310189649866256
-440.65108183389543,0.06243483396383221,0.026166770469035188,0.06312668726543079
-439.54051801867143,0.062462502894618514,0.026167009101186217,0.06315141555303219
-438.4327531132283,0.06249017312040639,0.02616724714276257,0.06317608151891457
-437.327780063874,0.06251784463425046,0.02616748459519901,0.06320068532013846
-436.2255918333958,0.06254551742866445,0.026167721459927074,0.06322522711339745
-435.1261814041118,0.06257319149562444,0.026167957738374627,0.06324970705495023
-434.02954177512436,0.06260086682657222,0.026168193431966382,0.06327412530068176
-432.9356659632358,0.06262854341243732,0.026168428542123635,0.0632984820060829
-431.8445470026431,0.06265622124360914,0.02616866307026449,0.06332277732625721
-430.75617794585327,0.06268390030997141,0.02616889701780361,0.06334701141590053
-429.6705518618527,0.06271158060089936,0.0261691303861525,0.06337118442934175
-428.58766183824287,0.06273926210524386,0.026169363176719026,0.06339529652049529
-427.50750097879956,0.06276694481137281,0.026169595390908164,0.06341934784291542
-426.4300624062188,0.0627946287071296,0.02616982703012135,0.06344333854973512
-425.3553392584552,0.06282231377989383,0.026170058095756874,0.06346726879374763
-424.2833246926892,0.06285000001652057,0.026170288589209695,0.06349113872731808
-423.2140118828853,0.06287768740339442,0.026170518511871355,0.0635149485024379
-422.1473940188771,0.06290537592642657,0.026170747865130475,0.06353869827074515
-421.0834643094185,0.0629330655710319,0.026170976650372175,0.06356238818345661
-420.02221597974267,0.06296075632215781,0.026171204868978306,0.06358601839142212
-418.9636422715619,0.06298844816428738,0.026171432522327714,0.06360958904512462
-417.90773644459364,0.06301614108142284,0.026171659611795677,0.0636331002946461
-416.85449177503426,0.06304383505712743,0.026171886138754576,0.06365655228970164
-415.80390155586457,0.06307153007447656,0.026172112104573327,0.0636799451796326
-414.75595909715497,0.06309922611612566,0.026172337510617864,0.06370327911339979
-413.7106577260653,0.06312692316424785,0.026172562358250624,0.06372655423958354
-412.6679907862344,0.06315462120059587,0.026172786648831155,0.0637497707063972
-411.62795163839087,0.06318232020646541,0.026173010383715563,0.06377292866167364
-410.5905336594372,0.06321002016271784,0.026173233564257027,0.06379602825288555
-409.5557302439757,0.06323772104978287,0.026173456191805146,0.06381906962711156
-408.5235348021723,0.0632654228476614,0.026173678267706866,0.0638420529310837
-407.4939407612826,0.06329312553592856,0.026173899793305585,0.06386497831115354
-406.4669415647359,0.06332082909373604,0.026174120769941803,0.06388784591331242
-405.4425306736616,0.06334853349980843,0.026174341198952532,0.06391065588315768
-404.42070156444754,0.06337623873246599,0.026174561081671946,0.06393340836594681
-403.401447730571,0.06340394476961367,0.02617478041943091,0.06395610350655685
-402.38476268107286,0.06343165158876432,0.026174999213557388,0.06397874144951823
-401.37063994238883,0.06345935916700071,0.026175217465376033,0.06400132233897414
-400.3590730568233,0.06348706748103214,0.02617543517620833,0.06402384631871434
-399.35005558254954,0.0635147765071566,0.026175652347372836,0.06404631353217533
-398.34358109513556,0.0635424862212768,0.02617586898018481,0.0640687241224062
-397.33964318510255,0.0635701965989231,0.026176085075956635,0.0640910782321232
-396.3382354597561,0.06359790761523575,0.026176300635997393,0.06411337600366876
-395.3393515419655,0.06362561924496736,0.02617651566161336,0.06413561757903878
-394.34298507199463,0.06365333146249212,0.02617673015410724,0.06415780309984188
-393.34912970414524,0.06368104424182915,0.026176944114779378,0.06417993270737408
-392.35777911041885,0.06370875755660346,0.026177157544926413,0.0642020065425373
-391.36892697807554,0.0637364713800828,0.026177370445842237,0.06422402474589367
-390.3825670105493,0.06376418568518044,0.02617758281881761,0.06424598745764525
-389.3986929262275,0.06379190044444343,0.026177794665140475,0.06426789481766108
-388.41729846058706,0.06381961563307789,0.026178005986095324,0.06428974696542972
-387.4383773646684,0.06384733124096795,0.02617821678296387,0.06431154404009315
-386.461923403855,0.06387504726217585,0.026178427057024976,0.06433328618047401
-385.4879303612302,0.06390276369019697,0.026178636809554137,0.06435497352500084
-384.51639203452555,0.06393048051801768,0.02617884604182398,0.06437660621177596
-383.5473022370361,0.06395819773807662,0.026179054755104222,0.06439818437855521
-382.5806547979258,0.06398591534227496,0.026179262950661437,0.06441970816274104
-381.6164435616171,0.06401363332200821,0.026179470629759373,0.06444117770139617
-380.65466238809597,0.06404135166814114,0.02617967779365874,0.06446259313123676
-379.6953051538278,0.06406907037100386,0.026179884443617036,0.06448395458861206
-378.7383657490104,0.06409678942045237,0.02618009058088917,0.06450526220956554
-377.7838380803209,0.06412450880580027,0.026180296206726898,0.0645265161297737
-376.83171606969466,0.06415222851587912,0.026180501322378993,0.06454771648457333
-375.8819936540207,0.0641799485390205,0.02618070592909139,0.06456886340896825
-374.93466478636174,0.06420766886303714,0.0261809100281068,0.06458995703760215
-373.9897234332081,0.0642353894752915,0.026181113620665514,0.0646109975048197
-373.0471635784447,0.06426311036262625,0.0261813167080043,0.06463198494457832
-372.106979219079,0.06429083151142559,0.026181519291357605,0.06465291949054319
-371.1691643695127,0.0643185529075673,0.026181721371956294,0.0646738012759922
-370.23371305696503,0.0643462745364915,0.026181922951028863,0.06469463043391782
-369.300619324829,0.06437399638314532,0.02618212402980077,0.06471540709695241
-368.3698772317561,0.0644017184320225,0.02618232460949441,0.06473613139738857
-367.4414808507409,0.06442944066713686,0.02618252469132938,0.06475680346719953
-366.5154242700364,0.06445716307207708,0.026182724276522493,0.06477742343801877
-365.59170159284895,0.06448488562995049,0.026182923366287476,0.06479799144114681
-364.67030693703293,0.06451260832343032,0.026183121961835407,0.06481850760755803
-363.75123443539616,0.06454033113474407,0.026183320064374346,0.06483897206789381
-362.83447823539456,0.06456805404566845,0.026183517675109482,0.0648593849524694
-361.9200324997425,0.06459577703755516,0.026183714795243274,0.0648797463912603
-361.00789140488706,0.064623500091326,0.026183911425975353,0.06490005651393622
-360.09804914283893,0.06465122318746826,0.026184107568502278,0.06492031544982033
-359.1904999199517,0.06467894630603752,0.026184303224017935,0.06494052332791642
-358.2852379572273,0.06470666942666778,0.026184498393713448,0.06496068027690213
-357.38225748970524,0.06473439252860475,0.02618469307877699,0.06498078642514254
-356.4815527682941,0.06476211559064023,0.026184887280393917,0.06500084190064936
-355.58311805671923,0.06478983859119086,0.026185080999746892,0.06502084683114893
-354.68694763457523,0.0648175615082398,0.02618527423801556,0.06504080134401426
-353.79303579457866,0.06484528431939286,0.026185466996377176,0.06506070556632612
-352.9013768450099,0.06487300700184298,0.02618565927600574,0.06508055962481878
-352.0119651081871,0.06490072953238807,0.026185851078072652,0.06510036364591393
-351.12479492016104,0.06492845188744907,0.02618604240374663,0.06512011775572749
-350.2398606313254,0.06495617404305723,0.026186233254193614,0.06513982208005598
-349.35715660733257,0.064983895974841,0.026186423630576508,0.0651594767443562
-348.4766772272621,0.06501161765806736,0.02618661353405565,0.06517908187378596
-347.5984168839264,0.06503933906763677,0.02618680296578885,0.0651986375931973
-346.7223699850912,0.06506706017805441,0.026186991926930747,0.06521814402710928
-345.84853095255977,0.06509478096346369,0.026187180418633483,0.06523760129972841
-344.976894221258,0.06512250139765681,0.02618736844204645,0.06525700953496902
-344.1074542413702,0.0651502214540616,0.02618755599831617,0.06527636885640566
-343.24020547650787,0.06517794110571985,0.026187743088586603,0.06529567938731391
-342.37514240371036,0.06520566032536122,0.026187929713998994,0.06531494125067037
-341.5122595152752,0.0652333790853342,0.02618811587569169,0.06533415456911192
-340.6515513157069,0.06526109735765605,0.026188301574800617,0.06535331946500356
-339.79301232507356,0.06528881511552889,0.026188486812458656,0.06537243606036383
-338.93663707565,0.06531653234542144,0.026188671589796292,0.06539150447693942
-338.0824201146645,0.06534424904044818,0.026188855907941205,0.06541052483614405
-337.2303560024675,0.06537196519325408,0.0261890397680184,0.06542949725909931
-336.38043931375245,0.06539968079597046,0.026189223171150102,0.06544842186660738
-335.53266463603,0.06542739584020206,0.026189406118456045,0.06546729877918504
-334.68702657084856,0.06545511031703866,0.026189588611053232,0.06548612811703652
-333.8435197334891,0.06548282421705823,0.02618977065005606,0.0655049100000603
-333.00213875296527,0.06551053753033827,0.02618995223657604,0.06552364454784902
-332.16287827110796,0.06553825024644308,0.026190133371722355,0.06554233187970997
-331.3257329440909,0.06556596235445117,0.026190314056601285,0.06556097211463106
-330.49069744090497,0.06559367384294225,0.026190494292316714,0.06557956537131482
-329.6577664445789,0.06562138470000042,0.026190674079969632,0.0655981117681512
-328.8269346506533,0.06564909491324201,0.02619085342065868,0.06561661142325155
-327.9981967693171,0.06567680446977739,0.026191032315479666,0.06563506445440107
-327.17154752235535,0.0657045133562721,0.02619121076552605,0.06565347097912673
-326.34698164711716,0.06573222155889187,0.026191388771888213,0.06567183111460896
-325.5244938919374,0.0657599290633472,0.026191566335654493,0.0656901449777836
-324.70407901979934,0.06578763585487968,0.02619174345791026,0.06570841268526027
-323.8857318071135,0.06581534191827354,0.026191920139738284,0.06572663435334966
-323.06944704127665,0.06584304723787539,0.026192096382219247,0.0657448100981178
-322.25521952616475,0.06587075179753824,0.026192272186430467,0.06576294003526383
-321.44304407572423,0.0658984555807087,0.026192447553447438,0.0657810242802626
-320.6329155188549,0.06592615857037093,0.026192622484342575,0.06579906294825605
-319.82482869635817,0.0659538607490749,0.026192796980186037,0.06581705615412109
-319.0187784630733,0.06598156209892217,0.02619297104204517,0.06583500401242208
-318.21475968604636,0.0660092626016114,0.026193144670985036,0.06585290663745154
-317.4127672451404,0.06603696223839013,0.026193317868068146,0.06587076414321663
-316.61279603395127,0.066064660990083,0.026193490634354173,0.06588857664341874
-315.8148409582815,0.06609235883711187,0.026193662970900453,0.0659063442514874
-315.01889693705596,0.06612005575946407,0.026193834878761937,0.0659523240766919
-314.22495890140635,0.0661477517367298,0.026194006358990874,0.06599876551990115
-313.43302179650203,0.06617544674807882,0.026194177412636986,0.06604508991857115
-312.643080579109,0.06620314077228903,0.026194348040747602,0.06609129756770613
-311.85513021850505,0.0662308337877408,0.026194518244367592,0.0661373887615784
-311.06916569831105,0.06625852577239325,0.026194688024538993,0.0661833637936213
-310.28518201252365,0.066286216703848,0.02619485738230186,0.06622922295666127
-309.5031741697875,0.06631390655928199,0.026195026318693252,0.06627496654266783
-308.72313719034383,0.0663415953155111,0.026195194834748112,0.06632059484293223
-307.9450661069459,0.06636928294896664,0.026195362931498812,0.0663661081480138
-307.16895596485864,0.06639696943569805,0.026195530609975235,0.06641150674774002
-306.3948018221644,0.06642465475138389,0.02619569787120476,0.06645679093118856
-305.6225987494574,0.06645233887132575,0.026195864716212273,0.06650196098670529
-304.85234182923335,0.0664800217704595,0.026196031146020444,0.06654701720193983
-304.0840261565001,0.06650770342336672,0.026196197161649303,0.06659195986380995
-303.3176468393877,0.06653538380425927,0.026196362764116302,0.06663678925846579
-302.5531989973175,0.06656306288699969,0.026196527954436846,0.06668150567139704
-301.79067776283307,0.06659074064508558,0.02619669273362357,0.0667261093873258
-301.0300782800746,0.06661841705168797,0.026196857102686842,0.06677060069029583
-300.27139570569403,0.0666460920796178,0.02619702106263461,0.06681497986361899
-299.5146252088554,0.06667376570133705,0.026197184614472346,0.06685924718987526
-298.75976197031923,0.06670143788898844,0.026197347759203165,0.0669034029509663
-298.00680118366296,0.0667291086143613,0.026197510497827686,0.06694744742804401
-297.2557380540607,0.0667567778489121,0.02619767283134426,0.06699138090158197
-296.5065677988933,0.06678444556745826,0.026197834760748794,0.0670352036513397
-295.7592856471379,0.06681211175897595,0.026197996287034907,0.06707891595639842
-295.0138868411993,0.06683977641556799,0.026198157411193548,0.06712251809505389
-294.270366633858,0.06686743952884892,0.02619831813421367,0.06716601034499492
-293.5287202910167,0.06689510108990242,0.0261984784570815,0.06720939298314278
-292.7889430898696,0.06692276108933048,0.026198638380781132,0.06725266628575823
-292.0510303198174,0.06695041951721988,0.026198797906294244,0.06729583052838797
-291.3149772812472,0.06697807636320094,0.02619895703460028,0.0673388859859361
-290.58077928827856,0.06700573161635794,0.02619911576667599,0.06738183293250341
-289.8484316647964,0.06703338526535317,0.0261992741034962,0.06742467164161947
-289.1179297481134,0.06706103729831825,0.026199432046032995,0.06746740238602843
-288.3892688862228,0.0670886877029319,0.02619958959525644,0.0675100254378496
-287.662444439325,0.06711633646641388,0.026199746752134205,0.0675525410684883
-286.93745177891134,0.06714398357549044,0.026199903517631556,0.06759494954868939
-286.214286288375,0.06717162901644444,0.026200059892711524,0.06763725114850146
-285.49294336301074,0.06719927277509011,0.026200215878334758,0.06767944613727699
-284.7734184097097,0.06722691483678546,0.026200371475459536,0.06772153478369008
-284.0557068463491,0.06725455518645426,0.02620052668504213,0.06776351735577225
-283.33980410240287,0.06728219380856067,0.026200681508036193,0.06780539412087663
-282.6257056198565,0.06730983068712144,0.02620083594539323,0.06784716534562449
-281.91340685137675,0.06733746580571853,0.02620098999806245,0.0678888312960123
-281.20290326061627,0.06736509914751154,0.02620114366699086,0.06793039223739392
-280.494190324045,0.06739273069522149,0.02620129695312289,0.06797184843437346
-279.78726352820337,0.0674203604311433,0.026201449857401214,0.06801320015096594
-279.08211837183865,0.06744798833713879,0.026201602380765698,0.06805444765047236
-278.37875036437896,0.06747561439467842,0.02620175452415436,0.06809559119556895
-277.67715502776457,0.06750323858478573,0.026201906288502674,0.06813663104820002
-276.9773278933958,0.06753086088809841,0.02620205767474415,0.06817756746975649
-276.2792645054902,0.06755848128484214,0.026202208683809774,0.06821840072087962
-275.58296041894624,0.06758609975483289,0.02620235931662847,0.06825913106158579
-274.8884111999537,0.06761371627747977,0.02620250957412683,0.06829975875123097
-274.1956124253832,0.06764133083182712,0.02620265945722931,0.06834028404854631
-273.5045596840072,0.06766894339649807,0.02620280896685815,0.06838070721156678
-272.8152485752787,0.06769655394973638,0.026202958103933204,0.06842102849770257
-272.1276747099425,0.06772416246940947,0.02620310686937225,0.06846124816370339
-271.44183370911867,0.06775176893300079,0.026203255264090973,0.06850136646571203
-270.75772120643956,0.06777937331760255,0.02620340328900248,0.06854138365913937
-270.0753328449977,0.0678069755999682,0.02620355094501817,0.06858129999884291
-269.39466427978715,0.06783457575644485,0.02620369823304679,0.068621115738984
-268.71571117648307,0.06786217376302589,0.026203845153995254,0.06866083113309916
-268.03846921144134,0.06788976959536364,0.026203991708768082,0.06870044643410017
-267.3629340723093,0.06791736322872145,0.026204137898267685,0.0687399618942383
-266.6891014571101,0.06794495463803671,0.026204283723394353,0.06877937776515788
-266.01696707546307,0.06797254379786238,0.02620442918504608,0.06881869429782494
-265.3465266476687,0.06800013068243055,0.026204574284118706,0.06885791174258073
-264.67777590379296,0.06802771526561385,0.026204719021506107,0.06889703034919521
-264.0107105858032,0.0680552975209587,0.026204863398099822,0.06893605036674222
-263.3453264460428,0.06808287742165672,0.026205007414789296,0.06897497204368862
-262.68161924692555,0.06811045494058837,0.026205151072461935,0.06901379562791224
-262.01958476307203,0.06813803005027348,0.026205294372002617,0.06905252136657683
-261.3592187779529,0.0681656027229357,0.026205437314294682,0.0690911495063285
-260.7005170869403,0.06819317293045295,0.02620557990021883,0.06912968029311713
-260.04347549547697,0.06822074064439065,0.02620572213065394,0.06916811397230356
-259.3880898196867,0.06824830583599371,0.02620586400647664,0.06920645078862382
-258.7343558863741,0.06827586847742541,0.02620600552856144,0.06924469098618918
-258.08226953241444,0.06830342855308667,0.026206146697780878,0.06928283480852182
-257.4318266059742,0.06833098605429866,0.026206287515005137,0.06932088249848345
-256.7830229646803,0.06835854097199855,0.026206427981102502,0.06935883429838235
-256.13585447714553,0.06838609329664701,0.02620656809693919,0.06939669044988424
-255.49031702266376,0.06841364301818917,0.02620670786337923,0.06943445119403001
-254.84640649029427,0.06844119012611055,0.02620684728128449,0.06947211677128934
-254.2041187800824,0.0684687346094191,0.02620698635151492,0.06950968742148926
-253.56344980214422,0.06849627645664844,0.026207125074928245,0.06954716338386774
-252.92439547636104,0.06852381565588213,0.026207263452380385,0.0695845448970915
-252.2869517339056,0.0685513521947035,0.026207401484724856,0.0696218321991668
-251.65111451510563,0.06857888606028407,0.02620753917281335,0.06965902552756435
-251.0168797718854,0.06860641723929045,0.026207676517495292,0.06969612511907655
-250.38424346501904,0.06863394571799437,0.026207813519618352,0.06973313120997811
-249.7532015662668,0.06866147148216839,0.026207950180027858,0.06977004403590108
-249.1237500568492,0.06868899451718576,0.026208086499567306,0.06980686383192417
-248.49588492927802,0.06871651480794767,0.026208222479078065,0.06984359083246561
-247.86960218491495,0.0687440323389513,0.026208358119399464,0.06988022527142591
-247.24489783610787,0.06877154709422738,0.026208493421368766,0.069916767382063
-246.6217679046648,0.06879905905741948,0.026208628385821317,0.06995321739708138
-246.00020842276962,0.06882656821173215,0.026208763013590413,0.06998957554857867
-245.3802154323716,0.0688540745399448,0.026208897305507284,0.07002584206808123
-244.76178498549064,0.0688815780244364,0.026209031262401244,0.07006201718652633
-244.14491314421718,0.06890907864715516,0.026209164885099414,0.07009810113426218
-243.52959598040712,0.06893657638967661,0.026209298174427118,0.07013409414106576
-242.91582957568187,0.06896407123313994,0.026209431131207675,0.07016999643614283
-242.30361002234363,0.06899156315829497,0.026209563756262114,0.07020580824807433
-241.69293342123945,0.06901905214550488,0.026209696050409955,0.07024152980494142
-241.08379588420246,0.06904653817474905,0.02620982801446841,0.07027716133418259
-240.47619353161056,0.06907402122560319,0.026209959649252813,0.07031270306273651
-239.8701224954381,0.06910150127725326,0.026210090955576457,0.07034815521686356
-239.2655789162041,0.06912897830852036,0.026210221934250617,0.07038351802232425
-238.66255894327765,0.06915645229786359,0.02621035258608502,0.07041879170436141
-238.0610587379293,0.06918392322332607,0.026210482911886875,0.07045397648752169
-237.4610744696693,0.06921139106261653,0.026210612912461663,0.0704890725958698
-236.86260231777325,0.0692388557930781,0.02621074258861303,0.07052408025289918
-236.26563847097708,0.06926631739167917,0.026210871941142626,0.07055899968154991
-235.67017912839242,0.06929377583503896,0.026211000970850037,0.07059383110415511
-235.0762204985912,0.06932123109939535,0.02621112967853292,0.07062857474249458
-234.48375879869013,0.06934868316068767,0.02621125806498722,0.07066323081784825
-233.89279025648676,0.06937613199446739,0.02621138613100676,0.07069779955087127
-233.30331110862866,0.06940357757595797,0.02621151387738343,0.07073228116170112
-232.7153176015288,0.06943101988002258,0.026211641304907333,0.07076667586990407
-232.12880599106037,0.06945845888121258,0.02621176841436647,0.07080098389449298
-231.5437725425569,0.06948589455373534,0.026211895206547143,0.07083520545392734
-230.96021353020174,0.06951332687147983,0.026212021682233706,0.070869340766149
-230.3781252385541,0.06954075580798377,0.026212147842208412,0.0709033900484928
-229.79750396041274,0.06956818133648267,0.026212273687251864,0.07093735351781169
-229.2183459992573,0.06959560342988869,0.026212399218142626,0.07097123139033379
-228.64064766680713,0.06962302206078122,0.02621252443565744,0.07100502388180527
-228.06440528393654,0.06965043720145597,0.026212649340571235,0.07103873120743673
-227.48961518220082,0.06967784882386845,0.026212773933656848,0.07107235358181405
-226.91627370078456,0.06970525689969506,0.026212898215685364,0.07110589121907678
-226.34437718924806,0.06973266140028797,0.026213022187426053,0.07113934433275756
-225.7739220053912,0.06976006229671282,0.02621314584964633,0.07117271313590709
-225.2049045170845,0.06978745956189619,0.026213269203111615,0.07120599784098694
-224.63732110104834,0.06981485318177341,0.026213392248585432,0.07123919865994101
-224.07116814254792,0.06984224314690413,0.02621351498682979,0.0712723158042134
-223.506442036919,0.06986962944737365,0.026213637418604496,0.07130534948465911
-222.94313918773688,0.06989701207282198,0.0262137595446677,0.07133829991165118
-222.3812560083424,0.06992439101242265,0.026213881365775616,0.0713711672949914
-221.82078892062106,0.06995176625488601,0.026214002882682674,0.07140395184398177
-221.2617343556135,0.0699791377884741,0.026214124096141416,0.07143665376738871
-220.70408875382054,0.07000650560099167,0.02621424500690262,0.07146927327342531
-220.14784856367754,0.07003386967981348,0.026214365615715347,0.07150181056984051
-219.59301024369034,0.07006123001186286,0.026214485923326505,0.07153426586379417
-219.03957026060442,0.07008858658362682,0.026214605930481503,0.0715666393619642
-218.48752509032036,0.07011593938117149,0.02621472563792382,0.07159893127049294
-217.93687121728345,0.0701432883901201,0.02621484504639519,0.07163114179502295
-217.38760513478894,0.07017063359569306,0.026214964156635566,0.07166327114067908
-216.83972334620265,0.07019797498264906,0.026215082969382807,0.07169531951199712
-216.29322236221446,0.07022531253536181,0.026215201485373377,0.07172728711308443
-215.74809870236425,0.07025264623781086,0.026215319705341845,0.07175917414753069
-215.20434889656758,0.0702799760735097,0.026215437630020672,0.07179098081831865
-214.6619694811486,0.07030730202562051,0.026215555260141125,0.07182270732805619
-214.1209570031124,0.0703346240768821,0.026215672596432198,0.07185435387872643
-213.58130801739853,0.07036194220962518,0.026215789639621265,0.07188592067184833
-213.04301908718605,0.07038925640581246,0.026215906390434078,0.07191740790845891
-212.5060867851143,0.07041656664700394,0.026216022849594407,0.07194881578904178
-211.9705076920622,0.070443872914372,0.026216139017824366,0.07198014451359859
-211.43627839806382,0.07047117518869125,0.02621625489584423,0.07201139428159546
-210.90339550047722,0.07049847345040458,0.026216370484372753,0.07204256529207011
-210.3718556064259,0.07052576767953718,0.026216485784126765,0.07207365774348898
-209.84165533096782,0.07055305785576224,0.026216600795821263,0.07210467183385444
-209.312791298316,0.07058034395837832,0.026216715520169714,0.07213560776063331
-208.7852601406179,0.07060762596631172,0.02621682995788367,0.07216646572082829
-208.2590584982605,0.07063490385815742,0.026216944109673148,0.07219724591096008
-207.73418302109107,0.07066217761213041,0.026217057976246197,0.07222794852699603
-207.21063036689134,0.07068944720609356,0.026217171558309278,0.07225857376443938
-206.68839720137737,0.0707167126175733,0.026217284856567175,0.0722891218183292
-206.16748019911523,0.07074397382373596,0.02621739787172296,0.07231959288318691
-205.64787604321563,0.07077123080141609,0.02621751060447786,0.07234998715303413
-205.12958142502896,0.07079848352709296,0.0262176230555315,0.07238030482141046
-204.61259304383998,0.07082573197694499,0.026217735225581823,0.0724105460813914
-204.09690760808854,0.07085297612677377,0.026217847115324888,0.07244071112551691
-203.58252183353858,0.07088021595209792,0.026217958725455327,0.07247080014589853
-203.0694324451091,0.07090745142806373,0.02621807005666593,0.07250081333411229
-202.55763617565356,0.07093468252952595,0.02621818110964774,0.07253075088127009
-202.0471297653494,0.07096190923103735,0.026218291885090343,0.07256061297805538
-201.53790996413963,0.07098913150678468,0.026218402383681408,0.07259039981458043
-201.02997352959633,0.0710163493306835,0.02621851260610699,0.0726201115805112
-200.52331722631067,0.07104356267634078,0.026218622553051667,0.07264974846510308
-200.01793782924943,0.0710707715170169,0.026218732225197994,0.07267931065700454
-199.5138321194829,0.07109797582573471,0.026218841623227206,0.07270879834450704
-199.01099688754152,0.07112517557516138,0.026218950747818576,0.07273821171534864
-198.50942893066957,0.07115237073770415,0.02621905959965008,0.0727675509568747
-198.0091250558767,0.07117956128545887,0.026219168179397706,0.07279681625585933
-197.5100820765811,0.07120674719025244,0.026219276487735973,0.07282600779870181
-197.01229681535614,0.07123392842359078,0.026219384525337727,0.07285512577126584
-196.51576610270948,0.07126110495672856,0.02621949229287407,0.07288417035895102
-196.02048677677814,0.07128827676097897,0.026219599791014504,0.0729131417467107
-195.52645568302316,0.07131544381651934,0.026219707020427238,0.07294204011906975
-195.033669676671,0.07134260611293176,0.026219813981778247,0.07297086565998188
-194.5421256190515,0.07136976363988089,0.026219920675732387,0.07299961855304375
-194.0518203800393,0.07139691638657308,0.02622002710295266,0.07302829898135219
-193.56275083805374,0.07142406434177272,0.026220133264100467,0.07305690712750419
-193.07491387822793,0.07145120749380511,0.026220239159835648,0.07308544317370405
-192.58830639454493,0.07147834583057333,0.02622034479081643,0.07311390730163837
-192.10292528831178,0.07150547933954733,0.026220450157699374,0.07314229969256537
-191.61876746877002,0.07153260800778058,0.02622055526113949,0.07317062052727909
-191.13582985279035,0.07155973182189913,0.02622066010179017,0.07319886998612732
-190.65410936517796,0.0715868507681044,0.02622076468030327,0.07322704824899373
-190.17360293836725,0.07161396483221769,0.026220868997329005,0.07325515549531574
-189.694307512727,0.07164107399961336,0.026220973053516006,0.0732831919040666
-189.2162200365605,0.07166817825527744,0.02622107684951114,0.07331115765375545
-188.73933746457942,0.07169527758382437,0.026221180385960236,0.0733390529225166
-188.2636567609559,0.07172237196942972,0.02622128366350689,0.07336687788793093
-187.7891748965757,0.07174946139588889,0.026221386682793488,0.07339463272718662
-187.31588884995384,0.07177654584661985,0.026221489444460833,0.07342231761702558
-186.84379560692938,0.07180362530466615,0.02622159194914811,0.0734499327337613
-186.3728921618862,0.0718306997526424,0.026221694197492908,0.07347747825320744
-185.90317551592184,0.07185776917283652,0.026221796190131385,0.07350495435078493
-185.43464267806831,0.07188483354714134,0.02622189792769791,0.0735323612014506
-184.96729066498685,0.07191189285707097,0.026221999410825553,0.07355969897971498
-184.50111650066276,0.0719389470837781,0.026222100640145664,0.07358696785966022
-184.03611721610022,0.0719659962080851,0.026222201616288264,0.07361416801495783
-183.57228985054303,0.0719930402104147,0.026222302339881567,0.07364129961879741
-183.10963145086424,0.07202007907083545,0.026222402811552435,0.07366836284392227
-182.64813907065056,0.07204711276907885,0.026222503031926088,0.07369535786268297
-182.18780977111803,0.0720741412845419,0.026222603001626394,0.07372228484698383
-181.72864062141707,0.07210116459623116,0.02622270272127539,0.07374914396826504
-181.27062869710662,0.07212818268285263,0.02622280219149396,0.07377593539759192
-180.81377108229046,0.07215519552277054,0.026222901412901078,0.07380265930552994
-180.35806486717564,0.07218220309399485,0.026223000386114696,0.0738293158622876
-179.90350715020895,0.07220920537422772,0.0262230991117508,0.07385590523759138
-179.4500950371611,0.07223620234080697,0.026223197590423956,0.07388242760073938
-178.99782564021146,0.07226319397078189,0.02622329582274755,0.07390888312065477
-178.5466960800841,0.07229018024087165,0.026223393809333063,0.07393527196576095
-178.09670348360652,0.07231716112748197,0.026223491550790713,0.0739615943041243
-177.6478449855406,0.07234413660667795,0.026223589047729177,0.07398785030334704
-177.20011772766713,0.07237110665424555,0.026223686300755583,0.07401404013062084
-176.75351885909103,0.0723980712456343,0.02622378331047562,0.07404016395270895
-176.30804553563087,0.07242503035603416,0.026223880077493603,0.07406622193598189
-175.86369492073447,0.0724519839602881,0.02622397660241216,0.07409221424636392
-175.4204641848686,0.07247893203296886,0.026224072885832603,0.07411814104936873
-174.9783505058241,0.07250587454833625,0.026224168928354677,0.07414400251008157
-174.53735106841066,0.07253281148036919,0.026224264730576687,0.07416979879317713
-174.09746306415173,0.0725597428027529,0.026224360293095564,0.07419553006293737
-173.65868369220004,0.07258666848888072,0.02622445561650661,0.07422119648319801
-173.22101015811683,0.07261358851190206,0.026224550701403868,0.07424679821741986
-172.78443967539778,0.07264050284464814,0.02622464554837969,0.07427233542859962
-172.34896946364196,0.07266741145967982,0.02622474015802532,0.07429780827937699
-171.91459675007766,0.07269431432930483,0.02622483453093015,0.07432321693194538
-171.4813187689521,0.07272121142553373,0.02622492866768233,0.07434856154808761
-171.04913276092103,0.07274810272012809,0.02622502256886865,0.07437384228921168
-170.61803597365918,0.07277498818460233,0.0262251162350745,0.07439905931631498
-170.18802566308074,0.07280186779068214,0.026225209666883322,0.07442421278991293
-169.75909908967756,0.07282874151949094,0.02622530286487794,0.0744493028702532
-169.3312535234017,0.07285560936026668,0.026225395829639037,0.07447432971703007
-168.90448623878274,0.07288247130216502,0.02622548856174642,0.07449929348967005
-168.47879451889506,0.07290932733387205,0.026225581061778004,0.07452419434709986
-168.05417565261124,0.07293617744370079,0.02622567333031065,0.074549032447907
-167.63062693673825,0.07296302161951554,0.026225765367919505,0.07457380795021491
-167.20814567357618,0.07298985984881332,0.02622585717517866,0.07459852101182565
-166.78672917305428,0.07301669211866373,0.026225948752660506,0.07462317179009503
-166.36637475151042,0.07304351841574325,0.026226040100936224,0.07464776044200401
-165.94707973260654,0.07307033872633775,0.026226131220575377,0.0746722871241051
-165.5288414464131,0.07309715303632962,0.026226222112146272,0.07469675199257597
-165.11165722910403,0.07312396133124786,0.026226312776215864,0.07472115520323724
-164.69552442478758,0.07315076359617542,0.026226403213349698,0.07474549691144544
-164.2804403830651,0.0731775598158793,0.026226493424111846,0.07476977727223574
-163.86640246147235,0.07320434997470127,0.026226583409064995,0.07479399644017924
-163.45340802303815,0.0732311340566567,0.026226673168770583,0.07481815456952567
-163.04145443781024,0.07325791204535691,0.026226762703788653,0.07484225181411425
-162.6305390828552,0.07328468392404357,0.026226852014677733,0.07486628832737355
-162.22065934134307,0.07331144967563989,0.0262269411019951,0.07489026426237518
-161.81181260346276,0.07333820928267241,0.026227029966296625,0.07491417977178016
-161.40399626581174,0.07336496272730557,0.02622711860813675,0.07493803500787466
-160.99720773139606,0.07339170999137665,0.0262272070280687,0.07496183012256996
-160.5914444099355,0.07341845105638221,0.02622729522664432,0.07498556526738462
-160.18670371725318,0.0734451859034643,0.02622738320441406,0.07500924059348019
-159.7829830764964,0.07347191451341245,0.026227470961926923,0.07503285625158979
-159.38027991661062,0.07349863686668262,0.026227558499730703,0.07505641239210738
-158.97859167356017,0.07352535294341601,0.02622764581837182,0.07507990916501635
-158.57791578971802,0.07355206272339204,0.02622773291839522,0.0751033467199252
-158.17824971295013,0.07357876618611316,0.026227819800344786,0.07512672520612117
-157.77959089844657,0.07360546331070798,0.026227906464762876,0.075150044772463
-157.3819368081111,0.07363215407599967,0.026227992912190537,0.07517330556741676
-156.98528490964577,0.07365883846050829,0.026228079143167393,0.07519650773910935
-156.58963267685596,0.0736855164424366,0.02622816515823202,0.07521965143531065
-156.1949775908712,0.07371218799965529,0.026228250957921397,0.07524273680336208
-155.80131713800876,0.07373885310977232,0.026228336542771437,0.07526576399030165
-155.40864881191015,0.0737655117500512,0.026228421913316452,0.07528873314273891
-155.0169701123202,0.07379216389746351,0.026228507070089568,0.07531164440692642
-154.6262785447819,0.07381880952870792,0.026228592013622758,0.07533449792877756
-154.23657162155212,0.07384544862016179,0.026228676744446414,0.07535729385381296
-153.84784686099098,0.07387208114793391,0.026228761263089862,0.07538003232719628
-153.4601017884776,0.07389870708779873,0.026228845570080813,0.0754027134936806
-153.0733339339686,0.07392532641531743,0.02622892966594618,0.07542533749775121
-152.68754083504982,0.07395193910572083,0.026229013551211232,0.07544790448344714
-152.30272003541054,0.07397854513397967,0.0262290972263998,0.0754704145944504
-151.91886908362275,0.07400514447478948,0.026229180692035,0.0754928679741574
-151.53598553649798,0.07403173710255545,0.026229263948637963,0.07551526476548256
-151.15406695573054,0.0740583229914287,0.026229346996728967,0.07553760511105469
-150.77311090850776,0.0740849021153083,0.02622942983682719,0.07555988915318128
-150.39311496995134,0.0741114744478088,0.026229512469449937,0.0755821170337057
-150.01407672006576,0.07413803996229663,0.026229594895113645,0.07560428889418572
-149.63599374495888,0.0741645986318747,0.02622967711433358,0.07562640487582203
-149.25886363745227,0.07419115042938415,0.026229759127623438,0.0756484651194227
-148.88268399586053,0.07421769532744124,0.026229840935495772,0.07567046976547442
-148.50745242460175,0.07424423329840428,0.02622992253846203,0.07569241895410685
-148.1331665345025,0.07427076431437551,0.026230003937032096,0.0757143128250748
-147.75982394249274,0.0742972883472048,0.02623008513171488,0.0757361515177761
-147.38742227069037,0.07432380537238643,0.026230166123017897,0.07575793517130504
-147.015959147927,0.07435031537699918,0.02623024691144746,0.07577966392436325
-146.6454322088324,0.07437681835000116,0.026230327497508657,0.07580133791531316
-146.27583909413985,0.0744033142800116,0.026230407881705185,0.0758229572821602
-145.90717745007564,0.07442980315522484,0.026230488064539717,0.07584452216258845
-145.53944492927454,0.07445628496346628,0.026230568046513646,0.0758660326939072
-145.17263919016963,0.0744827596921415,0.026230647828126962,0.07588748901308648
-144.8067578966871,0.07450922732834604,0.026230727409878585,0.07590889125677505
-144.4417987194667,0.07453568785872486,0.02623080679226621,0.07593023956122895
-144.07775933403104,0.07456214126963646,0.026230885975786256,0.07595153406241859
-143.71463742292158,0.07458858754697559,0.026230964960933797,0.07597277489590382
-143.35243067325735,0.07461502667635572,0.026231043748202964,0.07599396219697672
-142.99113677887107,0.07464145864298559,0.02623112233808653,0.07601509610053667
-142.6307534387834,0.07466788343174384,0.026231200731076064,0.07603617674117955
-142.27127835872867,0.07469430102712706,0.026231278927661795,0.07605720425310854
-141.91270924932394,0.07472071141330684,0.026231356928332915,0.0760781787702412
-141.55504382728975,0.07474711457409579,0.026231434733577478,0.0760991004261381
-141.19827981483954,0.07477351049298649,0.026231512343882126,0.07611996935403843
-140.84241494059546,0.07479989915308054,0.02623158975973248,0.07614078568680659
-140.48744693867266,0.07482628053720101,0.026231666981612684,0.07616154955698559
-140.1333735483741,0.07485265462780304,0.026231744010006133,0.07618226109681503
-139.78019251510625,0.07487902140703126,0.02623182084539464,0.07620292043817745
-139.4279015897686,0.07490538085670378,0.026231897488259052,0.07622352771263409
-139.07649852936396,0.07493173295831443,0.026231973939078956,0.07624408305138919
-138.72598109577797,0.07495807769303506,0.026232050198332798,0.07626458658536137
-138.3763470573047,0.07498441504173636,0.02623212626649775,0.07628503844509434
-138.02759418773147,0.0750107449849342,0.026232202144049945,0.07630543876081053
-137.67972026603326,0.07503706750288494,0.02623227783146418,0.07632578766242891
-137.3327230772886,0.0750633825755133,0.026232353329214222,0.07634608527951142
-136.98660041145865,0.07508969018247048,0.026232428637772687,0.07636633174133438
-136.64135006491318,0.07511599030306111,0.026232503757610902,0.07638652717679925
-136.2969698389047,0.07514228291633969,0.026232578689199156,0.07640667171452187
-135.95345754048384,0.0751685680010561,0.02623265343300649,0.07642676548277891
-135.6108109828047,0.07519484553563865,0.02623272798950068,0.07644680860949002
-135.26902798329382,0.07522111549827201,0.026232802359148696,0.07646680122232496
-134.92810636578614,0.07524737786684238,0.026232876542416093,0.07648674344857859
-134.58804395960976,0.0752736326189394,0.026232950539767316,0.07650663541522448
-134.2488385989755,0.07529987973189642,0.026233024351665666,0.07652647724895055
-133.91048812389238,0.07532611918279264,0.026233097978573414,0.07654626907610561
-133.5729903804728,0.07535235094837818,0.02623317142095149,0.07656601102268137
-133.23634321910154,0.07537857500517214,0.026233244679259828,0.07658570321441972
-132.90054449565648,0.07540479132944553,0.026233317753957295,0.07660534577674118
-132.56559207272915,0.07543099989718444,0.026233390645501346,0.07662493883467353
-132.2314838165732,0.0754572006841113,0.026233463354348768,0.07664448251303038
-131.8982176007663,0.07548339366568667,0.026233535880954686,0.07666397693619692
-131.5657913019378,0.07550957881715008,0.026233608225773523,0.07668342222837979
-131.23420280434638,0.0755357561134636,0.026233680389258274,0.0767028185133394
-130.9034499956075,0.0755619255293721,0.026233752371861232,0.07672216591463978
-130.5735307700504,0.07558808703934655,0.026233824174033072,0.07674146455545224
-130.244443026887,0.07561424061760506,0.026233895796223636,0.07676071455866247
-129.91618467021195,0.07564038623817393,0.02623396723888179,0.07677991604687057
-129.58875360991814,0.07566652387483044,0.026234038502454933,0.07679906914233744
-129.2621477613915,0.07569265350106487,0.026234109587389604,0.07681817396700269
-128.93636504429034,0.0757187750902207,0.026234180494131194,0.07683723064255601
-128.61140338437636,0.07574488861533796,0.026234251223123995,0.07685623929033006
-128.2872607125991,0.07577099404929377,0.026234321774811196,0.07687520003135404
-127.96393496448577,0.07579709136472741,0.026234392149634893,0.07689411298638937
-127.64142408136166,0.07582318053773561,0.026234462348036138,0.07691297827585837
-127.31972600943486,0.0758492615554429,0.026234532370454772,0.07693179601989766
-126.9988387004065,0.07587533440662715,0.02623460221732971,0.0769505663383226
-126.67876011086038,0.07590139907981865,0.026234671889098594,0.07696928935066291
-126.35948820256827,0.075927455563081,0.02623474138619821,0.07698796517614484
-126.04102094248975,0.07595350384419527,0.026234810709064058,0.07700659393369119
-125.72335630277232,0.0759795439105411,0.02623487985813073,0.07702517574192129
-125.40649226044619,0.07600557574915984,0.02623494883383171,0.07704371071916885
-125.09042679833976,0.07603159934675716,0.02623501763659914,0.07706219898342843
-124.77515790294353,0.07605761468970548,0.026235086266864622,0.07708064065248035
-124.46068356746169,0.07608362176398509,0.026235154725058225,0.07709903584371225
-124.14700178876048,0.0761096205553092,0.02623522301160928,0.07711738467429752
-123.8341105698095,0.07613561104898284,0.02623529112694578,0.07713568726105254
-123.52200791815595,0.07616159323004894,0.026235359071494865,0.07715394372052593
-123.21069184653489,0.07618756708318782,0.026235426845682443,0.07717215416896286
-122.90016037195373,0.07621353259276076,0.026235494449933637,0.07719031872235857
-122.59041151782849,0.07623948974279135,0.026235561884672166,0.07720843749633345
-122.28144331154235,0.07626543851703,0.026235629150321068,0.07722651060627579
-121.97325378505609,0.07629137889889435,0.02623569624730211,0.07724453816730614
-121.66584097643381,0.0763173108714709,0.026235763176036115,0.07726252029418806
-121.35920292801207,0.07634323441755902,0.026235829936942782,0.07728045710143515
-121.05333768731525,0.0763691495196525,0.02623589653044075,0.07729834870325755
-120.74824330675045,0.07639505615992037,0.026235962956947786,0.07731619521357982
-120.44391784330236,0.07642095432029333,0.026236029216880466,0.07733399674605872
-120.14035935914352,0.07644684398233963,0.0262360953106545,0.07735175341404757
-119.83756592102401,0.07647272512739352,0.02623616123868442,0.07736946533063191
-119.53553560118696,0.07649859773647304,0.026236227001383804,0.07738713260857598
-119.2342664764531,0.07652446179028166,0.0262362925991651,0.07740475536037622
-118.93375662822065,0.07655031726929554,0.026236358032439917,0.07742233369826136
-118.63400414307571,0.07657616415370182,0.02623642330161877,0.07743986773415662
-118.3350071118768,0.07660200242337917,0.026236488407111118,0.07745735757973732
-118.03676363128064,0.07662783205796381,0.02623655334932545,0.07747480334633962
-117.73927180160597,0.07665365303680878,0.026236618128669204,0.07749220514508548
-117.44252972896977,0.07667946533900737,0.026236682745548846,0.07750956308675766
-117.14653552345624,0.0767052689433733,0.026236747200369864,0.07752687728190688
-116.85128730003225,0.07673106382850771,0.02623681149353677,0.07754414784079823
-116.5567831791578,0.07675684997267115,0.026236875625452898,0.07756137487337551
-116.26302128526001,0.07678262735398045,0.0262369395965208,0.07757855848935045
-115.96999974764877,0.07680839595017191,0.02623700340714192,0.07759569879814915
-115.67771670051668,0.0768341557388421,0.02623706705771672,0.07761279590891208
-115.38617028263387,0.07685990669729759,0.026237130548644686,0.077629849930512
-115.09535863765316,0.07688564880257823,0.026237193880324253,0.07764686097153602
-114.805279913805,0.07691138203152466,0.026237257053153013,0.07766382914030347
-114.5159322635921,0.07693710636071448,0.026237320067527506,0.07768075454488382
-114.22731384470517,0.07696282176650783,0.026237382923843238,0.07769763729304302
-113.93942281941237,0.07698852822502711,0.026237445622494783,0.07771447749227928
-113.6522573542543,0.07701422571215878,0.026237508163875753,0.07773127524984091
-113.36581562065423,0.07703991420355491,0.026237570548378757,0.07774803067269058
-113.0800957949182,0.07706559367467941,0.026237632776395434,0.07776474386750537
-112.79509605731937,0.07709126410074309,0.026237694848316517,0.07778141494073026
-112.5108145930137,0.07711692545674954,0.02623775676453173,0.07779804399852466
-112.22724959203984,0.07714257771747482,0.02623781852542971,0.07781463114676236
-111.94439924901394,0.07716822085749106,0.02623788013139824,0.07783117649104934
-111.6622617619091,0.07719385485116843,0.02623794158282435,0.07784768013679527
-111.38083533510688,0.07721947967265412,0.026238002880093744,0.07786414218903494
-111.10011817573546,0.07724509529591896,0.026238064023591426,0.07788056275264245
-110.82010849702638,0.07727070169469144,0.026238125013701246,0.07789694193213492
-110.54080451495769,0.07729629884304796,0.026238185850806447,0.07791327983186881
-110.262204451916,0.0773218867231265,0.026238246535288917,0.07792957655582568
-109.98430653333966,0.07734746532382963,0.026238307067529793,0.07794583220780861
-109.70710898985487,0.07737303463386819,0.026238367447909312,0.07796204689131721
-109.43061005636021,0.07739859464159586,0.02623842767680672,0.07797822070960116
-109.15480797202665,0.07742414533508046,0.026238487754600217,0.07799435376566023
-108.87970098060268,0.07744968670208348,0.026238547681667338,0.07801044616222647
-108.60528733041436,0.07747521872997021,0.026238607458384446,0.07802649800176409
-108.3315652740601,0.07750074140585031,0.02623866708512697,0.07804250938648745
-108.05853306841071,0.07752625471646458,0.02623872656226956,0.07805848041836097
-107.78618897491455,0.07755175864830278,0.02623878589018587,0.07807441119908132
-107.51453125929231,0.07757725318749027,0.026238845069248645,0.07809030183009524
-107.24355819184228,0.07760273831983613,0.026238904099829576,0.07810615241258172
-106.97326804682993,0.07762821403090538,0.026238962982299607,0.07812196304748768
-106.7036591037086,0.0776536803059047,0.02623902171702867,0.07813773383545658
-106.43472964467819,0.07767913712980132,0.026239080304385935,0.07815346487697122
-106.16647795804197,0.07770458448718454,0.026239138744739394,0.07816915627215738
-105.89890233576526,0.07773002236240832,0.026239197038456275,0.07818480812092664
-105.6320010734754,0.0777554507395469,0.026239255185902907,0.07820042052297634
-105.36577247137728,0.07778086960237313,0.026239313187444786,0.07821599357773608
-105.10021483486369,0.0778062789343603,0.026239371043446362,0.078231527384332
-104.83532647268429,0.0778316787187079,0.026239428754271144,0.07824702204169387
-104.57110569847141,0.07785706893834352,0.02623948632028179,0.07826247764846585
-104.30755082860395,0.07788244957597264,0.026239543741840416,0.07827789430313142
-104.04466018586936,0.07790782061393778,0.026239601019307578,0.07829327210379922
-103.78243209610679,0.07793318203436299,0.026239658153043424,0.07830861114839936
-103.52086488912259,0.07795853381913255,0.026239715143407037,0.0783239115346299
-103.25995689960584,0.07798387594979664,0.026239771990756715,0.0783391733599033
-102.99970646590764,0.07800920840771738,0.026239828695449767,0.07835439672141775
-102.74011193126178,0.07803453117397463,0.02623988525784264,0.07836958171608592
-102.48117164225899,0.0780598442293918,0.026239941678290857,0.07838472844062402
-102.22288394976229,0.07808514755456199,0.026239997957149264,0.07839983699149843
-101.96524720982266,0.07811044112977693,0.02624005409477141,0.078414907464872
-101.70825978154274,0.07813572493515028,0.02624011009151043,0.07842993995672912
-101.45192002799234,0.07816099895052213,0.026240165947718466,0.07844493456282207
-101.1962263177344,0.07818626315548508,0.02624022166374647,0.07845989137858186
-100.94117702207834,0.07821151752941055,0.026240277239944876,0.07847481049927883
-100.68677051660596,0.07823676205145036,0.026240332676663165,0.07848969201993339
-100.43300518208694,0.07826199670048964,0.026240387974249848,0.0785045360352625
-100.1798794023427,0.07828722145522193,0.02624044313305269,0.07851934263980459
-99.92739156485663,0.07831243629410195,0.026240498153418668,0.07853411192788391
-99.67554006260522,0.07833764119537188,0.02624055303569357,0.07854884399350337
-99.42432329161664,0.07836283613698845,0.026240607780222705,0.07856353893048737
-99.17373965249661,0.07838802109679842,0.026240662387350205,0.07857819683239257
-98.92378754890255,0.07841319605236638,0.026240716857419653,0.07859281779259711
-98.67446538998492,0.07843836098105092,0.026240771190773518,0.07860740190415778
-98.42577158764071,0.07846351586000606,0.026240825387753592,0.07862194925997078
-98.17770455834449,0.07848866066620809,0.026240879448700814,0.07863645995266447
-97.93026272223281,0.07851379537640718,0.026240933373955184,0.07865093407465307
-97.6834445040198,0.07853891996712836,0.026240987163855842,0.07866537171808297
-97.43724833208164,0.07856403441472369,0.026241040818741138,0.0786797729748864
-97.1916726384565,0.07858913869534857,0.02624109433894873,0.07869413793678136
-96.94671585945494,0.07861423278496325,0.02624114772481518,0.07870846669523593
-96.7023764350496,0.07863931665935972,0.026241200976676354,0.078722759341504
-96.45865280979062,0.07866439029406129,0.02624125409486728,0.07873701596657166
-96.21554343158502,0.07868945366450239,0.026241307079722092,0.07875123666122869
-95.97304675200184,0.07871450674587706,0.026241359931574216,0.07876542151605062
-95.7311612271877,0.07873954951321688,0.02624141265075619,0.07877957062134522
-95.48988531664605,0.07876458194169925,0.0262414652375997,0.07879368406722392
-95.24921748415275,0.07878960401359034,0.026241517692435632,0.07880776194354822
-95.00915619714566,0.07881461571792302,0.026241570015593997,0.07882180433996541
-94.76969992733504,0.07883961704373174,0.026241622207404076,0.07883581134587288
-94.53084714948284,0.07886460797978607,0.02624167426819422,0.0788497830504895
-94.29259634262338,0.07888958851448906,0.02624172619829217,0.07886371954278423
-94.05494598975821,0.07891455863598289,0.02624177799802467,0.07887762091149396
-93.81789457755089,0.0789395183321253,0.026241829667717667,0.07889148724514139
-93.58144059663218,0.0789644675904395,0.026241881207696372,0.07890531863201714
-93.34558254160007,0.07898940639816814,0.02624193261828505,0.07891911516017976
-93.11031890979906,0.07901433474232808,0.026241983899807506,0.07893287691752716
-92.87564820376156,0.07903925260958128,0.026242035052586276,0.07894660399165379
-92.64156892876646,0.07906415998634168,0.02624208607694349,0.07896029646999343
-92.40807959436506,0.07908905685875105,0.026242136973200218,0.07897395443972995
-92.17517871377072,0.07911394321262798,0.02624218774167684,0.07898757798783299
-91.94286480416393,0.07913881903357567,0.026242238382692958,0.07900116720104015
-91.71113638608213,0.0791636843069044,0.026242288896567288,0.07901472216589268
-91.47999198341957,0.07918853901768677,0.02624233928361793,0.07902824296873545
-91.2494301252584,0.07921338315067952,0.02624238954416189,0.07904172969560985
-91.01944934281697,0.07923821669040523,0.026242439678515722,0.07905518243243237
-90.790048171586,0.07926303962118136,0.026242489686995128,0.07906860126486952
-90.56122515132856,0.0792878519269612,0.02624253956991475,0.07908198627833793
-90.33297882455427,0.07931265359155014,0.02624258932758874,0.07909533755809357
-90.10530773743483,0.07933744459847362,0.02624263896033053,0.07910865518917821
-89.87821044102455,0.07936222493097853,0.02624268846845239,0.079121939256348
-89.65168548851403,0.07938699457208881,0.026242737852266197,0.0791351898442341
-89.4257314382817,0.07941175350458032,0.02624278711208277,0.07914840703716425
-89.200346850537,0.07943650171106426,0.026242836248212432,0.07916159091935906
-88.97553029098248,0.07946123917379844,0.02624288526096451,0.07917474157471784
-88.75128032745681,0.07948596587487931,0.026242934150647722,0.07918785908701492
-88.52759553237625,0.07951068179616227,0.02624298291756979,0.07920094353975689
-88.30447448090358,0.07953538691929042,0.026243031562038076,0.07921399501628966
-88.08191575247393,0.0795600812256415,0.026243080084358755,0.07922701359970924
-87.85991792987934,0.0795847646964394,0.026243128484837445,0.0792399993729153
-87.63847959987902,0.07960943731259064,0.026243176763778905,0.0792529524185754
-87.41759935167356,0.07963409905490654,0.026243224921487406,0.07926587281921434
-87.19727577934623,0.07965874990388395,0.02624327295826609,0.07927876065707126
-86.97750747972688,0.07968338983984505,0.02624332087441762,0.07929161601422469
-86.75829305330736,0.07970801884293899,0.026243368670243777,0.07930443897253892
-86.53963110424154,0.07973263689306023,0.0262434163460456,0.07934859084860306
-86.32152024034536,0.07975724396987754,0.026243463902123412,0.07940672426484505
-86.10395907218131,0.07978184005297545,0.026243511338776827,0.07946471116985769
-85.88694621519453,0.07980642512157579,0.026243558656304598,0.07952255193266848
-85.6704802866612,0.07983099915487576,0.02624360585500493,0.07958024692181687
-85.45455990874026,0.07985556213174036,0.0262436529351751,0.0796377965045409
-85.23918370633712,0.07988011403090063,0.026243699897111623,0.07969520104734662
-85.02435030801924,0.07990465483092725,0.02624374674111049,0.07975246091576399
-84.81005834571097,0.07992918451017536,0.026243793467466792,0.07980957647442827
-84.5963064546935,0.07995370304678585,0.026243840076474966,0.07986654808708
-84.38309327421526,0.07997821041877183,0.026243886568428625,0.07992337611640238
-84.17041744627114,0.08000270660396344,0.026243932943620707,0.07998006092434652
-83.95827761682332,0.08002719157995197,0.02624397920234347,0.08003660287180615
-83.74667243488562,0.08005166532423401,0.026244025344888375,0.08009300231886167
-83.53560055313392,0.0800761278140697,0.026244071371546128,0.08014925962461739
-83.32506062729577,0.08010057902662761,0.02624411728260688,0.08020537514736426
-83.11505131706596,0.08012501893881362,0.026244163078359858,0.08026134924433585
-82.90557128458063,0.0801494475274736,0.026244208759093727,0.08031718227211501
-82.69661919624828,0.08017386476919294,0.02624425432509628,0.08037287458614592
-82.48819372183426,0.08019827064044205,0.026244299776654708,0.08042842654097798
-82.28029353385053,0.08022266511925437,0.026244345114055503,0.0804838384904286
-82.07291730786062,0.08024704819268232,0.02624439033758449,0.08053911078750181
-81.86606372431089,0.08027141985038472,0.026244435447526485,0.08059424378390022
-81.65973146578382,0.08029578008184485,0.026244480444165882,0.08064923783075711
-81.45391921760844,0.08032012887625416,0.02624452532778646,0.08070409327847371
-81.24862567030168,0.08034446622248453,0.026244570098670865,0.08075881047606849
-81.04384951621145,0.08036879210920761,0.026244614757101454,0.08081338977207196
-80.83958945104256,0.08039310652477924,0.026244659303359764,0.08086783151411985
-80.635844174467,0.0804174094573296,0.026244703737726527,0.08092213604879055
-80.43261238859813,0.08044170089470618,0.026244748060481927,0.08097630372201173
-80.22989280012688,0.08046598082447531,0.026244792271905213,0.081030334878491
-80.02768411757513,0.08049024923401311,0.026244836372275253,0.08108422986244795
-79.82598505343206,0.0805145061103886,0.02624488036187,0.0811379890170448
-79.62479432354364,0.08053875144042463,0.02624492424096677,0.08119161268454905
-79.42411064680755,0.08056298521072978,0.026244968009842218,0.08124510120641482
-79.22393274486802,0.08058720740767032,0.026245011668772363,0.08129845492336418
-79.0242593433365,0.08061141801734188,0.026245055218032363,0.08135167417506184
-78.8250891705709,0.08063561702563123,0.026245098657896933,0.08140475930044047
-78.62642095859124,0.08065980441812744,0.0262451419886398,0.0814577106374567
-78.42825344185886,0.08068398018030494,0.026245185210534403,0.08151052852341642
-78.23058535941263,0.08070814429725295,0.026245228323853013,0.0815632132944055
-78.03341545120698,0.08073229675401022,0.026245271328867774,0.0816157652862658
-77.83674246299451,0.08075643753523327,0.026245314225849605,0.08166818483329373
-77.64056514174854,0.08078056662544068,0.026245357015069137,0.0817204722694604
-77.44488223840958,0.0808046840088931,0.026245399696796193,0.08177262792767952
-77.24969250666464,0.08082878966971718,0.02624544227130004,0.08182465214013274
-77.054994704168,0.08085288359169288,0.02624548473884893,0.08187654523794434
-76.8607875904049,0.08087696575853068,0.02624552709971097,0.08192830755175058
-76.66706992943813,0.08090103615356635,0.026245569354153106,0.08197993941096766
-76.47384048716152,0.0809250947601004,0.026245611502441934,0.08203144114452378
-76.28109803313096,0.08094914156112296,0.02624565354484331,0.08208281308037102
-76.08884134056431,0.08097317653946916,0.026245695481622325,0.08213405554548547
-75.8970691845105,0.08099719967772791,0.0262457373130436,0.0821851688663552
-75.7057803442908,0.08102121095833618,0.02624577903937087,0.08223615336832954
-75.51497360166788,0.0810452103635188,0.026245820660867364,0.0822870093761071
-75.3246477420664,0.08106919787528938,0.026245862177795592,0.08233773721341049
-75.13480155274209,0.0810931734755144,0.0262459035904176,0.08238833720347424
-74.945433825223,0.08111713714588357,0.02624594489899447,0.08243880966839423
-74.75654335347858,0.08114108886781704,0.02624598610378688,0.08248915492961556
-74.56812893514027,0.08116502862262341,0.02624602720505468,0.08253937330760734
-74.38018936997575,0.08118895639140719,0.02624606820305723,0.08258946512226929
-74.1927234617199,0.08121287215510142,0.026246109098053076,0.08263943069244377
-74.00573001593857,0.08123677589450093,0.026246149890300347,0.08268927033648509
-73.81920784247002,0.08126066759013677,0.02624619058005634,0.08273898437160884
-73.63315575328872,0.08128454722246772,0.02624623116757782,0.08278857311446126
-73.44757256342078,0.08130841477172313,0.026246271653120892,0.08283803688087522
-73.26245709185956,0.08133227021796745,0.026246312036940844,0.0828873759856262
-73.0778081597346,0.08135611354110145,0.026246352319292537,0.08293659074292031
-72.8936245903116,0.08137994472092787,0.026246392500430257,0.0829856814663943
-72.70990521173904,0.08140376373702433,0.026246432580607493,0.08303464846838354
-72.52664885369117,0.08142757056880862,0.026246472560077054,0.0830834920608167
-72.34385434919915,0.08145136519557208,0.02624651243909137,0.08313221255472772
-72.16152053465099,0.08147514759641647,0.026246552217902,0.08318081026025587
-71.97964624857092,0.08149891775038427,0.026246591896759944,0.08322928548697103
-71.79823033314516,0.08152267563623355,0.026246631475915654,0.08327763854346705
-71.61727163269614,0.08154642123269805,0.02624667095561893,0.08332586973776838
-71.43676899551353,0.0815701545182613,0.026246710336118865,0.08337397937684216
-71.25672127202311,0.08159387547135281,0.026246749617663965,0.08342196776708609
-71.07712731539725,0.08161758407021906,0.02624678880050231,0.08346983521416587
-70.89798598216517,0.08164128029393848,0.02624682788488105,0.08351758202285249
-70.71929613190778,0.08166496412927192,0.026246866871046833,0.08356520849710357
-70.54105662634218,0.08168863556675196,0.02624690575924586,0.08361271494030735
-70.36326633084751,0.08171229459654601,0.026246944549723494,0.08366010165487603
-70.18592411293909,0.08173594120875852,0.026246983242724627,0.08370736894265246
-70.0090288437943,0.0817595753931032,0.026247021838493364,0.08375451710450343
-69.83257939672666,0.08178319713913565,0.02624706033727349,0.08380154644072639
-69.65657464779628,0.08180680643615605,0.02624709873930799,0.0838484572508867
-69.48101347703042,0.08183040327317725,0.026247137044839206,0.08389524983349239
-69.30589476567702,0.08185398763909309,0.026247175254109016,0.08394192448672615
-69.13121739956165,0.08187755952241324,0.026247213367358517,0.08398848150755053
-68.95698026542527,0.08190111891159878,0.026247251384828522,0.08403492119268414
-68.78318225428129,0.08192466579472946,0.026247289306758823,0.08408124383770688
-68.60982225927928,0.08194820015973939,0.026247327133388922,0.0841274497376292
-68.43689917662054,0.08197172199435211,0.026247364864957632,0.08417353918664827
-68.26441190525284,0.08199523128601446,0.02624740250170307,0.08421951247822917
-68.09235934656536,0.082018728022033,0.02624744004386306,0.08426536990518632
-67.92074040469379,0.08204221218947451,0.026247477491674536,0.08431111175960206
-67.749553987741,0.08206568377516733,0.026247514845373812,0.08435673833250137
-67.57879900472541,0.08208914276577049,0.026247552105196914,0.08440224991466522
-67.40847436863262,0.0821125891477076,0.02624758927137902,0.08444764679581718
-67.23857899519477,0.08213602290720189,0.026247626344154788,0.0844929292649488
-67.06911180197503,0.08215944403034653,0.02624766332375841,0.08453809761056359
-66.90007171050372,0.08218285250290046,0.026247700210423285,0.08458315212010771
-66.73145764383708,0.08220624831059839,0.026247737004382425,0.08462809308062058
-66.56326852869331,0.08222963143880886,0.026247773705868043,0.08467292077816561
-66.39550329362173,0.08225300187284516,0.02624781031511204,0.08471763549831816
-66.22816087052843,0.08227635959779471,0.02624784683234563,0.08476223752575893
-66.06124019406607,0.08229970459848535,0.026247883257799275,0.08480672714443652
-65.89474020071833,0.08232303685969473,0.026247919591703202,0.08485110463781154
-65.72865983093608,0.08234635636590903,0.026247955834286678,0.0848953702882872
-65.56299802700123,0.08236966310146274,0.02624799198577868,0.08493952437777871
-65.39775373363702,0.08239295705054042,0.026248028046407624,0.08498356718755057
-65.23292589922875,0.08241623819714305,0.026248064016401108,0.08502749899789122
-65.06851347368755,0.0824395065250893,0.026248099895986348,0.08507132008868241
-64.90451540997626,0.08246276201805183,0.026248135685390087,0.08511503073899256
-64.74093066410941,0.08248600465948824,0.026248171384838304,0.08515863122707665
-64.5777581945429,0.08250923443271276,0.026248206994556468,0.08520212183053902
-64.41499696217394,0.0825324513209327,0.02624824251476944,0.08524550282633328
-64.25264593003602,0.08255565530710865,0.026248277945701785,0.08528877449084368
-64.09070406482458,0.08257884637409689,0.02624831328757709,0.08533193709947844
-63.92917033537128,0.0826020245045798,0.026248348540618797,0.0853749909270764
-63.76804371294914,0.08262518968106707,0.02624838370504945,0.08541793624782572
-63.607323171272526,0.082648341885968,0.02624841878109129,0.08546077333526383
-63.447007687412686,0.08267148110144999,0.02624845376896581,0.08550350246203349
-63.28709624027188,0.08269460730965411,0.026248488668894124,0.0855461239002894
-63.12758781119372,0.08271772049248159,0.026248523481096745,0.08558863792153559
-62.96848138518385,0.08274082063170213,0.026248558205793457,0.08563104479630002
-62.80977594846861,0.0827639077090274,0.02624859284320377,0.0856733447947853
-62.65147049124154,0.08278698170585969,0.02624862739354637,0.08571553818613668
-62.49356400461167,0.0828100426036537,0.026248661857039758,0.08575762523925538
-62.336055483350094,0.08283309038359266,0.026248696233901553,0.08579960622206657
-62.17894392436407,0.08285612502680648,0.026248730524349017,0.08584148140192606
-62.022228327612574,0.08287914651422759,0.02624876472859877,0.0858832510453763
-61.86590769519076,0.08290215482670103,0.026248798846866813,0.08592491541839035
-61.70998103102479,0.0829251499449492,0.02624883287936891,0.08596647478645328
-61.55444734270288,0.08294813184953619,0.02624886682632007,0.08600792941407409
-61.399305639644254,0.08297110052094207,0.02624890068793479,0.08604927956527376
-61.24455493431983,0.08299405593945379,0.02624893446442696,0.08609052550325991
-61.09019424072638,0.08301699808535055,0.02624896815601008,0.08613166749083344
-60.93622257621755,0.08303992694102781,0.026249001762897104,0.08617270578990058
-60.78263896058833,0.08306284249659839,0.026249035285300294,0.08621364066171683
-60.62944241546473,0.08308574474345373,0.02624906872343161,0.0862544723670497
-60.47663196521928,0.08310863367276454,0.026249102077502355,0.08629520116593462
-60.32420663758141,0.08313150927548225,0.026249135347723176,0.08633582731751233
-60.17216546089085,0.08315437154237781,0.02624916853430453,0.08637635108076092
-60.02050746775973,0.08317722046400602,0.02624920163745606,0.08641677271351972
-59.86923169232601,0.08320005603063216,0.026249234657386884,0.08645709247322138
-59.718337171169026,0.08322287823245786,0.026249267594305858,0.08649731061664788
-59.56782294330945,0.08324568705936064,0.02624930044842111,0.08653742739993048
-59.41768805051451,0.0832684825010826,0.02624933321994028,0.08657744307846837
-59.26793153638243,0.08329126454715702,0.026249365909070517,0.0866173579071728
-59.11855244817346,0.08331403318683402,0.02624939851601834,0.0866571721399789
-58.96954983375823,0.08333678840930844,0.02624943104099001,0.08669688603065913
-58.82092274466937,0.08335953020349489,0.026249463484190994,0.08673649983200994
-58.672670234575705,0.08338225855814224,0.02624949584582643,0.0867760137962584
-58.524791359587425,0.08340497346179712,0.026249528126100843,0.08681542817498088
-58.37728517734057,0.08342767490284353,0.026249560325218378,0.08685474321934705
-58.23015074974354,0.08345036286942745,0.0262495924433823,0.08689395917938789
-58.08338713870475,0.08347303734961134,0.026249624480796013,0.08693307630513433
-57.936993410099824,0.08349569833122263,0.026249656437661847,0.08697209484555998
-57.79096863163539,0.08351834580189278,0.02624968831418196,0.08701101504915039
-57.64531187406977,0.08354097974905869,0.026249720110557602,0.08704983716357771
-57.50002220907682,0.08356360016007934,0.026249751826990006,0.08708856143627013
-57.35509871168723,0.08358620702208329,0.026249783463679743,0.08712718811376109
-57.21054045967825,0.08360880032200808,0.026249815020826593,0.08716571744185202
-57.06634653174262,0.0836313800466789,0.026249846498630203,0.08720414966610032
-56.922516009929936,0.08365394618273249,0.026249877897289664,0.08724248503116869
-56.77904797842601,0.08367649871661813,0.026249909217003424,0.08728072378115048
-56.63594152385798,0.0836990376346766,0.026249940457969457,0.0873188661594883
-56.49319573498921,0.08372156292302457,0.026249971620385282,0.08735691240905544
-56.35080970210887,0.08374407456771174,0.026250002704448043,0.08739486277231849
-56.20878251947337,0.08376657255456596,0.026250033710354215,0.08743271749068665
-56.06711328194943,0.08378905686931151,0.026250064638299934,0.08747047680540646
-55.92580108806584,0.08381152749745255,0.026250095488480608,0.08750814095674837
-55.78484503757204,0.083833984424392,0.026250126261091373,0.08754571018465755
-55.644244232658835,0.08385642763543306,0.026250156956326952,0.08758318472842841
-55.50399777887391,0.08387885711562215,0.026250187574381245,0.08762056482646068
-55.3641047820701,0.08390127284998725,0.026250218115448084,0.08765785071707274
-55.22456435237263,0.08392367482334097,0.026250248579720425,0.08769504263744425
-55.085375600822225,0.08394606302036087,0.02625027896739099,0.08773214082451086
-54.94653764120614,0.08396843742559028,0.026250309278651858,0.0877691455144762
-54.80804958914265,0.0839907980235196,0.026250339513694928,0.08780605694305585
-54.669910562996556,0.08401314479838728,0.026250369672711285,0.08784287534523336
-54.532119683268846,0.08403547773438078,0.02625039975589157,0.08787960095542292
-54.39467607229153,0.08405779681551749,0.026250429763426262,0.08791623400755072
-54.25757885514314,0.08408010202572591,0.02625045969550493,0.08795277473481086
-54.12082715842806,0.08410239334880659,0.026250489552317038,0.08798922336999081
-53.98442011149719,0.08412467076835187,0.026250519334051352,0.08802558014514597
-53.8483568461428,0.0841469342679898,0.02625054904089621,0.08806184529168107
-53.712636495072665,0.08416918383110164,0.0262505786730397,0.08809801904075679
-53.57725819496178,0.08419141944102534,0.026250608230668965,0.08813410162247644
-53.44222108340062,0.08421364108089387,0.026250637713971084,0.08817009326669933
-53.307524300115865,0.08423584873383973,0.026250667123132707,0.08820599420271542
-53.17316698819107,0.08425804238279198,0.02625069645833953,0.08824180465891991
-53.0391482913201,0.0842802220106816,0.026250725719777396,0.08827752486354538
-52.9054673568589,0.08430238760015529,0.026250754907631194,0.08831315504384832
-52.77212333277372,0.0843245391339457,0.026250784022085756,0.08834869542692257
-52.63911537038767,0.08434667659454372,0.02625081306332516,0.08838414623896725
-52.50644262254974,0.08436879996440472,0.02625084203153317,0.0884195077057748
-52.37410424455026,0.08439090922679375,0.02625087092689293,0.08845478005248694
-52.24209939381575,0.08441300437159611,0.02625089974958733,0.08848996350367608
-52.110427229603744,0.0844350853913831,0.026250928499798643,0.08852505828342655
-51.97908691330797,0.08445715227869442,0.026250957177708808,0.08856006461525333
-51.84807760906868,0.0844792050257352,0.026250985783499218,0.08859498272193939
-51.7173984822468,0.08450124362466896,0.026251014317350888,0.08862981282594233
-51.58704870064463,0.08452326806736869,0.02625104277944433,0.08866455514906905
-51.457027434505804,0.08454527834554296,0.02625107116995962,0.08869920991247579
-51.327333855904996,0.08456727445073776,0.02625109948907633,0.08873377733683069
-51.19796713844271,0.08458925637433767,0.02625112773697372,0.08876825764239527
-51.06892645907633,0.0846112241074828,0.02625115591383043,0.0888026510485363
-50.94021099598391,0.08463317764119652,0.026251184019824767,0.08883695777429525
-50.81181992886936,0.0846551169663446,0.026251212055134625,0.08887117803830683
-50.683752441098626,0.08467704207350948,0.026251240019937328,0.08890531205822977
-50.55600771634281,0.08469895295328779,0.02625126791440988,0.08893936005164142
-50.42858494162989,0.08472084959595273,0.02625129573872871,0.08897332223522446
-50.301483305513706,0.0847427319916669,0.026251323493069904,0.08900719882525482
-50.17470199837909,0.08476460013048419,0.026251351177609208,0.08904099003752047
-50.048240213052246,0.08478645400217981,0.026251378792521624,0.08907469608715865
-49.92209714449557,0.08480829359646527,0.026251406337982033,0.08910831718873723
-49.79627198950246,0.08483011890286106,0.026251433814164556,0.08914185355633608
-49.670763946392185,0.08485192991074075,0.026251461221243323,0.08917530540362839
-49.54557221623052,0.08487372660937519,0.02625148855939158,0.08920867294355526
-49.420696001914266,0.084895508987761,0.02625151582878239,0.08924195638856984
-49.29613450786607,0.08491727703488071,0.02625154302958844,0.08927515595071854
-49.171886941255124,0.0849390307394878,0.026251570161981732,0.08930827184131575
-49.04795251077644,0.08496077009019404,0.02625159722613406,0.08934130427126917
-48.9243304275664,0.08498249507551409,0.026251624222216545,0.08937425345083581
-48.80101990398207,0.08500420568377971,0.02625165115040026,0.08940711958994733
-48.67802015512705,0.0850259019032278,0.026251678010855487,0.08943990289780335
-48.555330397325584,0.08504758372191414,0.02625170480375236,0.08947260358327812
-48.43294984964849,0.08506925112780189,0.026251731529260365,0.0895052218545139
-48.310877732997554,0.08509090410867483,0.02625175818754861,0.08953775791916488
-48.18911326980046,0.08511254265218209,0.026251784778785904,0.0895702119844786
-48.06765568462105,0.0851341667458831,0.02625181130314054,0.08960258425713322
-47.94650420415935,0.08515577637724914,0.02625183776078038,0.08963487494323753
-47.82565805694644,0.08517737153348702,0.026251864151872913,0.08966708424841233
-47.70511647334436,0.0851989522018498,0.02625189047658518,0.08969921237779034
-47.584878686156564,0.08522051836932781,0.026251916735083793,0.08973125953585363
-47.46494392940715,0.08524207002282645,0.026251942927535046,0.08976322592675892
-47.34531143925641,0.08526360714921204,0.02625196905410466,0.08979511175409355
-47.22598045430601,0.0852851297351347,0.026251995114957998,0.08982691722079414
-47.10695021437828,0.0853066377672073,0.0262520211102601,0.08985864252947201
-46.98821996143174,0.08532813123182759,0.026252047040175565,0.08989028788216907
-46.86978893986626,0.08534961011540293,0.026252072904868428,0.08992185348027659
-46.751656394997234,0.0853710744041721,0.026252098704502475,0.08995333952494176
-46.63382157519174,0.08539252408420546,0.026252124439241003,0.08998474621649846
-46.5162837294272,0.08541395914163138,0.026252150109247023,0.09001607375511786
-46.39904211003792,0.08543537956223077,0.026252175714682902,0.0900473223400764
-46.28209596966334,0.08545678533193496,0.026252201255710848,0.09007849217056924
-46.16544456399462,0.08547817643641956,0.02625222673249258,0.0901095834449781
-46.04908715055394,0.08549955286128592,0.026252252145189253,0.09014059636119676
-45.933022987473805,0.08552091459210796,0.02625227749396202,0.09017153111695622
-45.81725133685394,0.08554226161420471,0.02625230277897109,0.09020238790893019
-45.7017714604889,0.08556359391296048,0.02625232800037674,0.09023316693387365
-45.586582623530084,0.08558491147364337,0.026252353158338546,0.09026386838764693
-45.47168409265477,0.08560621428131379,0.0262523782530158,0.09029449246570362
-45.357075135760894,0.08562750232110052,0.02625240328456744,0.09032503936317196
-45.24275502318776,0.0856487755778798,0.026252428253151997,0.09035550927452957
-45.12872302710569,0.08567003403659823,0.02625245315892748,0.09038590239376593
-45.01497842151601,0.08569127768195058,0.026252478002051594,0.09041621891438259
-44.901520481640745,0.08571250650021445,0.026252502782681736,0.0904464590295557
-44.78834848514326,0.0857337204837725,0.026252527500974787,0.09047662293181072
-44.675461711823125,0.08575491962665287,0.026252552157087192,0.09050671081310378
-44.5628594423954,0.0857761039226865,0.026252576751175094,0.09053672286514695
-44.45054096001651,0.08579727336560168,0.02625260128339431,0.09056665927900165
-44.33850554936874,0.08581842794897863,0.02625262575390016,0.09059652024532255
-44.226752497270546,0.08583956766606317,0.02625265016284752,0.09062630595419505
-44.11528109176108,0.08586069251014218,0.02625267451039109,0.09065601659537909
-44.00409062301565,0.08588180247431115,0.026252698796684994,0.09068565235806533
-43.893180383650964,0.0859028975513805,0.026252723021882977,0.09071521343079371
-43.78254966628369,0.0859239777342063,0.026252747186138667,0.09074470000210418
-43.67219776749774,0.08594504301531437,0.026252771289604813,0.09077411225947926
-43.56212398448734,0.0859660933871368,0.026252795332434093,0.09080345039023885
-43.4523276156674,0.085987128842061,0.02625281931477901,0.09083271458137748
-43.34280796219935,0.08600814937219357,0.0262528432367913,0.09086190501915763
-43.233564326770484,0.08602915496959868,0.026252867098622457,0.09089102188943511
-43.12459601359393,0.08605014562610855,0.026252890900423653,0.09092006537765904
-43.01590232932419,0.08607112133346757,0.02625291464234551,0.09094903566862783
-42.90748258092092,0.08609208208328553,0.02625293832453863,0.09097793294705858
-42.79933607870064,0.08611302786703859,0.026252961947152813,0.09100675739677365
-42.691462133895406,0.08613395867602223,0.026252985510337726,0.09103550920135141
-42.58386005956826,0.08615487450149636,0.026253009014242677,0.09106418854388218
-42.476529170308105,0.08617577533449389,0.02625303245901644,0.09109279560704961
-42.36946878284004,0.08619666116591755,0.02625305584480756,0.091121330572968
-42.26267821510982,0.08621753198668618,0.026253079171764268,0.0911497936234263
-42.15615678780976,0.086238387787397,0.0262531024400341,0.09117818493948139
-42.04990382193732,0.08625922855866522,0.026253125649764647,0.09120650470210884
-41.943918641541664,0.08628005429088259,0.026253148801102764,0.09123475309147085
-41.83820057097713,0.08630086497446124,0.026253171894195293,0.09126293028764826
-41.73274893734456,0.08632166059954262,0.02625319492918838,0.0912910364699899
-41.62756306957586,0.0863424411562416,0.026253217906227876,0.09131907181735657
-41.52264229721322,0.08636320663455037,0.026253240825459552,0.09134703650844637
-41.41798595285057,0.0863839570242895,0.02625326368702837,0.09137493072114408
-41.313593369387,0.08640469231525641,0.026253286491079355,0.09140275463325306
-41.20946388277328,0.08642541249702936,0.02625330923775677,0.0914305084217634
-41.10559682926536,0.08644611755921447,0.026253331927204842,0.09145819226358376
-41.00199154786572,0.08646680749120014,0.02625335455956725,0.09148580633489081
-40.898647378492356,0.08648748228235512,0.026253377134987464,0.09151335081161723
-40.795563663504595,0.08650814192183141,0.026253399653608428,0.09154082586904493
-40.69273974617731,0.0865287863988128,0.02625342211557285,0.09156823168221187
-40.59017497192153,0.08654941570226742,0.02625344452102298,0.09159556842558662
-40.487868687674144,0.08657002982114735,0.026253466870100762,0.09162283627323109
-40.38582024189789,0.08659062874423985,0.026253489162947778,0.09165003539880048
-40.28402898458136,0.08661121246026778,0.02625351139970539,0.09167716597554329
-40.18249426784933,0.08663178095794077,0.026253533580514427,0.0917042281761387
-40.08121544474207,0.086652334225705,0.026253555705515387,0.09173122217302183
-39.98019187074123,0.08667287225209531,0.026253577774848456,0.09175814813797716
-39.87942290254912,0.08669339502543438,0.02625359978865344,0.09178500624246376
-39.77890789839393,0.08671390253393337,0.026253621747069897,0.09181179665753406
-39.678646218029655,0.08673439476584462,0.026253643650236882,0.09183851955383376
-39.57863722304133,0.08675487170931102,0.02625366549829333,0.09186517510152059
-39.47888027684502,0.08677533335226455,0.026253687291377475,0.0918917634702642
-39.37937474438261,0.08679577968262975,0.026253709029627422,0.0919182848293276
-39.28011999120635,0.086816210688376,0.02625373071318111,0.09194473934781108
-39.181115386225336,0.08683662635716118,0.02625375234217577,0.09197112719392027
-39.08236029865386,0.08685702667668888,0.02625377391674843,0.09199744853577943
-38.983854099537204,0.08687741163465874,0.026253795437035897,0.09202370354102479
-38.88559616114134,0.08689778121861337,0.02625381690317458,0.09204989237696724
-38.78758585878395,0.08691813541593825,0.026253838315300395,0.09207601521010433
-38.68982256808786,0.08693847421406788,0.026253859673549,0.09210207220685222
-38.592305665896596,0.08695879760038407,0.02625388097805587,0.09212806353330175
-38.495034531800194,0.08697910556231853,0.026253902228955975,0.09215398935481171
-38.39800854630422,0.0869993980917885,0.02625392342638396,0.0921798498364969
-38.30122709144006,0.08701967518436335,0.026253944570474183,0.0922056451430654
-38.20468955107015,0.0870399368355006,0.026253965661360592,0.0922313754387373
-38.10839531058276,0.08706018304053112,0.02625398669917685,0.09225704088732598
-38.01234375628165,0.08708041379471226,0.026254007684056342,0.09228264165240081
-37.91653427721714,0.08710062909307244,0.026254028616132036,0.09230817789679914
-37.820966262744705,0.08712082893062092,0.026254049495536565,0.09233364978327699
-37.725639104356,0.08714101330213966,0.026254070322402324,0.09235905747402096
-37.6305521953737,0.08716118220228868,0.02625409109686127,0.0923844011307297
-37.53570493003601,0.08718133562565954,0.02625411181904503,0.09240968091485781
-37.4410967047173,0.08720147356661852,0.026254132489084935,0.09243489698729052
-37.34672691670747,0.08722159601951822,0.026254153107111988,0.09246004950866908
-37.25259496482222,0.0872417029784873,0.02625417367325701,0.09248513863922803
-37.158700250318674,0.08726179443758975,0.026254194187650192,0.0925101645385512
-37.065042174453914,0.08728187039077306,0.02625421465042166,0.09253512736622246
-36.971620141536725,0.08730193083181596,0.026254235061701037,0.09256002728101227
-36.87843355648624,0.08732197575438193,0.0262542554216177,0.09258486444152844
-36.78548182574744,0.08734200515207353,0.026254275730300765,0.09260963900597206
-36.69276435790148,0.08736201901832669,0.026254295987878856,0.0926343511319749
-36.600280561834694,0.08738201734646461,0.026254316194480456,0.09265900097708739
-36.50802984917995,0.08740200012980597,0.026254336350233623,0.09268358869812787
-36.41601163218044,0.08742196736134374,0.02625435645526622,0.09270811445175206
-36.324225325215565,0.08744191903417532,0.02625437650970547,0.0927325783940463
-36.232670343275046,0.08746185514118113,0.026254396513678682,0.09275698068093427
-36.141346103789964,0.08748177567518661,0.026254416467312653,0.09278132146768892
-36.050252025106914,0.08750168062880087,0.026254436370733783,0.09280560090933922
-35.959387527403514,0.08752156999468785,0.026254456224068246,0.09282981916042608
-35.86875203207805,0.0875414437652421,0.02625447602744183,0.0928539763751651
-35.778344961444326,0.08756130193296939,0.026254495780980314,0.09287807270752785
-35.688165739952325,0.08758114449010704,0.026254515484808737,0.09290210831091654
-35.598213793883055,0.08760097142884196,0.026254535139052057,0.09292608333824535
-35.50848854982269,0.08762078274131162,0.02625455474383488,0.09294999794234714
-35.41898943679876,0.08764057841944065,0.026254574299281467,0.09297385227540404
-35.329715885059485,0.08766035845516006,0.026254593805515723,0.09299764648927286
-35.240667325768584,0.08768012284035376,0.026254613262661423,0.0930213807355664
-35.15184319192078,0.08769987156669423,0.026254632670841892,0.0930450551654094
-35.063242918036686,0.08771960462586302,0.02625465203018016,0.09306866992951995
-34.974865939857544,0.08773932200938603,0.026254671340798917,0.0930922251782908
-34.88671169465049,0.08775902370874447,0.026254690602820686,0.09311572106170796
-34.79877962120846,0.0877787097152648,0.02625470981636753,0.09313915772935079
-34.71106915923995,0.08779838002034115,0.026254728981561344,0.09316253533055464
-34.623579750589606,0.08781803461521426,0.0262547480985235,0.0931858540140855
-34.5363108380176,0.0878376734909156,0.02625476716737526,0.09320911392846531
-34.44926186550478,0.08785729663860237,0.026254786188237626,0.09323231522189072
-34.362432279473346,0.08787690404916772,0.026254805161231028,0.09325545804190764
-34.27582152634551,0.08789649571363223,0.02625482408647591,0.09327854253606199
-34.18942905498482,0.08791607162275297,0.026254842964092133,0.09330156885124902
-34.1032543148652,0.08793563176730396,0.026254861794199575,0.09332453713420122
-34.01729675790188,0.08795517613802074,0.026254880576917345,0.0933474475310005
-33.93155583601015,0.08797470472548852,0.026254899312364882,0.09337030018772866
-33.8460310035466,0.08799421752031138,0.026254918000660786,0.09339309524981688
-33.76072171578336,0.08801371451288717,0.026254936641923545,0.09341583286245231
-33.675627430128756,0.08803319569363366,0.026254955236271388,0.09343851317025269
-33.59074760368593,0.08805266105298981,0.026254973783822237,0.09346113631791717
-33.5060816966097,0.08807211058118908,0.02625499228469376,0.09348370244933146
-33.421629169665266,0.08809154426848695,0.026255010739003184,0.09350621170821866
-33.33738948544882,0.08811096210493341,0.02625502914686747,0.09352866423781378
-33.25336210655656,0.08813036408077307,0.0262550475084036,0.09355106018135188
-33.16954649894154,0.08814975018598879,0.026255065823727667,0.09357339968117331
-33.0859421279465,0.08816912041058775,0.0262550840929562,0.09359568287978105
-33.00254846196586,0.08818847474442974,0.02625510231620472,0.09361790991886473
-32.91936497000437,0.08820781317761243,0.02625512049358889,0.09364008093995134
-32.8363911219823,0.08822713570414627,0.026255138625224026,0.0936621960843238
-32.753626389345776,0.08824644232114971,0.026255156711225167,0.09368425549285839
-32.6710702456771,0.08826573302593257,0.026255174751706887,0.09370625930586197
-32.58872216455858,0.08828500781559095,0.026255192746783697,0.09372820766364148
-32.50658162231905,0.08830426668706552,0.026255210696569622,0.09375010070577178
-32.4246480955925,0.08832350963725845,0.026255228601178536,0.09377193857174637
-32.34292106253879,0.08834273666297633,0.02625524646072408,0.09379372140065212
-32.26140000284363,0.08836194776081421,0.026255264275319386,0.09381544933116914
-32.18008439771855,0.08838114292727271,0.026255282045077454,0.09383712250157095
-32.09897372898545,0.08840032215887597,0.026255299770110974,0.0938587410499683
-32.018067479992055,0.08841948545193855,0.02625531745053251,0.09388030511406531
-31.937365135917123,0.0884386328025654,0.026255335086454067,0.09390181483107805
-31.856866182549748,0.08845776420700514,0.02625535267798757,0.09392327033805993
-31.776570107815207,0.08847687966112164,0.026255370225244455,0.09394467177149501
-31.696476399943958,0.08849597916092446,0.026255387728336087,0.09396601926778597
-31.616584548997462,0.08851506270215687,0.02625540518737357,0.09398731296284751
-31.536894046257867,0.088534130280592,0.026255422602467528,0.09400855299226897
-31.457404384228003,0.08855318189173719,0.026255439973728506,0.09402973949131432
-31.37811505693654,0.088572217531131,0.026255457301266664,0.09405087259484086
-31.29902555963283,0.08859123719416595,0.02625547458519174,0.09407195243738055
-31.220135388176573,0.08861024087620821,0.026255491825613583,0.09409297915330266
-31.14144404056364,0.08862922857247907,0.026255509022641486,0.09411395287640707
-31.062951015705423,0.08864820027805506,0.026255526176384474,0.09413487374024973
-30.984655813428823,0.08866715598804835,0.026255543286951406,0.09415574187814249
-30.906557935391753,0.08868609569736761,0.02625556035445086,0.09417655742290924
-30.828656884167636,0.08870501940089845,0.02625557737899107,0.09419732050712983
-30.75095216416092,0.0887239270933839,0.026255594360679917,0.09421803126289606
-30.673443280386387,0.0887428187695453,0.026255611299625125,0.09423868982213712
-30.596129739079494,0.08876169442396217,0.026255628195934275,0.09425929631645678
-30.519011048001556,0.08878055405125443,0.02625564504971452,0.0942798508770522
-30.442086715829387,0.08879939764584074,0.026255661861072796,0.09430035363487645
-30.36535625307083,0.088818225201999,0.026255678630115697,0.09432080472039463
-30.28881917145439,0.08883703671411006,0.02625569535694947,0.09434120426374645
-30.212474982708592,0.08885583217641557,0.02625571204168045,0.09436155239507167
-30.136323201308475,0.08887461158295688,0.026255728684414326,0.09438184924377797
-30.060363342034254,0.08889337492788055,0.026255745285256798,0.09440209493919172
-29.984594921497155,0.0889121222051951,0.02625576184431311,0.09442228961015124
-29.90901745722392,0.0889308534087093,0.02625577836168827,0.09444243338525087
-29.833630467656796,0.08894956853233961,0.026255794837487148,0.0944625263928409
-29.758433473069054,0.08896826756992696,0.02625581127181418,0.09448256876078365
-29.683425994344294,0.08898695051511342,0.026255827664773666,0.0945025606167787
-29.608607553891968,0.08900561736152762,0.026255844016469673,0.09452250208811898
-29.53397767564739,0.08902426810278537,0.026255860327005803,0.09454239330169074
-29.45953588385102,0.08904290273242832,0.026255876596485674,0.0945622343842989
-29.385281704879525,0.08906152124386241,0.026255892825012388,0.09458202546217895
-29.31121466541473,0.08908012363048193,0.02625590901268906,0.09460176666148513
-29.23733429427466,0.08909870988567063,0.026255925159618235,0.09462145810780229
-29.163640121192834,0.08911728000261483,0.02625594126590239,0.09464109992647123
-29.090131676513124,0.08913583397455316,0.026255957331643744,0.09466069224267011
-29.016808492105238,0.08915437179465242,0.026255973356944202,0.09468023518117041
-28.94367010105957,0.08917289345600793,0.026255989341905508,0.09469972886641825
-28.870716038297534,0.08919139895158071,0.026256005286628917,0.09471917342237174
-28.797945838130204,0.08920988827451236,0.026256021191215853,0.09473856897315161
-28.72535903822551,0.08922836141762228,0.02625603705576695,0.09475791564198394
-28.652955175641058,0.08924681837384851,0.026256052880383123,0.09477721355225746
-28.5807337898758,0.08926525913593274,0.026256068665164573,0.09479646282671021
-28.508694420428693,0.08928368369673659,0.02625608441021157,0.09481566358808023
-28.43683660924005,0.08930209204892565,0.02625610011562401,0.09483481595845485
-28.365159898250187,0.08932048418528686,0.026256115781501464,0.09485392005992141
-28.293663831535607,0.08933886009834764,0.026256131407943386,0.09487297601399787
-28.222347953172804,0.08935721978075757,0.02625614699504897,0.09489198394220222
-28.151211809374473,0.08937556322503425,0.026256162542917107,0.09491094396548307
-28.080254947268813,0.08939389042452929,0.02625617805164642,0.09492985620454503
-28.009476914899526,0.08941220137717187,0.026256193521335288,0.09494872077984867
-27.938877261531,0.0894304960820277,0.026256208952081965,0.09496753781152924
-27.868455537648302,0.08944877453803592,0.02625622434398433,0.09498630741939665
-27.798211294957174,0.08946703674413796,0.02625623969713999,0.09500502972293541
-27.728144085773696,0.08948528269921473,0.02625625501164651,0.09502370484146741
-27.65825346455014,0.08950351240182829,0.026256270287600882,0.09504233289374514
-27.588538985738776,0.08952172585073925,0.026256285525100155,0.09506091399852112
-27.519000205317727,0.0895399230444553,0.02625630072424107,0.09507944827414117
-27.449636681096123,0.08955810398129548,0.026256315885119917,0.09509793583846306
-27.380447970577936,0.08957626865971559,0.02625633100783319,0.09511637680942595
-27.31143363370849,0.08959441707798432,0.026256346092476547,0.09513477130431826
-27.242593231043447,0.08961254923418316,0.026256361139145905,0.09515311944026575
-27.17392632405398,0.0896306651264023,0.02625637614793668,0.09517142133415019
-27.105432475431943,0.08964876475267645,0.02625639111894416,0.09518967710252793
-27.037111249395032,0.08966684811085426,0.026256406052263242,0.09520788686154873
-26.968962210160953,0.08968491519886104,0.026256420947988912,0.09522605072736227
-26.90098492469393,0.08970296601430532,0.02625643580621543,0.09524416881538623
-26.833178959347848,0.08972100055500525,0.026256450627037336,0.09526224124120099
-26.765543882917957,0.08973901881839674,0.02625646541054852,0.09528026811973615
-26.6980792641995,0.08975702080212707,0.026256480156842947,0.0952982495659214
-26.63078467412391,0.08977500650346106,0.026256494866014075,0.09531618569411701
-26.56365968392779,0.08979297591987678,0.026256509538155295,0.09533407661860195
-26.49670386606842,0.08981092904860273,0.026256524173359743,0.09535192245332981
-26.42991679422376,0.08982886588688312,0.02625653877172037,0.09536972331192883
-26.363298042987285,0.08984678643184589,0.026256553333329758,0.0953874793077833
-26.296847188783474,0.08986469068043579,0.026256567858280212,0.09540519055378938
-26.23056380773165,0.08988257862981547,0.026256582346664125,0.09542285716292466
-26.164447478087315,0.08990045027676498,0.02625659679857337,0.09544047924759733
-26.098497778716315,0.08991830561821669,0.0262566112140997,0.0954580569200529
-26.032714289705176,0.08993614465092123,0.02625662559333455,0.09547559029221153
-25.967096592361095,0.08995396737164899,0.026256639936369168,0.09549307947566807
-25.901644268601615,0.08997177377698887,0.02625665424329467,0.09551052458185465
-25.836356901870126,0.08998956386355045,0.026256668514201803,0.09552792572179672
-25.77123407591519,0.09000733762796499,0.026256682749181234,0.09554528300643843
-25.70627537692672,0.09002509506654736,0.026256696948323218,0.09556259654607316
-25.641480390179126,0.09004283617583783,0.02625671111171797,0.0955798664512384
-25.57684870399851,0.09006056095206033,0.026256725239455297,0.09559709283165815
-25.51237990671098,0.09007826939159784,0.026256739331624805,0.09561427579705653
-25.44807358694781,0.0900959614907214,0.026256753388316283,0.09563141545707621
-25.3839293360868,0.0901136372455216,0.026256767409618572,0.09564851192062793
-25.319946745810924,0.09013129665211336,0.02625678139562085,0.09566556529654101
-25.256125408108318,0.09014893970663684,0.02625679534641182,0.09568257569356348
-25.192464916492973,0.09016656640512097,0.02625680926208021,0.09569954322003664
-25.128964866004726,0.09018417674348339,0.026256823142714183,0.09571646798389516
-25.065624852293755,0.090201770717668,0.026256836988401876,0.095733350092911
-25.002444471620578,0.0902193483235078,0.026256850799231263,0.09575018965469342
-24.939423322076728,0.09023690955686293,0.026256864575289914,0.09576698677636375
-24.876561002364074,0.09025445441348326,0.026256878316665302,0.09578374156488052
-24.81385711179484,0.09027198288907722,0.02625689202344468,0.09580045412703969
-24.75131125151224,0.09028949497931228,0.02625690569571508,0.09581712456914912
-24.688923022964694,0.09030699067988476,0.026256919333563253,0.09583375299743539
-24.62669202912644,0.09032446998631165,0.026256932937075712,0.09585033951771837
-24.564617873582065,0.09034193289420883,0.026256946506338967,0.09586688423565526
-24.502700160831672,0.09035937939901298,0.026256960041439088,0.09588338725665921
-24.440938496901204,0.09037680949626073,0.02625697354246195,0.09589984868573675
-24.379332488732118,0.09039422318123921,0.026256987009493245,0.09591626862765035
-24.31788174326587,0.09041162044947648,0.02625700044261866,0.09593264718716249
-24.256585869885267,0.09042900129632171,0.02625701384192325,0.09594898446838498
-24.195444477973123,0.09044636571694444,0.026257027207492206,0.09596528057542958
-24.134457178438105,0.09046371370668632,0.026257040539410324,0.0959815356120014
-24.073623582494037,0.09048104526085096,0.026257053837762293,0.09599774968172421
-24.012943303185768,0.09049836037449176,0.026257067102632467,0.09601392288773372
-23.95241595416849,0.09051565904324677,0.026257080334105082,0.09603005533300303
-23.892041149402555,0.09053294126606057,0.026257093532264186,0.09604614712042384
-23.831818504984515,0.09055020704385694,0.026257106697193576,0.09606219835231852
-23.771747637316075,0.09056745637749743,0.026257119828976723,0.0960782091309281
-23.71182816401964,0.0905846892677549,0.02625713292769711,0.09609417955816826
-23.652059703327936,0.09060190571545675,0.026257145993437838,0.09611010973579201
-23.592441874694376,0.09061910572120026,0.026257159026281934,0.09612599976522698
-23.532974298487883,0.09063628928556679,0.02625717202631207,0.09614184974765683
-23.473656595687714,0.09065345640905087,0.02625718499361082,0.09615765978410253
-23.414488389409318,0.0906706070920607,0.02625719792826047,0.09617342997501567
-23.355469302157807,0.09068774133491828,0.02625721083034324,0.09618916042101054
-23.2965989582693,0.09070485913800395,0.026257223699940963,0.09620485122221341
-23.23787698330061,0.09072196050132461,0.026257236537135336,0.09622050247842516
-23.179303002503367,0.09073904542516277,0.02625724934200795,0.09623611428952805
-23.12087664387574,0.09075611390949982,0.02625726211464001,0.0962516867546723
-23.062597534500377,0.09077316595437765,0.026257274855112717,0.0962672199732521
-23.004465303901288,0.09079020155960922,0.02625728756350689,0.09628271404401101
-22.94647958129732,0.09080722072521445,0.02625730023990324,0.09629816906577385
-22.8886399980435,0.09082422345076653,0.026257312884382267,0.09631358513679614
-22.830946185494856,0.0908412097361925,0.02625732549702428,0.09632896235533339
-22.7733977762271,0.09085817958104554,0.026257338077909295,0.09634430081931572
-22.71599440434178,0.09087513298486909,0.026257350627117183,0.0963596006262666
-22.65873570363529,0.09089206994727103,0.026257363144727756,0.09637486187379085
-22.60162130973503,0.09090899046777795,0.02625737563082038,0.09639008465900521
-22.544650859183918,0.09092589454561457,0.026257388085474308,0.09640526907878248
-22.487823988524866,0.09094278218029173,0.026257400508768847,0.0964204152299954
-22.431140336742146,0.09095965337109278,0.02625741290078266,0.09643552320886603
-22.374599542209687,0.09097650811714636,0.026257425261594493,0.09645059311177914
-22.31820124543761,0.09099334641772225,0.026257437591282903,0.09646562503455008
-22.261945086936034,0.09101016827193631,0.02625744988992605,0.09648061907299424
-22.20583070843576,0.09102697367889875,0.026257462157602225,0.09649557532260164
-22.14985775319343,0.09104376263749146,0.026257474394389035,0.09651049387845562
-22.094025863855354,0.09106053514681418,0.026257486600364525,0.09652537483580222
-22.038334685814366,0.0910772912056641,0.026257498775605972,0.09654021828915538
-21.98278386354779,0.09109403081305774,0.026257510920190862,0.09655502433327313
-21.927373044279484,0.09111075396763418,0.026257523034196085,0.09656979306218141
-21.872101874622956,0.09112746066832765,0.02625753511769874,0.09658452457006886
-21.816970002717568,0.09114415091369446,0.026257547170775553,0.09659921895071742
-21.76197707700785,0.09116082470258766,0.02625755919350311,0.0966138762978277
-21.707122748379692,0.09117748203340667,0.02625757118595754,0.09662849670444959
-21.652406666193137,0.09119412290499962,0.02625758314821526,0.0966430802640397
-21.597828483470256,0.09121074731568503,0.02625759508035203,0.09665762706907859
-21.54338785170728,0.09122735526400508,0.02625760698244381,0.09667213721245348
-21.489084424536625,0.09124394674850052,0.026257618854566043,0.09668661078648223
-21.434917856201047,0.09126052176748342,0.02625763069679413,0.09670104788332007
-21.380887801248466,0.09127708031941599,0.02625764250920351,0.09671544859504083
-21.32699391666817,0.09129362240253164,0.026257654291868816,0.09672981301306768
-21.273235858228755,0.09131014801521481,0.026257666044865187,0.09674414122914915
-21.219613284140188,0.0913266571556209,0.026257677768267183,0.09675843333438303
-21.16612585322277,0.09134314982198084,0.02625768946214912,0.09677268941970447
-21.112773224296795,0.0913596260126021,0.026257701126585428,0.0967869095760486
-21.05955505801359,0.0913760857254094,0.026257712761650114,0.09680109389386254
-21.006471015329634,0.09139252895871053,0.026257724367417103,0.09681524246351209
-20.953520758116927,0.09140895571050722,0.026257735943960147,0.09682935537511896
-20.900703949162978,0.09142536597887847,0.02625774749135267,0.09684343271856094
-20.84802025247597,0.0914417597617499,0.0262577590096681,0.09685747458339042
-20.795469332674426,0.09145813705712491,0.026257770498979417,0.09687148105899714
-20.74305085468204,0.09147449786300825,0.026257781959359794,0.09688545223468949
-20.690764484948353,0.09149084217725127,0.026257793390881974,0.09689938819936916
-20.63860988992291,0.0915071699978617,0.026257804793618618,0.09691328904193787
-20.58658673880178,0.0915234813225386,0.026257816167641886,0.09692715485056529
-20.534694698950013,0.0915397761492154,0.026257827513024322,0.0969409857139091
-20.482933440784358,0.09155605447567206,0.026257838829837836,0.09695478171981362
-20.43130263472156,0.0915723162996905,0.026257850118154277,0.09696854295612319
-20.37980195148354,0.0915885616194546,0.02625786137804542,0.09698226951060077
-20.32843106331806,0.09160479043658987,0.026257872609582802,0.09699596147060266
-20.27718964308323,0.09162100275376264,0.026257883812837696,0.09700961892332248
-20.226077364552662,0.09163719857383743,0.026257894987881315,0.09702324195570984
-20.175093902720647,0.09165337789940173,0.026257906134784497,0.097036830654389
-20.124238931665975,0.09166954073323785,0.026257917253618326,0.09705038510622825
-20.07351212882429,0.09168568707777258,0.026257928344453133,0.09706390539720111
-20.02291317102091,0.09170181693547041,0.026257939407359432,0.09707739161344385
-19.97244173508114,0.09171793030891395,0.026257950442407738,0.0970908438410927
-19.922097500881993,0.09173402720032973,0.026257961449667758,0.09710426216547051
-19.871880146774625,0.09175010761214221,0.026257972429209745,0.09711764667230682
-19.821789353856722,0.09176617154649869,0.026257983381103207,0.09713099744659918
-19.771824802310466,0.09178221900574587,0.026257994305417906,0.09714431457358909
-19.721986175064554,0.09179824999179406,0.026258005202222972,0.09715759813778603
-19.672273153521854,0.09181426450691332,0.026258016071587897,0.09717084822410618
-19.622685422136907,0.0918302625530168,0.026258026913581565,0.09718406491665237
-19.573222664448764,0.09184624413213949,0.02625803772827291,0.09719724829977137
-19.523884566132658,0.09186220924611876,0.026258048515730548,0.09721039845724067
-19.47467081225348,0.0918781578969152,0.026258059276023163,0.09722351547300037
-19.425581090012304,0.09189409008621137,0.026258070009218933,0.09723659943042126
-19.376615086305048,0.09191000581589433,0.02625808071538623,0.09724965041295541
-19.327772490163806,0.09192590508749238,0.02625809139459278,0.09726266850348561
-19.279052990010342,0.0919417879028201,0.026258102046906637,0.09727565378505723
-19.23045627548709,0.09195765426341386,0.02625811267239547,0.09728860634039037
-19.181982037457168,0.09197350417077392,0.0262581232711267,0.09730152625187972
-19.13362996678369,0.09198933762652708,0.026258133843167678,0.09731441360192003
-19.08539975616079,0.09200515463210268,0.026258144388585564,0.09732726847241797
-19.03729109828261,0.09202095518881322,0.026258154907447345,0.09734009094528025
-18.98930368645361,0.09203673929809879,0.026258165399819917,0.09735288110225088
-18.941437215809295,0.09205250696128327,0.0262581758657697,0.09736563902458584
-18.893691380874813,0.09206825817965604,0.02625818630536347,0.09737836479370383
-18.84606587770116,0.09208399295447187,0.026258196718667443,0.09739105849061681
-18.798560403560025,0.09209971128686936,0.02625820710574765,0.09740372019601143
-18.751174655112738,0.09211541317803479,0.026258217466670293,0.097416349990737
-18.703908331462003,0.09213109862912063,0.026258227801500972,0.09742894795499212
-18.65676113110018,0.09214676764108078,0.02625823811030551,0.09744151416913807
-18.6097327537403,0.09216242021516503,0.026258248393149428,0.0974540487132108
-18.562822900316085,0.09217805635217752,0.026258258650097867,0.09746655166692088
-18.516031272066414,0.09219367605313614,0.02625826888121603,0.09747902310989758
-18.469357570840515,0.09220927931902577,0.026258279086568994,0.09749146312160745
-18.422801499403125,0.09222486615063248,0.026258289266221643,0.09750387178127307
-18.37636276143448,0.09224043654887494,0.02625829942023848,0.09751624916787298
-18.330041060919996,0.09225599051463922,0.026258309548684203,0.0975285953603044
-18.283836103370938,0.09227152804852869,0.02625831965162307,0.09754091043705784
-18.237747594298558,0.09228704915153058,0.02625832972911921,0.09755319447662386
-18.191775240129633,0.09230255382418256,0.02625833978123674,0.09756544755724894
-18.145918748511612,0.09231804206723987,0.026258349808039476,0.09757766975685425
-18.100177827091937,0.09233351388134181,0.026258359809591098,0.09758986115336098
-18.054552184738743,0.09234896926717913,0.026258369785955162,0.09760202182436492
-18.00904153062532,0.09236440822532649,0.026258379737195164,0.09761415184738055
-17.963645575145648,0.09237983075641024,0.026258389663374286,0.09762625129959701
-17.918364029609215,0.09239523686077174,0.026258399564555383,0.0976383202579594
-17.873196605325496,0.09241062653914145,0.02625840944080157,0.09765035879941286
-17.828143014214323,0.09242599979196517,0.026258419292175705,0.09766236700073982
-17.783202970331708,0.09244135661965619,0.02625842911874008,0.09767434493815336
-17.73837618712332,0.09245669702268039,0.026258438920557244,0.09768629268802924
-17.693662378645172,0.09247202100147169,0.026258448697689604,0.09769821032658052
-17.649061260784293,0.09248732855643219,0.026258458450199147,0.0977100979295323
-17.604572549427715,0.09250261968793201,0.026258468178147837,0.0977219555726096
-17.560195961072807,0.092517894396224,0.02625847788159759,0.0977337833313748
-17.515931213437614,0.09253315268178487,0.02625848756060993,0.09774558128106495
-17.471778024545358,0.09254839454471789,0.0262584972152464,0.09775734949683575
-17.427736113029596,0.09256361998552187,0.02625850684556833,0.0977690880536802
-17.38380519843939,0.09257882900440727,0.02625851645163701,0.09778079702634733
-17.339985001239317,0.09259402160157178,0.02625852603351345,0.09779247648934213
-17.296275242199123,0.09260919777881037,0.02625853559125843,0.09780412651708824
-17.2526756436144,0.09262435754051561,0.026258545124932652,0.09781574718360266
-17.20918592686523,0.0926395008913589,0.0262585546345969,0.09782733856314636
-17.165805815773062,0.0926546278359423,0.026258564120311426,0.09783890072932963
-17.122535033548992,0.09266973837862565,0.026258573582136558,0.09785043375592543
-17.079373305540308,0.09268483252387205,0.02625858302013238,0.09786193771613737
-17.036320355873627,0.09269991027616255,0.02625859243435889,0.09787341268349438
-16.993375910811743,0.0927149716398227,0.026258601824875986,0.09788485873095606
-16.95053969692263,0.09273001661910917,0.026258611191743234,0.09789627593140066
-16.907811441689763,0.09274504521829702,0.026258620535020132,0.09790766435746241
-16.865190872596617,0.09276005744159291,0.026258629854766125,0.09791902408177555
-16.82267771834735,0.09277505329313525,0.02625863915104046,0.09793035517664897
-16.78027170856163,0.09279003277690645,0.026258648423902086,0.09794165771414756
-16.737972572553954,0.09280499589717109,0.02625865767341011,0.0979529317664175
-16.695780041775,0.09281994265777552,0.026258666899623098,0.0979641774050357
-16.653693846759943,0.09283487306284909,0.026258676102599857,0.09797539470182297
-16.61171372018015,0.09284978711610192,0.02625868528239868,0.09798658372803083
-16.569839394401807,0.0928646848215282,0.026258694439078075,0.09799774455499213
-16.528070602706624,0.09287956618296671,0.0262587035726962,0.0980088772537957
-16.486407079291805,0.0928944312041003,0.02625871268331099,0.09801998189528634
-16.444848558659732,0.09290927988889824,0.026258721770980483,0.09803105855022753
-16.40339477683864,0.09292411224081988,0.02625873083576216,0.09804210728897608
-16.362045468941233,0.0929389282637002,0.026258739877713943,0.0980531281821328
-16.320800371911265,0.0929537279611299,0.026258748896893246,0.09806412129981046
-16.279659223302804,0.0929685113367214,0.026258757893357236,0.09807508671195914
-16.238621761280267,0.09298327839393082,0.026258766867163132,0.09808602448836631
-16.197687724008077,0.09299802913641479,0.02625877581836803,0.09809693469881939
-16.15685685148166,0.09301276356758467,0.02625878474702872,0.09810781741261777
-16.116128883391287,0.09302748169078444,0.026258793653201915,0.09811867269914223
-16.075503560037557,0.09304218350964955,0.02625880253694446,0.0981295006276108
-16.034980623552098,0.09305686902730036,0.026258811398312435,0.09814030126675355
-15.99455981484585,0.0930715382473289,0.026258820237362503,0.09815107468562588
-15.954240877576284,0.0930861911728111,0.026258829054150615,0.09816182095255113
-15.914023554180192,0.09310082780720583,0.02625883784873292,0.09817254013617803
-15.873907589230551,0.09311544815363512,0.026258846621165195,0.09818323230458591
-15.833892726690008,0.09313005221542486,0.026258855371503322,0.0981938975260168
-15.793978712047046,0.09314463999565346,0.026258864099802826,0.09820453586830603
-15.754165291095324,0.09315921149760405,0.02625887280611915,0.09821514739920761
-15.714452210238843,0.09317376672422098,0.026258881490507747,0.09822573218631285
-15.674839216797107,0.09318830567874466,0.02625889015302369,0.09823629029696906
-15.635326058394792,0.09320282836416721,0.026258898793722115,0.09824682179844224
-15.595912483572086,0.09321733478350443,0.02625890741265784,0.09825732675775432
-15.556598241174342,0.09323182493988787,0.026258916009885672,0.09826780524184595
-15.517383080352085,0.09324629883629121,0.02625892458546044,0.09827825731757639
-15.47826675239203,0.09326075647552914,0.026258933139436325,0.0982886830512356
-15.439249007970545,0.09327519786062388,0.026258941671867826,0.09829908250927616
-15.40032959806918,0.09328962299453089,0.026258950182809253,0.09830945575806932
-15.36150827519532,0.09330403188013854,0.026258958672314675,0.09831980286357969
-15.322784792161528,0.09331842452026795,0.026258967140438003,0.09833012389169049
-15.284158902695875,0.09333280091776486,0.02625897558723293,0.09834041890804095
-15.245630360221261,0.09334716107540762,0.02625898401275338,0.09835068797835163
-15.207198919991605,0.09336150499609185,0.026258992417052707,0.09836093116785508
-15.168864336650483,0.09337583268255341,0.02625900080018454,0.09837114854194651
-15.130626366367325,0.09339014413764589,0.026259009162201974,0.09838134016561445
-15.092484765921899,0.09340443936387671,0.026259017503158188,0.09839150610368476
-15.054439292093969,0.09341871836424265,0.02625902582310628,0.09840164642098329
-15.016489702883982,0.09343298114120793,0.026259034122099043,0.09841176118201053
-14.978635756597553,0.09344722769754073,0.026259042400189208,0.09842185045118568
-14.940877211845466,0.09346145803603492,0.0262590506574295,0.09843191429284653
-14.903213828764354,0.09347567215913606,0.026259058893872193,0.09844195277092427
-14.865645366880512,0.09348987006959493,0.026259067109569965,0.09845196594951267
-14.828171587246084,0.09350405177009453,0.026259075304574775,0.09846195389229889
-14.790792251523548,0.09351821726306156,0.026259083478938777,0.09847191666280738
-14.753507121375387,0.09353236655113517,0.026259091632713876,0.0984818543245626
-14.716315959684762,0.09354649963698117,0.026259099765951976,0.09849176694076367
-14.679218529029663,0.09356061652398666,0.026259107878704793,0.09850165457469101
-14.642214593819098,0.09357471721806744,0.02625911597102378,0.09851151728913704
-14.605303917851739,0.09358880172558003,0.026259124042960522,0.09852135514705689
-14.568486266452101,0.09360287005287463,0.026259132094566234,0.09853116821099893
-14.531761405249872,0.09361692220610562,0.02625914012589205,0.09854095654343024
-14.495129100179911,0.0936309581915158,0.026259148136989114,0.09855072020673658
-14.458589118092581,0.09364497801524692,0.026259156127908252,0.09856045926305965
-14.42214122644859,0.09365898168343471,0.02625916409870036,0.09857017377437849
-14.385785192708642,0.09367296920220924,0.026259172049415996,0.09857986380267217
-14.349520785554123,0.09368694057759967,0.026259179980105872,0.09858952940959437
-14.313347774276755,0.09370089581553383,0.026259187890820174,0.09859917065663612
-14.277265928473431,0.0937148349221254,0.026259195781609283,0.09860878760520711
-14.241275018351386,0.09372875790309979,0.026259203652523384,0.09861838031655434
-14.205374814423019,0.09374266476456038,0.026259211503612493,0.0986279488518435
-14.169565088421413,0.09375655551212568,0.02625921933492654,0.09863749327191493
-14.133845612384818,0.0937704301518896,0.026259227146515213,0.09864701363752756
-14.098216158656655,0.09378428868936382,0.026259234938428255,0.09865651000935909
-14.062676500495852,0.0937981311304402,0.026259242710715103,0.09866598244784314
-14.02722641116134,0.0938119574809098,0.026259250463425376,0.09867543101341336
-13.991865665743067,0.09382576774617217,0.026259258196608057,0.09868485576601535
-13.956594038110298,0.09383956193220255,0.026259265910312586,0.09869425676592007
-13.921411304268494,0.0938533400443909,0.026259273604587755,0.09870363407282914
-13.886317240528278,0.0938671020883159,0.02625928127948255,0.0987129877463628
-13.851311622589938,0.0938808480696493,0.02625928893504589,0.09872231784630403
-13.816394227984778,0.0938945779937666,0.026259296571326265,0.09873162443194772
-13.781564834244104,0.09390829186633119,0.02625930418837235,0.09874090756258877
-13.746823219509562,0.09392198969270983,0.026259311786232482,0.09875016729735946
-13.7121691628383,0.09393567147826454,0.026259319364954965,0.09875940369514798
-13.677602443592646,0.09394933722845099,0.026259326924587954,0.09876861681476123
-13.64312284113492,0.09396298694862265,0.026259334465179616,0.09877780671500613
-13.608730136658465,0.09397662064412896,0.02625934198677773,0.09878697345420152
-13.574424110441111,0.09399023832031525,0.026259349489430213,0.0987961170909103
-13.54020454428654,0.09400383998252297,0.02625935697318478,0.09880523768328862
-13.506071220303602,0.09401742563589233,0.02625936443808896,0.09881433528941139
-13.472023921516653,0.09403099528565777,0.026259371884190155,0.09882340996710942
-13.438062430339716,0.09404454893714853,0.026259379311535838,0.09883246177437624
-13.40418653101783,0.09405808659549238,0.02625938672017315,0.09884149076871734
-13.370396008101197,0.09407160826581254,0.026259394110149114,0.09885049700755688
-13.33669064583486,0.09408511395332755,0.026259401481510812,0.09885948054840034
-13.303070229989704,0.09409860366315272,0.026259408834305022,0.09886844144834656
-13.269534546336613,0.09411207740029959,0.026259416168578575,0.09887737976449432
-13.236083381256813,0.09412553516987501,0.02625942348437804,0.09888629555377976
-13.202716521741873,0.09413897697698201,0.026259430781749936,0.09889518887297633
-13.169433755393692,0.0941524028267195,0.026259438060740655,0.09890405977869482
-13.136234870424516,0.0941658127238823,0.02625944532139646,0.09891290832738336
-13.103119655046587,0.09417920667366099,0.0262594525637636,0.09892173457549003
-13.070087898692831,0.09419258468094172,0.02625945978788803,0.0989305385791376
-13.037139391101336,0.09420594675070648,0.026259466993815633,0.0989393203943675
-13.004273922315365,0.09421929288783239,0.02625947418159228,0.09894808007713979
-12.97149128298852,0.09423262309729272,0.026259481351263665,0.0989568176832519
-12.93879126438474,0.09424593738405665,0.02625948850287536,0.09896553326833858
-12.906173658378306,0.09425923575288697,0.026259495636472854,0.09897422688787186
-12.873638257148666,0.09427251820874386,0.02625950275210146,0.09898289859724249
-12.841184853790779,0.09428578475638065,0.02625950984980643,0.09899154845159716
-12.808813241399603,0.09429903540074848,0.02625951692963288,0.09900017650608259
-12.776523213680438,0.09431227014659102,0.02625952399162593,0.09900878281568282
-12.744314565559257,0.09432548899864686,0.026259531035830255,0.09901736743505653
-12.712187091351701,0.09433869196195496,0.026259538062290852,0.09902593041902508
-12.680140586899252,0.09435187904104042,0.02625954507105227,0.09903447182200316
-12.648174847738229,0.09436505024083067,0.026259552062159113,0.09904299169848678
-12.616289670625623,0.094378205565942,0.026259559035655876,0.0990514901026466
-12.584484852623602,0.09439134502118947,0.026259565991586725,0.09905996708857194
-12.552760190794327,0.09440446861138328,0.026259572929996082,0.09906842271035213
-12.521115483420642,0.09441757634112327,0.026259579850927993,0.09907685702175116
-12.489550529090561,0.09443066821510585,0.02625958675442636,0.09908527007645165
-12.458065126697266,0.09444374423813422,0.026259593640535175,0.09909366192805491
-12.426659075744277,0.09445680441585017,0.02625960050929816,0.09910203262999957
-12.395332175735117,0.09446984875608329,0.026259607360759156,0.09911038223572426
-12.364084228004325,0.09448287726665042,0.026259614194961527,0.09911871079817956
-12.332915033276102,0.0944958899554387,0.026259621011948727,0.0991270183704788
-12.301824392884988,0.09450888683040659,0.026259627811764233,0.09913530500557252
-12.2708121093862,0.09452186789916918,0.026259634594451138,0.09914357075608603
-12.239877984419449,0.09453483316961978,0.02625964136005271,0.09915181567488855
-12.209021821760633,0.09454778264951581,0.02625964810861187,0.09916003981428002
-12.178243424575307,0.09456071634658222,0.02625965484017151,0.099168243226723
-12.147542596944538,0.09457363426840719,0.026259661554774515,0.09917642596443607
-12.116919143254565,0.09458653642265048,0.026259668252463488,0.09918458807955645
-12.086372868807132,0.09459942281693931,0.02625967493328107,0.09919272962397736
-12.055903578903985,0.0946122934588685,0.026259681597269713,0.09920085064959203
-12.025511079457209,0.0946251483560003,0.026259688244471814,0.09920895120813099
-11.995195176989228,0.09463798751586448,0.026259694874929632,0.09921703135116211
-11.964955678632803,0.09465081094585312,0.02625970148868526,0.09922509113009059
-11.934792391520704,0.09466361865353572,0.02625970808578081,0.09923313059632162
-11.904705123701197,0.09467641064623866,0.026259714666258253,0.09924114980101639
-11.874693683527727,0.09468918693157191,0.02625972123015947,0.09924914879525473
-11.844757880269247,0.09470194751669085,0.02625972777752596,0.09925712762987249
-11.814897523194707,0.09471469240903445,0.02625973430839955,0.09926508635570548
-11.785112421573059,0.09472742161600928,0.026259740822821797,0.09927302502358956
-11.7554023861991,0.09474013514477717,0.026259747320834033,0.09928094368395386
-11.725767228172803,0.09475283300267882,0.026259753802477564,0.09928884238714619
-11.696206757983795,0.09476551519702223,0.026259760267793694,0.09929672118367705
-11.666720788257896,0.09477818173486953,0.026259766716823438,0.09930458012348754
-11.637309130705413,0.0947908326236756,0.026259773149607788,0.0993124192567628
-11.607971598257336,0.09480346787032938,0.026259779566187736,0.09932023863336263
-11.578708003844651,0.09481608748221973,0.026259785966604093,0.09932803830314679
-11.549518161313854,0.09482869146638208,0.02625979235089747,0.09933581831573107
-11.520401885121782,0.09484127982992516,0.026259798719108496,0.09934357872056856
-11.49135898911493,0.09485385257992421,0.02625980507127765,0.09935131956727505
-11.462389288970815,0.09486640972352826,0.026259811407445356,0.09935904090497827
-11.43349259975661,0.09487895126774534,0.026259817727651926,0.09936674278296866
-11.40466873806534,0.09489147721944183,0.02625982403193746,0.09937442525012993
-11.375917519574518,0.09490398758588092,0.026259830320342126,0.09938208835558986
-11.347238761792678,0.09491648237396906,0.026259836592905924,0.09938973214798814
-11.318632282228352,0.09492896159046998,0.026259842849668556,0.09939735667596454
-11.290097898084904,0.09494142524265375,0.026259849090670095,0.09940496198824009
-11.261635428396714,0.0949538733372155,0.026259855315949935,0.09941254813304783
-11.233244691282655,0.0949663058811405,0.02625986152554787,0.09942011515886481
-11.204925506082278,0.09497872288137985,0.026259867719503317,0.09942766311384275
-11.17667769274547,0.09499112434474132,0.02625987389785568,0.09943519204597066
-11.148501071222125,0.09500351027810658,0.026259880060644183,0.09944270200323757
-11.12039546207247,0.0950158806884317,0.026259886207908117,0.09945019303346984
-11.092360686467075,0.09502823558231022,0.02625989233968644,0.09945766518433113
-11.064396565576507,0.09504057496673719,0.026259898456018317,0.09946511850348513
-11.036502921792016,0.09505289884834443,0.026259904556942448,0.09947255303827016
-11.008679577199679,0.09506520723416637,0.02625991064249775,0.0994799688361059
-10.980926354495912,0.09507750013076353,0.02625991671272293,0.09948736594424931
-10.953243077292642,0.09508977754498982,0.026259922767656582,0.0994947444097134
-10.925629569201796,0.0951020394835534,0.026259928807337084,0.09950210427951113
-10.898085654140468,0.09511428595312632,0.026259934831802983,0.09950944560057415
-10.870611156941266,0.09512651696056487,0.02625994084109259,0.09951676841959009
-10.84320590274196,0.09513873251246861,0.026259946835243998,0.09952407278316522
-10.8158697169855,0.09515093261551075,0.026259952814295405,0.09953135873782452
-10.788602425419995,0.09516311727643846,0.02625995877828489,0.0995386263300116
-10.761403854403902,0.09517528650196239,0.02625996472725029,0.0995458756060074
-10.73427383121118,0.09518744029853418,0.026259970661229412,0.09955310661184885
-10.707212182505454,0.0951995786730122,0.026259976580260087,0.09956031939373557
-10.680218736171025,0.09521170163199569,0.026259982484379954,0.09956751399754178
-10.653293320092196,0.09522380918204612,0.02625998837362652,0.09957469046914177
-10.626435763373944,0.09523590132979855,0.026259994248037162,0.09958184885408443
-10.599645894816085,0.0952479780818502,0.026260000107649263,0.099588989198
-10.572923543523595,0.09526003944487202,0.026260005952500203,0.0995961115464374
-10.546268539211797,0.09527208542538494,0.02626001178262717,0.09960321594478286
-10.519680712816687,0.09528411603013782,0.026260017598067037,0.09961030243809725
-10.493159894663924,0.0952961312674751,0.02626002339885688,0.09961737107160414
-10.46670591568951,0.09530813114678512,0.026260029185033614,0.0996244218903644
-10.440318607744947,0.09532011567729631,0.02626003495663406,0.09963145493919491
-10.413997802681747,0.09533208486828813,0.026260040713694907,0.09963847026291253
-10.387743332656585,0.09534403872920452,0.026260046456252767,0.09964546790625281
-10.361555031046818,0.0953559772689766,0.026260052184344063,0.09965244791362593
-10.335432730619463,0.09536790049692515,0.02626005789800536,0.09965941032960474
-10.309376265057043,0.09537980842230985,0.026260063597272957,0.09966635519851808
-10.283385468652426,0.09539170105421557,0.026260069282183024,0.09967328256453213
-10.257460176003645,0.09540357840166493,0.026260074952771807,0.09968019247173172
-10.231600221708735,0.09541544047384552,0.02626008060907529,0.0996870849642017
-10.205805441281239,0.09542728727976947,0.02626008625112951,0.09969396008578288
-10.180075670234702,0.09543911882861433,0.02626009187897034,0.0997008178803161
-10.154410744998176,0.09545093512915352,0.0262600974926335,0.09970765839139813
-10.128810502000713,0.09546273619055386,0.02626010309215485,0.09971448166262581
-10.103274778281705,0.09547452202180604,0.02626010867756981,0.09972128773743327
-10.077803411185716,0.0954862926317235,0.02626011424891403,0.09972807665917331
-10.052396238667644,0.09549804802928562,0.02626011980622288,0.09973484847103606
-10.027053098987562,0.09550978822340898,0.026260125349531697,0.09974160321613028
-10.00177383040554,0.09552151322283213,0.02626013087887577,0.09974834093756478
-9.976558272402327,0.09553322303657494,0.026260136394290257,0.09975506167812301
-9.951406263848334,0.09554491767347954,0.026260141895810267,0.09976176548075104
-9.926317644834649,0.09555659714220893,0.02626014738347081,0.09976845238806967
-9.90129225575753,0.09556826145170846,0.02626015285730668,0.0997751224426183
-9.876329937318406,0.09557991061062876,0.026260158317352712,0.09978177568685503
-9.851430530218707,0.09559154462778767,0.026260163763643693,0.09978841216323796
-9.826593876380537,0.09560316351182302,0.0262601691962142,0.0997950319138998
-9.801819817115664,0.09561476727154018,0.026260174615098893,0.09980163498113598
-9.777108194956535,0.09562635591556408,0.026260180020332105,0.09980822140691657
-9.752458852740766,0.09563792945257107,0.026260185411948227,0.09981479123313028
-9.727871633000804,0.09564948789128916,0.026260190789981663,0.09982134450174719
-9.703346379489771,0.09566103124026497,0.026260196154466495,0.099827881254412
-9.678882936265966,0.09567255950809625,0.026260201505436856,0.09983440153268809
-9.65448114677734,0.09568407270354927,0.026260206842926903,0.09984090537830151
-9.630140856608039,0.09569557083497403,0.026260212166970394,0.09984739283240895
-9.605861910121524,0.0957070539111228,0.026260217477601343,0.09985386393649248
-9.581644152901942,0.09571852194044786,0.02626022277485345,0.09986031873170875
-9.557487430838604,0.09572997493156987,0.026260228058760417,0.09986675725913312
-9.533391589820821,0.09574141289292609,0.02626023332935594,0.09987317955984096
-9.50935647665342,0.09575283583300444,0.026260238586673403,0.0998795856746636
-9.485381938141215,0.09576424376034409,0.026260243830746315,0.09988597564443238
-9.461467821699372,0.09577563668341747,0.026260249061607992,0.09989234950981597
-9.437613975353392,0.09578701461062984,0.026260254279291698,0.09989870731132036
-9.413820246518434,0.09579837755055567,0.026260259483830737,0.09990504908961421
-9.390086484440678,0.09580972551146535,0.026260264675257994,0.0999113748848782
-9.366412537145624,0.09582105850191679,0.026260269853606782,0.09991768473761825
-9.34279825479496,0.09583237653016287,0.026260275018909724,0.09992397868777106
-9.319243486329697,0.09584367960474449,0.026260280171199885,0.09993025677559857
-9.295748082216692,0.09585496773401572,0.02626028531050995,0.09993651904095609
-9.272311892617632,0.0958662409262617,0.026260290436872658,0.09994276552378023
-9.248934767999376,0.09587749918993735,0.026260295550320573,0.09994899626392631
-9.225616560049462,0.09588874253330916,0.02626030065088625,0.09995521130092427
-9.202357119845082,0.09589997096481338,0.026260305738602118,0.0999614106744667
-9.179156299989288,0.09591118449257757,0.02626031081350042,0.09996759442383957
-9.156013951864445,0.09592238312513837,0.026260315875613574,0.09997376258865413
-9.132929928378765,0.09593356687072321,0.02626032092497383,0.099979915208115
-9.109904082745636,0.09594473573748902,0.02626032596161318,0.09998605232134541
-9.086936268178443,0.095955889734003,0.026260330985563712,0.09999217396746862
-9.06402633850091,0.0959670288682809,0.026260335996857374,0.09999828018544525
-9.04117414784193,0.09597815314862818,0.026260340995526005,0.1000043710141545
-9.018379550635569,0.09598926258340015,0.02626034598160147,0.10001044649239431
-8.995642401926226,0.09600035718076011,0.026260350955115377,0.1000165066587999
-8.972962556453139,0.09601143694904146,0.026260355916099522,0.10002255155208782
-8.950339870176215,0.09602250189638477,0.026260360864585313,0.10002858121064934
-8.92777419905537,0.09603355203110069,0.026260365800604223,0.10003459567287562
-8.905265399355686,0.09604458736118453,0.026260370724187743,0.1000405949770766
-8.882813327342243,0.09605560789519564,0.026260375635367206,0.10004657916156212
-8.860417840500801,0.0960666136421406,0.026260380534173792,0.10005254826431674
-8.838078796317122,0.09607760461255113,0.026260385420638643,0.10005850232332499
-8.815796052276966,0.09608858081694499,0.0262603902947928,0.10006444137657139
-8.79356946647643,0.0960995422658703,0.02626039515666736,0.10007036546187784
-8.771398897621959,0.09611048896966085,0.02626040000629322,0.10007627461690347
-8.749284204114819,0.0961214209389252,0.026260404843701235,0.10008216887938884
-8.727225245271788,0.09613233818393477,0.02626040966892224,0.10008804828683045
-8.705221881325153,0.09614324071511329,0.026260414481986696,0.10009391287648078
-8.683273970981356,0.0961541285429147,0.026260419282925447,0.10009976268599906
-8.66138137538819,0.09616500167770022,0.026260424071768956,0.10010559775239374
-8.639543954777947,0.0961758601297379,0.026260428848547682,0.10011141811291732
-8.61776156999325,0.0961867039093254,0.026260433613292018,0.10011722380465965
-8.596034082792237,0.09619753302679031,0.026260438366032247,0.10012301486446651
-8.574361354322704,0.09620834749236641,0.02626044310679863,0.10012879132934639
-8.552743246647957,0.09621914731644111,0.026260447835621314,0.1001345532360638
-8.531179622136472,0.09622993250906005,0.02626045255253044,0.10014030062130183
-8.50967034407223,0.09624070308042183,0.026260457257555776,0.10014603352149962
-8.48821527451854,0.09625145904087913,0.026260461950727586,0.10015175197342167
-8.466814277674894,0.0962622004004413,0.026260466632075447,0.10015745601326306
-8.445467216520107,0.09627292716939574,0.02626047130162938,0.10016314567754428
-8.424173955864013,0.09628363935768566,0.02626047595941882,0.10016882100229774
-8.402934359600932,0.09629433697565734,0.026260480605473598,0.10017448202379992
-8.381748292540701,0.09630502003331227,0.026260485239823224,0.10018012877808323
-8.36061562010349,0.09631568854055547,0.02626048986249714,0.10018576130101745
-8.3395362074043,0.0963263425076962,0.0262604944735248,0.10019137962855368
-8.318509920168477,0.09633698194469754,0.026260499072935446,0.10019698379648034
-8.297536625036868,0.09634760686142525,0.026260503660758404,0.10020257384034185
-8.276616187734815,0.09635821726815072,0.02626050823702286,0.10020814979592664
-8.25574847551351,0.09636881317467148,0.02626051280175789,0.10021371169861644
-8.234933355013801,0.09637939459106483,0.026260517354992668,0.10021925958395567
-8.214170694402391,0.09638996152718483,0.026260521896755887,0.10022479348708206
-8.193460360930468,0.09640051399303967,0.026260526427076675,0.10023031344337735
-8.1728022230699,0.09641105199853972,0.026260530945983716,0.10023581948789792
-8.152196148987388,0.09642157555362343,0.02626053545350588,0.1002413116557815
-8.131642007459968,0.09643208466825748,0.026260539949671716,0.10024678998200315
-8.11113966787502,0.09644257935218305,0.026260544434509925,0.10025225450137526
-8.090688999619923,0.09645305961529559,0.026260548908048922,0.10025770524871018
-8.070289872082054,0.09646352546751835,0.026260553370317272,0.10026314225882031
-8.049942155869466,0.09647397691867535,0.02626055782134333,0.10026856556619267
-8.029645720979882,0.09648441397861797,0.026260562261155408,0.10027397520547697
-8.009400438326525,0.09649483665709742,0.0262605666897818,0.1002793712110789
-7.98920617943296,0.09650524496389203,0.026260571107250497,0.10028475361724146
-7.969062814907246,0.09651563890893501,0.0262605755135898,0.1002901224584517
-7.948970217188455,0.0965260185018031,0.02626057990882769,0.10029547776870862
-7.928928258105325,0.09653638375248379,0.026260584292992026,0.1003008195821739
-7.908936809791759,0.09654673467060709,0.02626058866611079,0.10030614793292789
-7.888995745297172,0.09655707126582924,0.026260593028211782,0.1003114628548069
-7.869104937060638,0.09656739354808988,0.026260597379322854,0.10031676438180995
-7.8492642590470805,0.0965777015269696,0.026260601719471484,0.10032205254752935
-7.829473584916253,0.0965879952122036,0.026260606048685405,0.10032732738563876
-7.80973278802274,0.09659827461355329,0.026260610366992152,0.10033258892989319
-7.790041743552141,0.09660853974054782,0.026260614674419137,0.10033783721355957
-7.770400325469381,0.09661879060300041,0.026260618970993847,0.10034307227023026
-7.750808408654891,0.0966290272106208,0.026260623256743554,0.10034829413325354
-7.7312658685994435,0.09663924957288528,0.02626062753169555,0.10035350283581504
-7.711772581098979,0.0966494576995543,0.026260631795876996,0.10035869841101908
-7.692328421644269,0.0966596516002842,0.02626063604931505,0.10036388089205127
-7.672933266336424,0.0966698312847564,0.026260640292036865,0.10036905031193456
-7.653586991886894,0.09667999676241694,0.02626064452406922,0.10037420670352926
-7.6342894753123,0.09669014804299676,0.02626064874543922,0.1003793500996143
-7.615040593324091,0.0967002851361214,0.026260652956173563,0.10038448053304996
-7.595840223549227,0.09671040805131027,0.026260657156299234,0.1003895980364525
-7.576688243919836,0.09672051679810671,0.026260661345842744,0.10039470264235689
-7.5575845320628785,0.09673061138634009,0.026260665524830872,0.10039979438337937
-7.538528966520821,0.09674069182534022,0.026260669693290148,0.1004048732918922
-7.519521425836134,0.09675075812472222,0.026260673851247217,0.10040993940026763
-7.500561789466792,0.09676081029399373,0.026260677998728287,0.10041499274063394
-7.481649935955265,0.09677084834296916,0.02626068213576001,0.10042003334536335
-7.462785745369869,0.09678087228177414,0.026260686262368584,0.10042506124642148
-7.443969097473752,0.09679088212201707,0.02626069037858016,0.10043007647585518
-7.425199872335229,0.0968008778749929,0.026260694484421136,0.10043507906563005
-7.406477950632957,0.09681085955240007,0.02626069857991745,0.10044006904754901
-7.387803213045592,0.09682082716541648,0.026260702665095257,0.10044504645341493
-7.3691755405569594,0.09683078072575656,0.02626070673998051,0.10045001131494935
-7.350594814761224,0.09684072024474559,0.02626071080459915,0.1004549636637112
-7.332060917252551,0.09685064573358328,0.026260714858977005,0.10045990353125935
-7.313573729625105,0.09686055720387454,0.026260718903139975,0.10046483094915266
-7.295133134998901,0.09687045466683342,0.02626072293711355,0.10046974594854337
-7.276739015273271,0.0968803381338137,0.02626072696092369,0.100474648560909
-7.258391253568231,0.0968902076161763,0.026260730974595782,0.10047953881740174
-7.240089732698623,0.0969000631251558,0.02626073497815551,0.10048441674925515
-7.2218343366999695,0.0969099046721269,0.026260738971628193,0.10048928238737742
-7.203624948997455,0.09691973226820383,0.02626074295503928,0.10049413576283939
-7.1854614536266,0.09692954592464063,0.026260746928414208,0.10049897690654924
-7.167343734928099,0.09693934565283205,0.026260750891778244,0.10050380584933385
-7.1492716778529815,0.09694913146377698,0.02626075484515643,0.10050862262185736
-7.131245167047109,0.09695890336874845,0.026260758788574104,0.10051342725486531
-7.1132640874615145,0.09696866137889143,0.02626076272205631,0.10051821977902188
-7.095328325267908,0.0969784055053565,0.026260766645627924,0.10052300022466586
-7.0774377654173195,0.09698813575943505,0.026260770559314202,0.10052776862246145
-7.0595922946918,0.0969978521520196,0.026260774463139767,0.10053252500258479
-7.041791798957889,0.09700755469427755,0.026260778357129675,0.10053726939545606
-7.024036165302807,0.09701724339738191,0.026260782241308536,0.10054200183117004
-7.006325280508602,0.09702691827224035,0.026260786115701044,0.1005467223399029
-6.988659031662493,0.09703657933017178,0.026260789980332003,0.10055143095174947
-6.971037306462041,0.09704622658195808,0.026260793835225896,0.10055612769664186
-6.953459992299632,0.09705586003879245,0.026260797680407354,0.10056081260459357
-6.935926977788337,0.09706547971160144,0.026260801515900663,0.1005654857052927
-6.91843815093088,0.0970750856114518,0.026260805341730323,0.10057014702859006
-6.900993400645501,0.09708467774927855,0.0262608091579207,0.10057479660409246
-6.883592615545268,0.09709425613602075,0.026260812964496016,0.100579434461488
-6.866235684853586,0.09710382078275796,0.026260816761480586,0.10058406063030215
-6.848922498404202,0.0971133717003005,0.026260820548898382,0.10058867513989767
-6.831652945420524,0.09712290889959886,0.026260824326773773,0.10059327801980003
-6.814426916041468,0.09713243239174407,0.02626082809513061,0.10059786929929065
-6.797244301016287,0.09714194218741974,0.026260831853992878,0.10060244900748831
-6.780104990789069,0.09715143829758645,0.026260835603384436,0.10060701717359312
-6.763008876109068,0.0971609207330706,0.026260839343329255,0.10061157382672382
-6.74595584772554,0.097170389504839,0.026260843073851136,0.10061611899599919
-6.72894579760842,0.09717984462386149,0.02626084679497374,0.10062065271021266
-6.7119786171173,0.09718928610069713,0.02626085050672086,0.10062517499832029
-6.695054198527286,0.09719871394632043,0.026260854209115902,0.10062968588903418
-6.678172433808312,0.09720812817157054,0.026260857902182598,0.10063418541114773
-6.66133321554065,0.0972175287871502,0.02626086158594436,0.10063867359329169
-6.644536436304574,0.09722691580404076,0.026260865260424718,0.1006431504640968
-6.627781989290698,0.0972362892329486,0.026260868925647027,0.10064761605203114
-6.611069767994803,0.09724564908458123,0.0262608725816345,0.10065207038548142
-6.594399666217842,0.0972549953696472,0.026260876228410425,0.10065651349275304
-6.577771576845256,0.09726432809913428,0.026260879865998146,0.10066094540239541
-6.561185394898679,0.09727364728361429,0.02626088349442063,0.10066536614238855
-6.544641014179061,0.0972829529339379,0.0262608871137011,0.10066977574103787
-6.5281383297080335,0.09729224506067778,0.026260890723862503,0.10067417422632342
-6.511677236507228,0.09730152367468572,0.02626089432492783,0.10067856162622522
-6.4952576292931035,0.09731078878653464,0.026260897916920038,0.10068293796880468
-6.478879404002802,0.09732004040707687,0.02626090149986183,0.10068730328179779
-6.462542455963123,0.09732927854688495,0.026260905073776177,0.10069165759310328
-6.446246681111207,0.0973385032168112,0.02626090863868579,0.10069600093045719
-6.4299919759945325,0.09734771442728657,0.026260912194613316,0.10070033332143284
-6.413778237160579,0.09735691218902166,0.02626091574158128,0.10070465479360363
-6.397605360851656,0.097366096512867,0.02626091927961245,0.10070896537462423
-6.381473244530752,0.09737526740925001,0.026260922808729225,0.10071326509182399
-6.365381785355685,0.09738442488887812,0.026260926328954055,0.10071755397261357
-6.349330880789444,0.09739356896245735,0.02626092984030934,0.10072183204432233
-6.333320428600186,0.09740269964055098,0.02626093334281747,0.1007260993341983
-6.31735032716641,0.09741181693371996,0.02626093683650059,0.10073035586932677
-6.301420474256272,0.0974209208526648,0.02626094032138115,0.10073460167695578
-6.285530768858609,0.09743001140801437,0.02626094379748117,0.10073883678400797
-6.269681109657089,0.09743908861132093,0.026260947264822775,0.10074306121748733
-6.253871395945718,0.09744815247476782,0.026260950723428055,0.10074727500423518
-6.238101526408162,0.09745720301082074,0.02626095417331908,0.10075147817125554
-6.2223714012539375,0.09746624023136141,0.02626095761451774,0.10075567074514569
-6.20668092008222,0.09747526414882517,0.02626096104704591,0.10075985275266561
-6.191029982797355,0.09748427477520465,0.026260964470925487,0.10076402422049396
-6.175418490219197,0.09749327212261895,0.026260967886178155,0.10076818517506539
-6.1598463425572625,0.09750225620331418,0.026260971292825737,0.10077233564297718
-6.144313440936575,0.09751122702923465,0.02626097469088981,0.10077647565058262
-6.128819686176989,0.09752018461259443,0.026260978080392124,0.10078060522431637
-6.113364979403529,0.0975291289655916,0.026260981461354246,0.10078472439053171
-6.097949222961899,0.09753806009997747,0.026260984833797553,0.10078883317525658
-6.082572317977122,0.09754697802791676,0.026260988197743616,0.1007929316048443
-6.067234166794902,0.09755588276155781,0.02626099155321381,0.10079701970532279
-6.051934672066111,0.09756477431260012,0.026260994900229442,0.10080109750263867
-6.036673735831284,0.09757365269330183,0.026260998238811898,0.10080516502290124
-6.021451260741292,0.09758251791561592,0.02626100156898242,0.10080922229205708
-6.006267150667688,0.09759136999147777,0.026261004890762073,0.10081326933572746
-5.991121308261344,0.09760020893266033,0.0262610082041721,0.10081730617985898
-5.976013637698981,0.09760903475120755,0.026261011509233503,0.1008213328499916
-5.960944042241811,0.09761784745900079,0.026261014805967403,0.10082534937190922
-5.945912425761386,0.09762664706804824,0.026261018094394732,0.10082935577123311
-5.930918693044767,0.0976354335900496,0.02626102137453648,0.10083335207334052
-5.915962748573842,0.097644207036976,0.026261024646413392,0.10083733830369002
-5.901044496830506,0.09765296742078029,0.026261027910046333,0.10084131448774022
-5.886163843212157,0.0976617147529594,0.026261031165456108,0.10084528065070567
-5.871320692505854,0.09767044904571939,0.026261034412663406,0.10084923681796364
-5.8565149504141685,0.09767917031051812,0.02626103765168895,0.10085318301464734
-5.84174652263967,0.09768787855952357,0.026261040882553235,0.10085711926589003
-5.8270153151900965,0.0976965738041538,0.02626104410527695,0.1008610455967436
-5.812321234073188,0.09770525605639138,0.0262610473198805,0.10086496203225993
-5.797664185907023,0.09771392532790646,0.026261050526384378,0.10086886859732827
-5.783044077309681,0.0977225816304953,0.026261053724809014,0.10087276531683784
-5.768460815509578,0.09773122497578692,0.02626105691517463,0.10087665221551517
-5.753914306819625,0.0977398553756836,0.026261060097501718,0.10088052931833086
-5.739404459383747,0.0977484728416255,0.02626106327181038,0.1008843966497674
-5.724931180430364,0.09775707738547314,0.026261066438120925,0.10088825423455136
-5.710494378103401,0.09776566901877116,0.026261069596453374,0.10089210209716529
-5.696093960241615,0.09777424775333762,0.026261072746827915,0.10089594026217304
-5.6817298349889365,0.09778281360082176,0.026261075889264584,0.10089976875405716
-5.667401911099628,0.09779136657270278,0.02626107902378341,0.10090358759713752
-5.653110097327958,0.09779990668073366,0.026261082150404264,0.10090739681573398
-5.638854302733361,0.09780843393649705,0.02626108526914711,0.10091119643408504
-5.624634436680444,0.0978169483515531,0.02626108838003162,0.10091498647634792
-5.610450407923473,0.09782544993758778,0.02626109148307789,0.10091876696684247
-5.596302126742562,0.09783393870611559,0.026261094578305458,0.10092253792948186
-5.582189502807487,0.09784241466877665,0.026261097665734107,0.10092629938834195
-5.568112446703532,0.0978508778370389,0.026261100745383313,0.10093005136725458
-5.554070868405643,0.09785932822234647,0.026261103817272858,0.10093379389021426
-5.540064678193934,0.09786776583656728,0.026261106881422278,0.10093752698113415
-5.526093787569198,0.09787619069094863,0.02626110993785092,0.1009412506636021
-5.512158106811551,0.09788460279716152,0.0262611129865785,0.10094496496153127
-5.498257548032124,0.09789300216655351,0.02626111602762411,0.10094866989834682
-5.484392021816203,0.09790138881089676,0.026261119061007407,0.10095236549788059
-5.470561440885259,0.09790976274133922,0.026261122086747368,0.10095605178339505
-5.456765716129747,0.09791812396960363,0.0262611251048635,0.1009597287786407
-5.443004760271139,0.09792647250708751,0.026261128115374913,0.10096339650688003
-5.429278486030906,0.09793480836516252,0.02626113111830075,0.10096705499137551
-5.415586805215013,0.0979431315553252,0.02626113411366016,0.10097070425563362
-5.40192963115527,0.097951442089197,0.026261137101472116,0.10097434432275418
-5.38830687657315,0.09795973997792094,0.02626114008175582,0.10097797521599965
-5.374718454800464,0.09796802523321724,0.02626114305453005,0.10098159695846984
-5.361164279474193,0.0979762978661753,0.02626114601981383,0.10098520957318322
-5.3476442642313184,0.0979845578884624,0.026261148977625992,0.10098881308315825
-5.334158323013991,0.09799280531141648,0.026261151927985307,0.10099240751133207
-5.320706369764363,0.09800104014634796,0.026261154870910613,0.10099599288064177
-5.307288318729753,0.09800926240469131,0.026261157806420736,0.10099956921394318
-5.293904085072991,0.09801747209770147,0.02626116073453407,0.10100313653384807
-5.280553583041398,0.09802566923690992,0.026261163655269523,0.10100669486321222
-5.267236727797803,0.09803385383399535,0.02626116656864553,0.10101024422464741
-5.253953434505036,0.09804202590134704,0.026261169474680737,0.10101378464076544
-5.240703618325926,0.09805018545192556,0.026261172373393545,0.10101731613417805
-5.227487195338814,0.09805833249819546,0.02626117526480246,0.10102083872725304
-5.214304081011695,0.09806646705288746,0.026261178148925875,0.10102435244252084
-5.201154191728081,0.09807458912869349,0.026261181025782045,0.10102785730226786
-5.1880374435663095,0.09808269873826632,0.026261183895389433,0.1010313533288619
-5.1749537526047185,0.09809079589421929,0.026261186757766296,0.10103484054467071
-5.161903036447495,0.09809888060897265,0.026261189612930648,0.10103831897165537
-5.148885211478148,0.0981069528953671,0.026261192460900803,0.10104178863210231
-5.135900194385354,0.0981150127658967,0.026261195301694965,0.10104524954821661
-5.122947903688812,0.09812306023286081,0.026261198135330947,0.10104870174171537
-5.110028255466857,0.09813109530928844,0.026261200961827085,0.10105214523496633
-5.097141168239187,0.09813911800724373,0.02626120378120125,0.10105558004968657
-5.084286559915158,0.09814712833952062,0.026261206593471323,0.1010590062077558
-5.071464348404128,0.09815512631840934,0.026261209398655252,0.10106242373105381
-5.058674452530961,0.09816311195646757,0.026261212196770852,0.10106583264121631
-5.045916790205014,0.09817108526621196,0.02626121498783594,0.10106923296012305
-5.033191280861494,0.09817904625996257,0.02626121777186833,0.10107262470924705
-5.020497842714924,0.09818699495030761,0.02626122054888572,0.10107600791038676
-5.007836395200512,0.09819493134963853,0.026261223318905787,0.10107938258501523
-4.995206858363801,0.09820285547014866,0.026261226081946105,0.10108274875444281
-4.982609151029656,0.09821076732445538,0.02626122883802423,0.10108610644030525
-4.970043192938454,0.09821866692482242,0.026261231587157922,0.10108945566399428
-4.957508904746076,0.09822655428362623,0.02626123432936436,0.1010927964466576
-4.945006205887729,0.09823442941320024,0.026261237064661224,0.10109612880976825
-4.932535017324467,0.0982422923258345,0.02626123979306583,0.10109945277439261
-4.9200952594070015,0.09825014303393188,0.02626124251459549,0.10110276836175973
-4.907686852486049,0.09825798154985167,0.026261245229267757,0.10110607559309864
-4.895309718438171,0.09826580788559601,0.026261247937099632,0.10110937448923173
-4.882963777919251,0.09827362205374944,0.026261250638108417,0.10111266507130665
-4.870648952195513,0.09828142406653903,0.02626125333231142,0.10111594736030849
-4.858365163143518,0.09828921393598992,0.026261256019725697,0.10111922137705956
-4.84611233233466,0.0982969916745537,0.026261258700368363,0.10112248714246358
-4.833890381950671,0.09830475729432263,0.026261261374256474,0.10112574467726157
-4.821699234173284,0.09831251080750084,0.02626126404140702,0.10112899400219455
-4.80953881087906,0.09832025222656265,0.026261266701837052,0.10113223513808486
-4.79740903547041,0.09832798156330573,0.02626126935556338,0.1011354681053482
-4.785309830129066,0.0983356988301129,0.026261272002602983,0.10113869292472556
-4.773241117952271,0.09834340403900488,0.026261274642972662,0.10114190961671396
-4.761202821732094,0.09835109720243093,0.026261277276689345,0.10114511820189175
-4.749194865481287,0.0983587783321604,0.026261279903769648,0.10114831870051191
-4.737217172297091,0.09836644744054941,0.0262612825242303,0.10115151113307147
-4.725269666192255,0.09837410453958989,0.026261285138087967,0.10115469551982342
-4.7133522705691915,0.09838174964154435,0.026261287745359456,0.10115787188118341
-4.701464910050989,0.09838938275830977,0.02626129034606119,0.10116104023724179
-4.689607508650398,0.09839700390205346,0.026261292940209777,0.10116420060825154
-4.677779991295678,0.09840461308473535,0.026261295527821624,0.10116735301422165
-4.665982281999579,0.09841221031874592,0.02626129810891335,0.10117049747540512
-4.654214306300699,0.09841979561578906,0.026261300683501302,0.10117363401164822
-4.642475988822128,0.09842736898799863,0.026261303251601902,0.10117676264304133
-4.630767255102466,0.0984349304472998,0.02626130581323138,0.10117988338943072
-4.61908803037514,0.09844248000588861,0.026261308368406216,0.10118299627074406
-4.60743824017875,0.09845001767575211,0.02626131091714257,0.10118610130682765
-4.595817810357063,0.09845754346882753,0.026261313459456738,0.10118919851744644
-4.584226667364187,0.09846505739700206,0.026261315995364756,0.10119228792220275
-4.572664737043891,0.09847255947243426,0.026261318524882848,0.10119536954086156
-4.561131945545113,0.09848004970691075,0.026261321048027173,0.10119844339310649
-4.549628219932299,0.0984875281123282,0.026261323564813657,0.10120150949837717
-4.538153486659557,0.09849499470085492,0.026261326075258443,0.10120456787627588
-4.526707672486165,0.09850244948444742,0.02626132857937746,0.1012076185463236
-4.515290705086908,0.09850989247468778,0.02626133107718654,0.10121066152779727
-4.5039025112210656,0.09851732368375236,0.026261333568701722,0.10121369684021785
-4.492543018563421,0.09852474312360467,0.026261336053938857,0.10121672450286229
-4.481212154788764,0.09853215080583239,0.02626133853291366,0.10121974453500754
-4.469909847571878,0.09853954674261854,0.02626134100564204,0.10122275695593053
-4.45863602550306,0.09854693094560764,0.026261343472139594,0.10122576178466422
-4.447390615951926,0.09855430342687818,0.026261345932422155,0.10122875904056688
-4.436173548119112,0.09856166419796826,0.026261348386505203,0.10123174874250879
-4.4249847499845725,0.0985690132711758,0.02626135083440457,0.10123473090968552
-4.413824150748943,0.0985763506580412,0.026261353276135664,0.10123770556096738
-4.402691679002518,0.09858367637142913,0.02626135571171414,0.10124067271538728
-4.391587263945934,0.0985909904242798,0.026261358141155395,0.10124363239181547
-4.380510835084993,0.098598292829472,0.02626136056447496,0.1012465846090409
-4.369462321315163,0.09860558359998559,0.026261362981688297,0.10124952938601517
-4.358441653057755,0.09861286274857414,0.026261365392810685,0.10125246674128316
-4.347448759513405,0.09862013028825573,0.02626136779785758,0.10125539669371515
-4.336483571103426,0.09862738623198587,0.026261370196844134,0.10125831926185606
-4.325546017638792,0.09863463059232858,0.026261372589785812,0.10126123446441347
-4.314636029845986,0.09864186338227639,0.026261374976697623,0.10126414231985095
-4.303753537841153,0.09864908461475874,0.026261377357594984,0.10126704284679476
-4.292898472655945,0.09865629430231214,0.0262613797324929,0.10126993606362712
-4.282070765016845,0.09866349245806724,0.026261382101406522,0.10127282198881161
-4.271270346260675,0.09867067909443165,0.026261384464350935,0.10127570064064914
-4.260497147113918,0.09867785422440742,0.02626138682134116,0.10127857203760329
-4.2497510995237375,0.09868501786060223,0.02626138917239214,0.10128143619781227
-4.239032134521786,0.09869217001588908,0.026261391517519037,0.10128429313965831
-4.228340184055224,0.09869931070291046,0.026261393856736603,0.10128714288127964
-4.217675179766044,0.09870643993440897,0.0262613961900598,0.10128998544089585
-4.207037054516917,0.09871355772289563,0.02626139851750346,0.10129282083640112
-4.196425740255005,0.09872066408114706,0.026261400839082277,0.10129564908593368
-4.185841168927471,0.09872775902187397,0.02626140315481121,0.10129847020763177
-4.175283273702155,0.09873484255755453,0.026261405464704894,0.10130128421930826
-4.164751986831386,0.09874191470109919,0.0262614077687781,0.10130409113902003
-4.154247241788178,0.09874897546485266,0.02626141006704539,0.10130689098449863
-4.143768971435199,0.09875602486142504,0.026261412359521476,0.10130968377363826
-4.1333171089402905,0.09876306290352617,0.026261414646220928,0.10131246952425181
-4.122891587776463,0.09877008960363168,0.02626141692715832,0.10131524825407082
-4.1124923417218975,0.09877710497448347,0.026261419202348098,0.10131801998074547
-4.102119304554772,0.09878410902825402,0.026261421471804772,0.10132078472192597
-4.091772410053267,0.09879110177788387,0.02626142373554286,0.10132354249526254
-4.0814515923007315,0.09879808323557572,0.026261425993576726,0.10132629331832402
-4.071156785990857,0.09880505341396606,0.02626142824592065,0.10132903720851662
-4.060887925206989,0.0988120123254548,0.026261430492589062,0.10133177418340919
-4.05064494464282,0.09881895998254056,0.026261432733596223,0.10133450426040791
-4.040427778992038,0.09882589639782087,0.026261434968956453,0.10133722745691899
-4.0302363632535005,0.09883282158365556,0.026261437198683943,0.10133994379026727
-4.0200706324260675,0.09883973555250294,0.026261439422792885,0.10134265327777761
-4.009930521813766,0.0988466383167512,0.026261441641297477,0.10134535593669351
-3.9998159670257953,0.098853529888718,0.026261443854211773,0.10134805178417716
-3.9897269036713525,0.09886041028098816,0.026261446061549787,0.10135074083739073
-3.9796632670544665,0.09886727950590708,0.026261448263325764,0.10135342311357776
-3.9696249936998433,0.09887413757557957,0.026261450459553585,0.10135609862965636
-3.9596120195218516,0.09888098450271625,0.02626145265024719,0.10135876740270743
-3.9496242801296892,0.09888782029961794,0.02626145483542076,0.1013614294498931
-3.939661712963572,0.09889464497834372,0.026261457015087867,0.10136408478788755
-3.929724253937867,0.09890145855155943,0.026261459189262565,0.10136673343377163
-3.919811839577282,0.09890826103134957,0.026261461357958725,0.10136937540446347
-3.909924407627203,0.09891505243006561,0.02626146352119004,0.10137201071655591
-3.9000618943071665,0.09892183275998662,0.026261465678970385,0.10137463938704845
-3.890224237057389,0.09892860203348891,0.026261467831313372,0.10137726143261523
-3.8804113733180867,0.09893536026270534,0.026261469978232883,0.10137987686993043
-3.8706232402243055,0.09894210746003645,0.026261472119742467,0.10138248571574951
-3.8608597761317704,0.09894884363746737,0.026261474255855687,0.10138508798650264
-3.851120918480698,0.0989555688075931,0.026261476386586217,0.10138768369886395
-3.8414066053216436,0.09896228298225022,0.026261478511947624,0.10139027286934492
-3.831716774399993,0.09896898617405703,0.026261480631953462,0.10139285551453839
-3.82205136468181,0.09897567839487167,0.026261482746617153,0.1013954316507118
-3.8124103145228205,0.09898235965681988,0.02626148485595213,0.1013980012942953
-3.802793561973579,0.09898902997246771,0.026261486959972023,0.10140056446180036
-3.7932010460001506,0.09899568935379056,0.02626148905869005,0.10140312116949446
-3.783632706178939,0.0990023378126876,0.026261491152119468,0.10140567143348239
-3.7740884805604997,0.09900897536167058,0.026261493240273822,0.10140821527027563
-3.764568309026406,0.0990156020128312,0.026261495323166354,0.10141075269589764
-3.755072130847892,0.09902221777801178,0.026261497400810175,0.10141328372653452
-3.745599885601361,0.09902882266949531,0.026261499473218652,0.10141580837829109
-3.7361515128632177,0.0990354166994885,0.026261501540404956,0.10141832666727214
-3.7267269522098654,0.09904199987994795,0.026261503602382268,0.10142083860958245
-3.717326144133217,0.09904857222292546,0.02626150565916356,0.1014233442210828
-3.707949028514846,0.0990551337405685,0.026261507710762088,0.10142584351779665
-3.6985955458466653,0.09906168444494669,0.02626150975719082,0.1014283365155848
-3.689265636010248,0.09906822434811088,0.026261511798462877,0.10143082323047067
-3.6799592401078467,0.09907475346276898,0.026261513834591167,0.10143330367815237
-3.670676298936544,0.09908127180185576,0.026261515865588628,0.10143577787440937
-3.6614167529882518,0.09908777937822386,0.026261517891468224,0.10143824583510243
-3.652180543670393,0.09909427620498874,0.02626151991224289,0.1014407075758483
-3.64296761178005,0.09910076229500611,0.026261521927925486,0.10144316311242646
-3.6337778990298135,0.0991072376610454,0.026261523938528722,0.10144561246037233
-3.6246113468271064,0.09911370231596421,0.026261525944065535,0.10144805563530265
-3.61546789657935,0.09912015627288347,0.026261527944548644,0.10145049265283422
-3.606347489999136,0.09912659954448787,0.02626152993999079,0.10145292352850246
-3.597250069409395,0.09913303214354995,0.026261531930404626,0.10145534827768013
-3.5881755768278882,0.0991394540829301,0.02626153391580283,0.10145776691582131
-3.5791239542723776,0.09914586537557704,0.02626153589619812,0.1014601794583801
-3.570095144065793,0.09915226603400092,0.02626153787160298,0.10146258592072926
-3.5610890888362356,0.09915865607132641,0.026261539842030137,0.10146498631816021
-3.552105731211806,0.09916503550006318,0.02626154180749194,0.10146738066596436
-3.5431450141257743,0.09917140433280781,0.026261543768001043,0.10146976897935181
-3.5342068799010713,0.09917776258277315,0.02626154572356994,0.10147215127369529
-3.5252912726916463,0.09918411026220235,0.026261547674210902,0.10147452756387954
-3.5163981348204296,0.09919044738395438,0.026261549619936535,0.10147689786527732
-3.507527410136201,0.09919677396079948,0.02626155156075912,0.1014792621928547
-3.4986790418774003,0.09920309000524163,0.026261553496691074,0.10148162056174043
-3.489852973587637,0.09920939553022574,0.026261555427744738,0.1014839729869819
-3.48104914942086,0.09921569054807579,0.02626155735393228,0.10148631948346386
-3.4722675135310186,0.09922197507137932,0.026261559275265974,0.10148866006607102
-3.4635080091565524,0.09922824911316583,0.026261561191758234,0.10149099474993215
-3.4547705813669194,0.09923451268566459,0.02626156310342109,0.10149332354968794
-3.446055174010899,0.09924076580154625,0.026261565010266698,0.1014956464803045
-3.4373617318527794,0.0992470084733904,0.02626156691230728,0.10149796355650384
-3.428690199351679,0.09925324071368519,0.02626156880955493,0.1015002747930894
-3.420040521271887,0.09925946253518358,0.026261570702021675,0.1015025802047832
-3.4114126426828606,0.09926567395019006,0.02626157258971961,0.10150487980622597
-3.4028065086540584,0.09927187497127354,0.02626157447266077,0.10150717361205845
-3.3942220642549374,0.09927806561108932,0.02626157635085705,0.10150946163692134
-3.385659255165296,0.09928424588184277,0.026261578224320414,0.10151174389529269
-3.3771180261494216,0.09929041579618254,0.02626158009306296,0.10151402040189454
-3.368598323497452,0.09929657536666459,0.02626158195709634,0.1015162911710423
-3.360100092889183,0.09930272460539302,0.026261583816432506,0.10151855621721398
-3.351623279699244,0.09930886352527482,0.02626158567108338,0.10152081555496899
-3.34316783052294,0.09931499213822609,0.026261587521060722,0.10152306919854133
-3.3347336910400696,0.09932111045714614,0.02626158936637625,0.10152531716240908
-3.3263208078459376,0.09932721849394152,0.026261591207041805,0.10152755946080624
-3.3179291272306823,0.09933331626150338,0.026261593043069027,0.10152979610804821
-3.309558596094779,0.09933940377172806,0.02626159487446957,0.10153202711828767
-3.301209160728364,0.09934548103731744,0.026261596701255146,0.10153425250584
-3.292880768031914,0.09935154807033737,0.026261598523437464,0.10153647228485788
-3.2845733652110747,0.09935760488329928,0.026261600341027917,0.10153868646941268
-3.2762868991663217,0.0993636514886193,0.026261602154038288,0.1015408950736571
-3.2680213171033015,0.09936968789825561,0.02626160396248002,0.10154309811166248
-3.2597765665328287,0.09937571412479364,0.026261605766364583,0.10154529559741887
-3.2515525946605495,0.09938173018054178,0.026261607565703556,0.10154748754499761
-3.2433493496076182,0.09938773607734853,0.026261609360508267,0.10154967396822605
-3.2351667788848513,0.0993937318280538,0.026261611150790242,0.10155185488109421
-3.227004830003063,0.0993997174444931,0.026261612936560933,0.10155403029759211
-3.2188634519989177,0.09940569293894856,0.02626161471783148,0.10155620023130309
-3.2107425917728913,0.09941165832396893,0.02626161649461347,0.10155836469637983
-3.2026421983616475,0.09941761361127675,0.026261618266918106,0.10156052370640568
-3.194562220191511,0.09942355881340673,0.026261620034756655,0.10156267727512666
-3.1865026056888066,0.09942949394224813,0.026261621798140317,0.10156482541628875
-3.178463303279858,0.09943541901032134,0.02626162355708048,0.10156696814363798
-3.1704442623064986,0.09944133402950003,0.02626162531158817,0.10156910547067634
-3.162445430889884,0.09944723901228959,0.026261627061674703,0.10157123741123118
-3.154466759287356,0.09945313397036418,0.02626162880735103,0.10157336397856048
-3.14650819562007,0.0994590189160298,0.026261630548628494,0.10157548518649161
-3.138569689535028,0.0994648938616764,0.026261632285518026,0.10157760104844518
-3.130651190679235,0.09947075881904337,0.02626163401803071,0.1015797115778419
-3.1227526486996924,0.09947661380031958,0.026261635746177556,0.10158181678810241
-3.1148740129382344,0.09948245881759335,0.02626163746996958,0.1015839166927287
-3.1070152330418646,0.09948829388303573,0.026261639189417853,0.10158601130514143
-3.0991762598782637,0.09949411900853253,0.026261640904533128,0.10158810063843593
-3.0913570427892667,0.09949993420623597,0.026261642615326427,0.10159018470611417
-3.0835575320322146,0.09950573948819663,0.026261644321808695,0.10159226352143416
-3.075777678169621,0.0995115348664239,0.02626164602399068,0.10159433709757254
-3.068017431458827,0.09951732035348705,0.026261647721883344,0.1015964054477873
-3.060276742462346,0.09952309596226021,0.02626164941549744,0.10159846858525506
-3.052555562353029,0.09952886170532584,0.02626165110484365,0.10160052652298983
-3.044853841693388,0.09953461759534285,0.026261652789932748,0.10160257927416824
-3.0371715310459355,0.0995403636454175,0.02626165447077568,0.10160462685196693
-3.0295085818886927,0.09954609986780624,0.026261656147382937,0.10160666926931856
-3.0218649453945114,0.09955182627558357,0.026261657819765225,0.10160870653923708
-3.0142405727362425,0.09955754288115827,0.026261659487933228,0.10161073867473648
-3.0066354156970774,0.09956324969720078,0.02626166115189745,0.10161276568866805
-2.9990494257550373,0.09956894673627194,0.0262616628116686,0.10161478759396442
-2.9914825540829733,0.09957463401138113,0.02626166446725729,0.10161680440363957
-2.9839347530744162,0.0995803115346828,0.02626166611867397,0.10161881613038212
-2.976405974512557,0.09958597931896601,0.02626166776592913,0.10162082278704339
-2.968896170180586,0.09959163737690971,0.026261669409033354,0.10162282438647464
-2.9614052927772034,0.09959728572089518,0.026261671047997003,0.1016248209412832
-2.9539332943907697,0.09960292436356614,0.026261672682830525,0.10162681246423899
-2.946480127414816,0.09960855331726785,0.026261674313544356,0.10162879896803066
-2.939045744242871,0.09961417259479557,0.02626167594014887,0.10163078046534682
-2.931630097268466,0.09961978220864587,0.026261677562654514,0.10163275696887611
-2.92423314010581,0.09962538217101537,0.0262616791810714,0.10163472849098179
-2.916854825148433,0.099630972494551,0.026261680795409966,0.10163669504435249
-2.9094951054002043,0.09963655319178748,0.026261682405680536,0.10163865664151417
-2.902153934170164,0.0996421242749588,0.02626168401189322,0.10164061329491142
-2.894831264462181,0.09964768575674994,0.026261685614058398,0.1016425650170702
-2.8875270498904646,0.09965323764935646,0.026261687212186125,0.10164451182035378
-2.880241243764054,0.09965877996523682,0.026261688806286654,0.10164645371720678
-2.8729737996971583,0.09966431271673577,0.026261690396370167,0.10164839071999247
-2.8657246719143252,0.09966983591627271,0.02626169198244659,0.10165032284091145
-2.8584938131142557,0.09967534957634182,0.026261693564526373,0.101652250092571
-2.8512811784370067,0.09968085370913411,0.026261695142619244,0.10165417248692774
-2.844086721191617,0.09968634832691442,0.026261696716735457,0.10165609003642623
-2.836910396212975,0.09969183344202193,0.02626169828688488,0.10165800275310444
-2.8297521574204585,0.09969730906687012,0.026261699853077566,0.10165991064924428
-2.822611958733447,0.09970277521375737,0.026261701415323642,0.1016618137371277
-2.8154897555971674,0.09970823189486623,0.026261702973632776,0.10166371202862994
-2.8083855022361677,0.09971367912245296,0.026261704528015097,0.10166560553595161
-2.8012991534853358,0.09971911690865756,0.026261706078480402,0.10166749427113064
-2.7942306638743895,0.099724545265884,0.026261707625038624,0.10166937824628627
-2.7871799891537257,0.0997299642062293,0.0262617091676995,0.10167125747321244
-2.7801470835478925,0.09973537374205468,0.026261710706473033,0.10167313196410974
-2.7731319031124566,0.09974077388541361,0.02626171224136876,0.10167500173069073
-2.766134402377136,0.09974616464843256,0.026261713772396743,0.1016768667850747
-2.759154537397497,0.0997515460435024,0.026261715299566467,0.1016787271389742
-2.7521922633135967,0.09975691808251418,0.026261716822887866,0.10168058280434585
-2.745247536181002,0.09976228077762263,0.026261718342370417,0.10168243379290219
-2.738320311444939,0.09976763414105573,0.02626171985802399,0.10168428011651849
-2.7314105451609754,0.09977297818511478,0.026261721369858198,0.10168612178690732
-2.724518193384677,0.09977831292140696,0.02626172287788253,0.10168795881578126
-2.7176432118664398,0.09978363836237883,0.02626172438210678,0.10168979121493422
-2.710785556967001,0.09978895452016648,0.026261725882540374,0.10169161899599745
-2.7039451856574357,0.09979426140640181,0.026261727379192863,0.1016934421704395
-2.69712205368814,0.09979955903355775,0.026261728872073852,0.10169526075005429
-2.69031611772502,0.0998048474134105,0.026261730361192833,0.10169707474639171
-2.6835273341288124,0.09981012655819331,0.026261731846559357,0.10169888417108301
-2.6767556604809313,0.09981539647963344,0.026261733328182647,0.10170068903543408
-2.670001053142113,0.09982065718991572,0.026261734806072315,0.10170248935107616
-2.6632634690834327,0.09982590870110415,0.02626173628023778,0.1017042851294778
-2.6565428655811356,0.09983115102475486,0.026261737750688345,0.10170607638202625
-2.6498391996062978,0.0998363841732686,0.02626173921743343,0.10170786312019003
-2.6431524287403327,0.09984160815834452,0.02626174068048226,0.10170964535527509
-2.6364825102594867,0.09984682299214033,0.026261742139844325,0.10171142309866861
-2.629829401440004,0.09985202868630393,0.02626174359552885,0.10171319636175784
-2.6231930604736395,0.0998572252527479,0.026261745047545002,0.10171496515568598
-2.616573444941807,0.09986241270345629,0.026261746495902013,0.10171672949175893
-2.6099705124259227,0.09986759105048448,0.02626174794060931,0.10171848938128257
-2.6033842208125697,0.0998727603053759,0.026261749381675924,0.10172024483548146
-2.5968145285986726,0.09987792048013332,0.02626175081911109,0.10172199586541747
-2.5902613936708154,0.0998830715866361,0.026261752252923903,0.10172374248231517
-2.583724774525922,0.09988821363663943,0.026261753683123546,0.10172548469723641
-2.5772046290505775,0.09989334664196893,0.026261755109719107,0.10172722252140576
-2.570700916046875,0.09989847061452099,0.0262617565327197,0.10172895596580375
-2.5642135943169073,0.09990358556606713,0.026261757952134222,0.10173068504141093
-2.5577426220524293,0.0999086915083486,0.026261759367971985,0.10173240975937052
-2.551287958360704,0.09991378845378816,0.026261760780241762,0.1017341301305817
-2.5448495623489946,0.09991887641459861,0.0262617621889526,0.1017358461659437
-2.538427392819395,0.0999239554032543,0.026261763594113533,0.10173755787643701
-2.5320214085739976,0.09992902543229597,0.026261764995733475,0.10173926527304224
-2.525631569025236,0.09993408651374162,0.0262617663938214,0.1017409683665772
-2.5192578335855433,0.09993913866006728,0.026261767788386094,0.10174266716785979
-2.5129001616673516,0.09994418188342173,0.02626176917943647,0.10174436168770785
-2.5065585129882644,0.0999492161962159,0.02626177056698138,0.10174605193685791
-2.500232846655544,0.09995424161072947,0.02626177195102973,0.1017477379262092
-2.493923122386793,0.09995925813930778,0.026261773331590375,0.10174941966649823
-2.4876293005099535,0.09996426579396722,0.0262617747086719,0.10175109716829883
-2.481351341047798,0.0999692645869863,0.02626177608228316,0.10175277044226623
-2.475089203107589,0.09997425453070877,0.026261777452433004,0.10175443949929962
-2.468842847932778,0.09997923563714853,0.026261778819129958,0.10175610434972882
-2.462612234935798,0.09998420791858188,0.026261780182382878,0.10175776500437173
-2.4563973244445902,0.09998917138715226,0.02626178154220048,0.10175942147380217
-2.4501980773974363,0.099994126055068,0.026261782898591227,0.10176107376843134
-2.444014454122278,0.09999907193440394,0.026261784251563912,0.10176272189883309
-2.437846414947057,0.10000400903729953,0.026261785601127123,0.10176436587558126
-2.431693921115225,0.10000893737576015,0.026261786947289395,0.10176600570900571
-2.425556932954723,0.1000138569620543,0.026261788290059384,0.10176764140968028
-2.419435411709002,0.10001876780811746,0.026261789629445555,0.10176927298793481
-2.413329318316344,0.1000236699259491,0.02626179096545644,0.1017709004541805
-2.407238614020199,0.10002856332761269,0.026261792298100568,0.10177252381874717
-2.401163259453679,0.1000334480254353,0.02626179362738647,0.10177414309212734
-2.3951032167757442,0.10003832403101094,0.02626179495332249,0.10177575828440685
-2.3890584466195057,0.10004319135659524,0.02626179627591721,0.10177736940607819
-2.383028911143924,0.10004805001410878,0.026261797595178923,0.10177897646722722
-2.377014571592449,0.10005290001553588,0.026261798911116147,0.10178057947818375
-2.3710153898188717,0.10005774137272438,0.026261800223737097,0.101782178449115
-2.365031327371813,0.10006257409778571,0.026261801533050303,0.10178377339026941
-2.3590623464102323,0.10006739820249444,0.02626180283906404,0.10178536431173284
-2.3531084087879197,0.1000722136988887,0.026261804141786586,0.10178695122367246
-2.3471694763586664,0.10007702059886958,0.026261805441226284,0.10178853413625541
-2.34124551219694,0.10008181891399982,0.02626180673739128,0.10179011305932355
-2.3353364772410234,0.10008660865670817,0.026261808030290035,0.10179168800328803
-2.3294423351757234,0.10009138983828134,0.026261809319930572,0.101793258977828
-2.3235630475496616,0.1000961624710737,0.026261810606321302,0.10179482599319196
-2.3176985774373065,0.10010092656649681,0.026261811889470247,0.10179638905922173
-2.3118488876079577,0.10010568213642707,0.026261813169385542,0.10179794818584047
-2.306013939915405,0.10011042919300518,0.02626181444607554,0.10179950338321533
-2.3001936980444575,0.10011516774762827,0.026261815719548248,0.10180105466102547
-2.2943881247644136,0.10011989781236061,0.026261816989811764,0.10180260202919404
-2.288597183149743,0.10012461939872337,0.026261818256874167,0.10180414549756286
-2.2828208359697446,0.10012933251850158,0.026261819520743614,0.10180568507605507
-2.277059046909227,0.10013403718354266,0.026261820781427983,0.10180722077434984
-2.271311779042659,0.1001387334053512,0.026261822038935435,0.10180875260228894
-2.26557899544451,0.10014342119610138,0.026261823293274058,0.10181028056971425
-2.259860660409927,0.1001481005668135,0.026261824544451542,0.10181180468614219
-2.2541567367082096,0.1001527715297858,0.026261825792476174,0.10181332496149592
-2.2484671886345056,0.10015743409616108,0.026261827037355655,0.10181484140529193
-2.242791979568454,0.10016208827795546,0.02626182827909806,0.1018163540272907
-2.237131073500032,0.10016673408663739,0.026261829517711235,0.10181786283709
-2.2314844341140483,0.10017137153393979,0.026261830753203125,0.10181936784436901
-2.22585202631599,0.10017600063124978,0.02626183198558144,0.1018208690584815
-2.2202338131803265,0.10018062139042289,0.02626183321485426,0.1018223664892693
-2.214629759612544,0.10018523382296847,0.026261834441029166,0.1018238601460862
-2.2090398296026215,0.10018983794045669,0.026261835664114115,0.10182535003853001
-2.203463988056045,0.10019443375411015,0.026261836884116808,0.1018268361759545
-2.1979021986576237,0.10019902127602912,0.026261838101045144,0.10182831856803884
-2.1923544266180137,0.1002036005173532,0.026261839314906686,0.10182979722405548
-2.186820636232363,0.10020817148989591,0.026261840525709342,0.10183127215352089
-2.1813007924061587,0.10021273420491732,0.026261841733460745,0.10183274336578885
-2.1757948600448875,0.10021728867394247,0.026261842938168602,0.10183421087021316
-2.1703028043592067,0.10022183490835165,0.026261844139840482,0.10183567467606627
-2.164824589644264,0.10022637291999593,0.026261845338484163,0.10183713479286467
-2.1593601817210546,0.10023090271996565,0.026261846534107208,0.10183859122971811
-2.153909545800236,0.10023542431961578,0.026261847726717132,0.10184004399589908
-2.1484726464821255,0.10023993773077285,0.026261848916321773,0.10184149310084269
-2.143049449587719,0.10024444296470642,0.026261850102928575,0.10184293855365871
-2.137639920632843,0.10024894003253948,0.026261851286544985,0.10184438036353828
-2.132244025133324,0.10025342894607267,0.02626185246717871,0.1018458185396725
-2.126861728604988,0.10025790971634325,0.026261853644837192,0.10184725309125252
-2.121492997174001,0.10026238235502118,0.02626185481952789,0.10184868402730675
-2.11613779605102,0.10026684687393934,0.026261855991258368,0.10185011135710767
-2.1107960913622104,0.1002713032850226,0.026261857160036085,0.1018515350896837
-2.1054678492337384,0.10027575159983786,0.02626185832586836,0.1018529552340633
-2.100153035791769,0.10028019183042165,0.026261859488762695,0.10185437179927492
-2.0948516171624685,0.10028462398845225,0.026261860648726484,0.10185578479434698
-2.089563559166833,0.10028904808587076,0.026261861805767176,0.10185719422838929
-2.0842888285413674,0.1002934641342593,0.02626186295989203,0.10185860011026761
-2.079027391717408,0.10029787214525496,0.02626186411110842,0.10186000244892904
-2.0737792151262884,0.10030227213096575,0.026261865259423752,0.10186140125332067
-2.068544264894176,0.10030666410293206,0.026261866404845322,0.10186279653247098
-2.0633225086730844,0.10031104807274917,0.026261867547380278,0.1018641882950017
-2.0581139122840093,0.1003154240522755,0.026261868687036057,0.10186557655002262
-2.0529184427686262,0.1003197920530082,0.026261869823819863,0.10186696130631819
-2.0477360674737795,0.10032415208670763,0.026261870957738888,0.10186834257259147
-2.042566753135974,0.1003285041649807,0.02626187208880039,0.10186972035770826
-2.037410466796884,0.10033284829928013,0.026261873217011556,0.10187109467045298
-2.0322671754981854,0.10033718450174003,0.026261874342379588,0.10187246551961004
-2.0271368468918918,0.10034151278329581,0.026261875464911606,0.10187383291380125
-2.022019447714508,0.10034583315598214,0.026261876584614815,0.10187519686189232
-2.0169149459232183,0.10035014563126117,0.026261877701496347,0.10187655737242371
-2.0118233085596975,0.1003544502206491,0.026261878815563317,0.10187791445417985
-2.006744503581129,0.10035874693571659,0.026261879926822745,0.10187926811570114
-2.001678498944697,0.1003630357876688,0.026261881035281626,0.101880618365528
-1.9966252613869067,0.10036731678860435,0.026261882140947282,0.10188196521252621
-1.9915847594752811,0.10037158994962679,0.02626188324382659,0.10188330866507352
-1.9865569608618343,0.10037585528210294,0.02626188434392655,0.10188464873179168
-1.9815418338089197,0.10038011279787419,0.02626188544125423,0.10188598542113977
-1.9765393459685519,0.10038436250799439,0.02626188653581657,0.10188731874173956
-1.9715494659082535,0.10038860442420243,0.026261887627620512,0.10188864870196879
-1.966572161585209,0.10039283855765885,0.02626188871667312,0.10188997531036786
-1.9616074012617712,0.10039706491999939,0.026261889802981206,0.10189129857539587
-1.9566551535054637,0.10040128352249147,0.026261890886551776,0.10189261850543058
-1.9517153868838097,0.10040549437645568,0.026261891967391635,0.1018939351088497
-1.9467880693539927,0.10040969749347717,0.026261893045507797,0.10189524839419367
-1.9418731700938758,0.10041389288456022,0.026261894120906997,0.10189655836967758
-1.9369706576709818,0.1004180805613966,0.026261895193596188,0.10189786504367915
-1.9320805009580033,0.1004222605350965,0.02626189626358205,0.10189916842449477
-1.9272026685224641,0.10042643281682241,0.026261897330871576,0.10190046852050223
-1.9223371295422265,0.10043059741821397,0.026261898395471463,0.10190176533991657
-1.9174838531951526,0.10043475435011502,0.0262618994573884,0.10190305889095289
-1.912642808353936,0.10043890362405863,0.02626190051662931,0.10190434918190755
-1.907813963891269,0.1004430452514185,0.026261901573200887,0.101905636221077
-1.9029972895953537,0.10044717924319578,0.026261902627109826,0.10190692001651361
-1.898192754644053,0.10045130561065638,0.026261903678362793,0.10190820057643246
-1.8934003282152285,0.10045542436490568,0.026261904726966608,0.10190947790904864
-1.888619980097083,0.10045953551731439,0.026261905772927828,0.10191075202241452
-1.8838516794674787,0.10046363907887913,0.026261906816253212,0.10191202292474517
-1.8790953964197872,0.10046773506107523,0.0262619078569493,0.10191329062401168
-1.8743511004370406,0.10047182347457638,0.02626190889502279,0.10191455512834774
-1.8696187610022714,0.10047590433096211,0.026261909930480352,0.10191581644588711
-1.8648983485140205,0.10047997764100924,0.026261910963328437,0.10191707458451951
-1.86018983276049,0.10048404341618776,0.02626191199357359,0.10191832955229733
-1.8554931835298818,0.10048810166716346,0.026261913021222556,0.10191958135727297
-1.8508083715259067,0.10049215240508133,0.026261914046281715,0.10192083000725481
-1.8461353659264275,0.10049619564135262,0.02626191506875774,0.10192207551045791
-1.8414741377403245,0.10050023138679685,0.026261916088656998,0.10192331787460934
-1.8368246567557998,0.1005042596524993,0.02626191710598612,0.1019245571077615
-1.8321868939817338,0.1005082804493816,0.026261918120751397,0.10192579321764139
-1.827560819816668,0.10051229378841633,0.026261919132959395,0.10192702621213878
-1.8229464040488041,0.10051629968084223,0.026261920142616666,0.10192825609930604
-1.8183436179921926,0.10052029813751905,0.02626192114972952,0.1019294828867889
-1.8137524323505443,0.1005242891691416,0.02626192215430425,0.10193070658239571
-1.8091728175224004,0.10052827278710177,0.02626192315634749,0.10193192719401623
-1.8046047445166415,0.10053224900219591,0.02626192415586547,0.10193314472937749
-1.8000481843421483,0.10053621782527072,0.02626192515286462,0.10193435919620653
-1.7955031077026318,0.10054017926722322,0.026261926147351247,0.10193557060231173
-1.790969485912142,0.10054413333900089,0.026261927139331714,0.10193677895533883
-1.7864472899795598,0.10054808005160172,0.026261928128812333,0.10193798426301484
-1.781936491524105,0.10055201941564129,0.026261929115799332,0.10193918653290415
-1.7774370612494885,0.10055595144221798,0.026261930100299015,0.10194038577281515
-1.772948970164591,0.10055987614226417,0.026261931082317884,0.10194158199047487
-1.768472191109311,0.10056379352611172,0.02626193206186179,0.10194277519312235
-1.7640066941770205,0.10056770360522652,0.02626193303893723,0.10194396538872863
-1.7595524512921088,0.10057160639005427,0.026261934013550443,0.10194515258477677
-1.7551094346841354,0.100575501891527,0.02626193498570747,0.10194633678866843
-1.7506776156671502,0.1005793901210147,0.026261935955414567,0.10194751800804935
-1.746256965555204,0.10058327108993943,0.026261936922678017,0.10194869625056524
-1.7418474568830253,0.10058714480889994,0.026261937887503882,0.10194987152353643
-1.7374490615750042,0.10059101128941193,0.026261938849898213,0.101951043834446
-1.7330617509451907,0.10059487054260266,0.0262619398098673,0.10195221319093961
-1.728685497528314,0.10059872257964621,0.02626194076741726,0.10195337960033765
-1.724320273553933,0.10060256741132687,0.02626194172255402,0.10195454307004181
-1.7199660509464376,0.10060640504891148,0.02626194267528381,0.10195570360753514
-1.715622802240557,0.10061023550349531,0.026261943625612624,0.10195686122013797
-1.7112904996658505,0.10061405878622007,0.0262619445735465,0.10195801591525203
-1.7069691157570466,0.10061787490783623,0.0262619455190915,0.10195916770019764
-1.7026586224385354,0.10062168387979699,0.026261946462253792,0.10196031658245787
-1.6983589928553853,0.10062548571272592,0.026261947403039106,0.10196146256919039
-1.6940701995423249,0.10062928041773052,0.026261948341453612,0.10196260566771556
-1.6897922153392533,0.10063306800574506,0.02626194927750318,0.1019637458852724
-1.6855250124757293,0.10063684848796928,0.02626195021119385,0.10196488322926263
-1.6812685640968217,0.10064062187499001,0.026261951142531544,0.10196601770684391
-1.6770228430424292,0.10064438817809883,0.026261952071522248,0.10196714932525527
-1.6727878221524501,0.10064814740797375,0.026261952998171818,0.10196827809173574
-1.6685634748771228,0.10065189957555783,0.026261953922486113,0.10196940401336164
-1.6643497743615154,0.10065564469161974,0.026261954844470928,0.1019705270972907
-1.6601466928351873,0.10065938276741407,0.026261955764132434,0.10197164735092458
-1.6559542043587159,0.10066311381357997,0.026261956681476302,0.10197276478117696
-1.6517722823823393,0.10066683784080134,0.026261957596508324,0.10197387939512421
-1.6476008994407865,0.10067055486024878,0.02626195850923442,0.10197499120008667
-1.6434400298998042,0.10067426488225477,0.02626195941966033,0.10197610020289669
-1.6392896465992914,0.10067796791808029,0.026261960327791958,0.10197720641079326
-1.635149723294656,0.10068166397836856,0.02626196123363498,0.10197830983077143
-1.6310202337413053,0.10068535307380737,0.026261962137195193,0.1019794104698262
-1.6269011516946472,0.10068903521512924,0.026261963038478317,0.10198050833495256
-1.6227924506049196,0.10069271041333298,0.026261963937490158,0.10198160343322688
-1.6186941045327001,0.10069637867879727,0.026261964834236436,0.10198269577156283
-1.6146060875385662,0.10070004002238842,0.026261965728722823,0.10198378535687408
-1.610528373377925,0.10070369445479559,0.026261966620954987,0.10198487219615562
-1.6064609361113544,0.10070734198697467,0.026261967510938646,0.10198595629632116
-1.6024037497994317,0.10071098262903679,0.026261968398679482,0.10198703766428435
-1.5983567885027343,0.10071461639202638,0.026261969284183152,0.10198811630695889
-1.5943200268921787,0.1007182432865876,0.026261970167455205,0.10198919223109575
-1.5902934387231729,0.10072186332318585,0.026261971048501424,0.10199026544368994
-1.5862769986666334,0.10072547651255324,0.026261971927327286,0.10199133595149247
-1.5822706810883076,0.10072908286524301,0.0262619728039384,0.10199240376133567
-1.578274460659112,0.10073268239162896,0.02626197367834036,0.10199346887997054
-1.5742883114396238,0.10073627510279837,0.02626197455053884,0.10199453131431077
-1.5703122084059298,0.1007398610087658,0.026261975420539256,0.10199559107102601
-1.5663461262289464,0.10074344012048292,0.026261976288347134,0.10199664815686724
-1.5623900398847603,0.10074701244805068,0.026261977153968025,0.10199770257850414
-1.5584439237391183,0.1007505780022844,0.02626197801740752,0.10199875434276905
-1.5545077527681073,0.10075413679381948,0.02626197887867111,0.10199980345633163
-1.5505815016426434,0.10075768883288641,0.02626197973776425,0.10200084992594285
-1.5466651462543226,0.10076123412998285,0.026261980594692244,0.1020018937580284
-1.5427586609688915,0.10076477269542511,0.026261981449460816,0.10200293495942059
-1.5388620207624368,0.1007683045400216,0.02626198230207531,0.1020039735367891
-1.534975201526554,0.10077182967395033,0.02626198315254101,0.10200500949655955
-1.5310981779321597,0.10077534810765645,0.026261984000863464,0.10200604284548298
-1.5272309249553404,0.1007788598518533,0.026261984847048205,0.10200707359022901
-1.5233734187928611,0.10078236491639676,0.026261985691100453,0.10200810173714198
-1.519525634725978,0.1007858633118603,0.026261986533025493,0.1020091272928102
-1.5156875480359473,0.10078935504886051,0.026261987372828807,0.102010150263822
-1.5118591343091945,0.10079284013738019,0.026261988210515796,0.10201117065668436
-1.5080403691321456,0.10079631858789528,0.02626198904609169,0.10201218847790428
-1.504231228091226,0.1007997904109246,0.026261989879561895,0.10201320373398873
-1.5004316870780319,0.10080325561657759,0.0262619907109317,0.10201421643136338
-1.4966417222893276,0.1008067142150054,0.026261991540206194,0.10201522657637252
-1.4928613090063698,0.1008101662166274,0.026261992367390984,0.10201623417560449
-1.4890904231207536,0.10081361163190544,0.026261993192491166,0.10201723923548492
-1.485329041134414,0.10081705047089055,0.026261994015511946,0.1020182417622768
-1.4815771386337768,0.10082048274390201,0.026261994836458698,0.10201924176248713
-1.477834691815607,0.10082390846107421,0.026261995655336552,0.10202023924246019
-1.4741016771818394,0.10082732763258312,0.026261996472150745,0.10202123420845897
-1.4703780706240694,0.10083074026864632,0.026261997286906435,0.10202222666690913
-1.4666638483390622,0.10083414637975044,0.02626199809960896,0.10202321662415496
-1.462958987439092,0.10083754597551442,0.026261998910263235,0.10202420408629678
-1.4592634632054151,0.10084093906673547,0.026261999718874725,0.1020251890599229
-1.4555772527503053,0.1008443256631149,0.026262000525448338,0.10202617155113364
-1.4519003325756976,0.10084770577490544,0.026262001329989355,0.10202715156619194
-1.4482326791835267,0.10085107941239418,0.02626200213250281,0.1020281291113608
-1.4445742690757275,0.10085444658641915,0.026262002932993855,0.1020291041929032
-1.4409250793645743,0.10085780730717342,0.02626200373146759,0.10203007681691942
-1.4372850865520015,0.10086116158488839,0.02626200452792904,0.10203104698967244
-1.4336542671399441,0.10086450943029117,0.026262005322383368,0.10203201471742525
-1.4300325985458462,0.10086785085346214,0.0262620061148356,0.10203298000619679
-1.426420057576812,0.10087118586497745,0.0262620069052907,0.10203394286216873
-1.422816621039946,0.10087451447499442,0.02626200769375383,0.10203490329152266
-1.4192222663526923,0.1008778366939376,0.026262008480229828,0.10203586130027759
-1.4156369700169853,0.10088115253227029,0.026262009264723978,0.10203681689469646
-1.4120607097554387,0.10088446200003574,0.026262010047241047,0.1020377700807169
-1.408493462680327,0.10088776510754442,0.026262010827786016,0.10203872086443923
-1.4049352059039237,0.10089106186514521,0.026262011606363968,0.10203966925196374
-1.401385916843673,0.10089435228322535,0.026262012382979875,0.10204061524930938
-1.3978455726118493,0.10089763637198067,0.02626201315763864,0.10204155886257647
-1.3943141512362354,0.10090091414141474,0.026262013930345097,0.1020425000976213
-1.3907916301342753,0.10090418560179894,0.026262014701104276,0.1020434389604628
-1.3872779864182432,0.100907450763673,0.02626201546992108,0.1020443754572013
-1.3837731981159223,0.10091070963669341,0.026262016236800294,0.10204530959369308
-1.380277242949926,0.10091396223147571,0.026262017001746938,0.10204624137587576
-1.3767900983376982,0.10091720855775113,0.02626201776476585,0.10204717080976831
-1.373311742307022,0.10092044862621125,0.026262018525861817,0.10204809790122701
-1.3698421525805111,0.1009236824464312,0.026262019285039722,0.10204902265618951
-1.3663813071859487,0.100926910028716,0.026262020042304487,0.10204994508051206
-1.3629291838459483,0.10093013138340848,0.026262020797660813,0.10205086518013232
-1.3594857608934625,0.10093334652019514,0.02626202155111354,0.1020517829608252
-1.3560510160511052,0.10093655544949359,0.02626202230266758,0.10205269842852836
-1.3526249279569988,0.10093975818106427,0.026262023052327506,0.10205361158893542
-1.3492074743337568,0.10094295472516794,0.02626202380009822,0.10205452244798396
-1.345798633514332,0.10094614509163892,0.026262024545984503,0.10205543101144897
-1.3423983844420166,0.10094932929034808,0.026262025289990942,0.10205633728494272
-1.3390067042290852,0.10095250733189982,0.0262620260321225,0.1020572412745655
-1.335623572123999,0.10095567922554237,0.026262026772383817,0.10205814298584825
-1.3322489664597117,0.10095884498172177,0.02626202751077949,0.10205904242456593
-1.3288828655691753,0.10096200461022392,0.02626202824731442,0.10205993959649348
-1.325525248090513,0.1009651581211038,0.02626202898199318,0.10206083450732453
-1.322176092661847,0.10096830552422029,0.026262029714820428,0.10206172716275266
-1.31883537822647,0.10097144682923566,0.026262030445800874,0.10206261756839019
-1.3155030831173342,0.10097458204631451,0.0262620311749391,0.10206350573001204
-1.3121791859725627,0.10097771118542502,0.02626203190223995,0.10206439165331183
-1.3088636663457869,0.10098083425610496,0.026262032627707814,0.10206527534373916
-1.3055565025699594,0.10098395126839489,0.026262033351347403,0.10206615680706899
-1.3022576738935425,0.10098706223213821,0.026262034073163302,0.10206703604883224
-1.298967158649489,0.1009901671572144,0.02626203479316022,0.10206791307480387
-1.2956849366966,0.10099326605330519,0.026262035511342624,0.10206878789035215
-1.2924109866729983,0.10099635893036212,0.02626203622771515,0.1020696605011707
-1.289145288132315,0.10099944579790429,0.0262620369422822,0.1020705309127091
-1.2858878197126733,0.10100252666595504,0.026262037655048604,0.10207139913066099
-1.2826385606625348,0.10100560154433948,0.026262038366018762,0.10207226516055727
-1.2793974911458703,0.10100867044244913,0.026262039075197065,0.10207312900768489
-1.2761645898008025,0.10101173337018006,0.026262039782588162,0.10207399067773748
-1.272939836180963,0.10101479033722928,0.02626204048819658,0.10207485017616462
-1.2697232095348137,0.1010178413535644,0.02626204119202683,0.10207570750849725
-1.2665146900263253,0.10102088642848324,0.026262041894083245,0.1020765626800223
-1.2633142565987905,0.10102392557178906,0.026262042594370472,0.10207741569635204
-1.2601218891110104,0.10102695879308492,0.02626204329289284,0.10207826656285474
-1.256937567421786,0.10102998610224487,0.02626204398965482,0.10207911528489866
-1.2537612707795796,0.10103300750870688,0.02626204468466091,0.10207996186801474
-1.2505929793483617,0.10103602302194366,0.026262045377915513,0.10208080631748992
-1.2474326729869338,0.1010390326519347,0.02626204606942296,0.10208164863869244
-1.2442803312489275,0.10104203640798666,0.02626204675918771,0.10208248883707192
-1.241135933993144,0.10104503429991314,0.02626204744721429,0.10208332691799663
-1.2379994616887242,0.10104802633709017,0.026262048133506882,0.10208416288667213
-1.234870894194469,0.10105101252916464,0.026262048818069896,0.1020849967484667
-1.2317502113691796,0.10105399288534478,0.02626204950090778,0.10208582850874862
-1.228637393681997,0.10105696741558351,0.026262050182024745,0.10208665817272344
-1.2255324206865525,0.10105993612939504,0.026262050861425308,0.10208748574584081
-1.2224352734623263,0.10106289903585385,0.026262051539113544,0.1020883112331436
-1.2193459315629498,0.10106585614501697,0.026262052215094034,0.10208913464008144
-1.2162643757627334,0.10106880746579,0.026262052889370988,0.10208995597177857
-1.2131905865308177,0.10107175300782412,0.026262053561948537,0.1020907752334406
-1.2101245437260038,0.10107469278080519,0.026262054232831202,0.10209159243043575
-1.2070662281226021,0.10107762679397805,0.02626205490202313,0.10209240756788832
-1.2040156201897534,0.10108055505662122,0.026262055569528642,0.10209322065100386
-1.2009727007017676,0.10108347757852308,0.02626205623535194,0.10209403168490665
-1.1979374501277857,0.10108639436855696,0.0262620568994973,0.10209484067480226
-1.194909849242118,0.10108930543669546,0.026262057561968855,0.10209564762581495
-1.1918898788190746,0.101092210792134,0.026262058222770866,0.10209645254306898
-1.188877519327796,0.10109511044482397,0.02626205888190767,0.10209725543176994
-1.1858727518477625,0.10109800440427215,0.026262059539383275,0.10209805629696073
-1.1828755568481146,0.10110089268025574,0.026262060195202074,0.10209885514384694
-1.1798859160186717,0.10110377528186722,0.026262060849367955,0.10209965197730882
-1.176903809828574,0.10110665221894734,0.026262061501885304,0.10210044680255195
-1.1739292190521324,0.10110952350112977,0.026262062152758267,0.1021012396247006
-1.170962125073996,0.10111238913784067,0.026262062801990983,0.10210203044871632
-1.168002509278815,0.10111524913853767,0.026262063449587397,0.10210281927956072
-1.16505035183056,0.10111810351294938,0.02626206409555196,0.10210360612252069
-1.1621056353345594,0.10112095227011703,0.026262064739888437,0.10210439098223248
-1.1591683396496144,0.10112379542007206,0.026262065382601226,0.10210517386406436
-1.1562384473810536,0.10112663297167801,0.02626206602369413,0.10210595477265254
-1.153315938387678,0.10112946493502964,0.026262066663171556,0.10210673371336529
-1.1504007952748163,0.10113229131905255,0.02626206730103739,0.10210751069083884
-1.1474929994271177,0.10113511213318341,0.026262067937295564,0.10210828571003479
-1.1445925316188927,0.1011379273871306,0.02626206857195043,0.10210905877607734
-1.141699373539961,0.10114073709015281,0.026262069205005855,0.10210982989384677
-1.1388135074904806,0.10114354125129857,0.026262069836465854,0.10211059906806064
-1.1359349142447623,0.10114633988061061,0.02626207046633451,0.1021113663038432
-1.133063575797795,0.10114913298671731,0.02626207109461576,0.10211213160599333
-1.1301994741445676,0.10115192057924122,0.02626207172131369,0.10211289497930998
-1.1273425906697299,0.10115470266759502,0.026262072346432234,0.10211365642875468
-1.124492907063101,0.10115747926098063,0.026262072969975417,0.10211441595920769
-1.12165040531967,0.10116025036887222,0.026262073591947238,0.10211517357546791
-1.1188150677395958,0.1011630160000494,0.026262074212351463,0.10211592928225291
-1.115986875707528,0.10116577616428894,0.0262620748311923,0.10211668308452426
-1.113165811523625,0.10116853087067307,0.026262075448473553,0.10211743498699954
-1.1103518571828759,0.10117128012831399,0.026262076064199114,0.10211818499447764
-1.1075449949854397,0.10117402394635401,0.026262076678372933,0.10211893311167614
-1.1047452066211354,0.10117676233420798,0.02626207729099902,0.10211967934347525
-1.1019524743901217,0.10117949530107885,0.026262077902081193,0.10212042369459255
-1.099166780287388,0.10118222285619971,0.0262620785116234,0.10212116616982696
-1.0963881072234316,0.10118494500834813,0.0262620791196294,0.10212190677373334
-1.0936164371932422,0.10118766176705987,0.026262079726103144,0.10212264551111062
-1.0908517524969783,0.1011903731411722,0.02626208033104845,0.10212338238667636
-1.0880940354347983,0.10119307914003797,0.02626208093446926,0.10212411740514811
-1.085343268612031,0.10119577977255378,0.026262081536369275,0.1021248505711621
-1.0825994343288348,0.10119847504813254,0.026262082136752494,0.10212558188943592
-1.079862515190538,0.10120116497548659,0.02626208273562269,0.10212631136460577
-1.0771324938024693,0.10120384956408848,0.02626208333298361,0.10212703900130789
-1.074409352769957,0.1012065288224657,0.02626208392883908,0.10212776480417851
-1.071693074698329,0.10120920276015023,0.02626208452319298,0.10212848877785385
-1.0689836424980839,0.10121187138597211,0.026262085116048942,0.10212921092688881
-1.0662810387745496,0.10121453470879034,0.02626208570741078,0.10212993125591961
-1.0635852461330548,0.10121719273773742,0.02626208629728239,0.10213064976958247
-1.0608962477892672,0.10121984548173085,0.026262086885667387,0.10213136647235097
-1.058214026348515,0.10122249294996202,0.026262087472569605,0.10213208136886132
-1.055538565026466,0.10122513515116217,0.026262088057992666,0.10213279446358708
-1.0528698461232788,0.10122777209433628,0.02626208864194045,0.1021335057612458
-1.0502078534649608,0.10123040378827336,0.0262620892244166,0.10213421526614838
-1.04755256965684,0.10123303024228157,0.02626208980542473,0.10213492298293103
-1.0449039776094144,0.10123565146496277,0.026262090384968736,0.10213562891614865
-1.0422620608435218,0.1012382674651926,0.026262090963052178,0.10213633307019346
-1.03962680226966,0.1012408782518755,0.02626209153967881,0.10213703544962033
-1.0369981854086663,0.10124348383394464,0.026262092114852142,0.10213773605882151
-1.0343761934762086,0.1012460842201163,0.02626209268857599,0.10213843490227052
-1.0317608093827848,0.10124867941938101,0.026262093260853984,0.10213913198452226
-1.029152016954402,0.10125126944051215,0.026262093831689756,0.10213982730988763
-1.026549799406728,0.10125385429231153,0.026262094401086865,0.10214052088284016
-1.0239541399554306,0.1012564339836093,0.026262094969049073,0.10214121270785341
-1.0213650221213468,0.10125900852326415,0.026262095535579948,0.10214190278931959
-1.0187824297304842,0.10126157791967011,0.026262096100683047,0.1021425911315496
-1.0162063459985102,0.10126414218198886,0.026262096664362074,0.10214327773901696
-1.013636754751432,0.1012667013189174,0.02626209722662046,0.10214396261603258
-1.0110736395100868,0.10126925533893372,0.026262097787461903,0.10214464576698865
-1.0085169837953123,0.10127180425103781,0.026262098346889962,0.1021453271962774
-1.0059667720434546,0.10127434806351646,0.02626209890490808,0.10214600690804704
-1.0034229871650122,0.10127688678567305,0.02626209946151995,0.10214668490685246
-1.0008856132911612,0.10127942042585021,0.026262100016729076,0.10214736119692318
-0.9983546342479094,0.10128194899266531,0.026262100570539022,0.10214803578257009
-0.9958300338612632,0.1012844724947634,0.026262101122953286,0.10214870866810408
-0.9933117962623998,0.10128699094106518,0.02626210167397537,0.10214937985775469
-0.9907999052773262,0.10128950433977565,0.026262102223608724,0.10215004935583277
-0.9882943447320495,0.1012920126998709,0.026262102771857032,0.10215071716664924
-0.9857950993680855,0.10129451602961055,0.026262103318723477,0.10215138329427094
-0.9833021520959326,0.10129701433804188,0.026262103864211947,0.10215204774325276
-0.9808154879622765,0.10129950763362693,0.026262104408325625,0.10215271051758025
-0.9783350907931241,0.10130199592516886,0.02626210495106807,0.10215337162156427
-0.9758609450248221,0.10130447922124867,0.026262105492442667,0.10215403105935303
-0.9733930344833773,0.10130695753097083,0.026262106032452978,0.10215468883525741
-0.9709313442154758,0.10130943086271922,0.02626210657110225,0.10215534495326294
-0.9684758577419547,0.10131189922540124,0.026262107108394172,0.10215599941776182
-0.9660265594991605,0.10131436262795054,0.026262107644332,0.10215665223290228
-0.9635834345337791,0.10131682107857858,0.026262108178919167,0.10215730340266983
-0.9611464666718176,0.10131927458627028,0.026262108712159046,0.10215795293137535
-0.958715640654792,0.10132172315953744,0.02626210924405514,0.10215860082308573
-0.9562909409190486,0.10132416680716698,0.026262109774610767,0.10215924708194914
-0.9538723519009342,0.10132660553797163,0.026262110303829356,0.1021598917121138
-0.9514598586471342,0.10132903936003963,0.026262110831714102,0.10216053471756524
-0.9490534455939953,0.1013314682824846,0.026262111358268562,0.10216117610245166
-0.9466530968726942,0.10133389231369536,0.026262111883496045,0.10216181587100262
-0.9442587978350863,0.10133631146233625,0.026262112407399868,0.10216245402712229
-0.9418705332226877,0.10133872573684631,0.02626211292998327,0.10216309057487753
-0.9394882877770144,0.10134113514568971,0.02626211345124977,0.10216372551833523
-0.9371120456292434,0.10134353969785713,0.0262621139712026,0.10216435886172492
-0.9347417927415695,0.10134593940136159,0.02626211448984502,0.10216499060878811
-0.9323775132451693,0.10134833426499323,0.02626211500718045,0.10216562076375436
-0.9300191924918983,0.10135072429731665,0.026262115523212032,0.10216624933052786
-0.9276668155284423,0.10135310950641882,0.026262116037943123,0.10216687631309411
-0.9253203667911478,0.10135548990141674,0.026262116551377047,0.10216750171560135
-0.9229798319370399,0.1013578654901955,0.02626211706351704,0.1021681255418724
-0.9206451957076347,0.10136023628167076,0.02626211757436635,0.10216874779597417
-0.9183164434547876,0.10136260228377651,0.02626211808392824,0.10216936848181082
-0.9159935602251845,0.10136496350522639,0.026262118592205945,0.10216998760336787
-0.913676531065511,0.10136731995450705,0.026262119099202716,0.10217060516463089
-0.9113653416327926,0.10136967163987781,0.026262119604921797,0.1021712211694227
-0.9090599769737148,0.10137201856962216,0.026262120109366308,0.10217183562172885
-0.906760422440133,0.10137436075230045,0.026262120612539627,0.10217244852545351
-0.9044666633839029,0.10137669819624519,0.026262121114444807,0.1021730598845009
-0.9021786851568798,0.10137903090956053,0.026262121615085107,0.10217366970277518
-0.8998964734160889,0.10138135890088024,0.02626212211446369,0.10217427798409923
-0.897620013208216,0.10138368217835696,0.026262122612583823,0.10217488473245856
-0.895349290495456,0.10138600075042037,0.026262123109448483,0.1021754899515947
-0.8930842906296642,0.10138831462501811,0.02626212360506106,0.10217609364541186
-0.8908249986575264,0.10139062381088144,0.026262124099424664,0.10217669581789553
-0.888571401151577,0.10139292831600602,0.02626212459254229,0.10217729647262457
-0.8863234828533317,0.10139522814891833,0.02626212508441725,0.10217789561366586
-0.884081230335325,0.10139752331740813,0.026262125575052538,0.10217849324459821
-0.8818446289494124,0.10139981382979597,0.02626212606445134,0.10217908936932585
-0.8796136640474491,0.1014020996946804,0.026262126552616828,0.10217968399175295
-0.8773883218967998,0.10140438091992228,0.026262127039552073,0.1021802771155397
-0.8751685881544896,0.10140665751365982,0.02626212752526012,0.10218086874450893
-0.8729544487827133,0.10140892948430918,0.026262128009744094,0.10218145888240221
-0.8707458894384961,0.10141119683980175,0.02626212849300712,0.10218204753304233
-0.8685428963892023,0.10141345958860129,0.026262128975052184,0.10218263470008952
-0.8663454552918574,0.10141571773843153,0.026262129455882473,0.10218322038736662
-0.8641535527189952,0.10141797129754868,0.02626212993550091,0.10218380459845246
-0.8619671740224714,0.10142022027423267,0.026262130413910685,0.10218438733725123
-0.8597863054696503,0.10142246467653208,0.02626213089111479,0.10218496860742313
-0.8576109336330663,0.10142470451226342,0.026262131367116224,0.102185548412547
-0.8554410438645748,0.10142693978977688,0.026262131841918158,0.10218612675652701
-0.8532766230418796,0.10142917051693551,0.026262132315523403,0.1021867036428607
-0.8511176571271755,0.10143139670213626,0.026262132787935072,0.10218727907528954
-0.8489641320826573,0.10143361835303284,0.026262133259156294,0.1021878530575551
-0.8468160350911986,0.10143583547755715,0.0262621337291898,0.10218842559307352
-0.8446733511994853,0.10143804808417596,0.0262621341980389,0.10218899668583031
-0.8425360678955605,0.10144025618061173,0.026262134665706278,0.10218956633916035
-0.8404041708364491,0.10144245977486543,0.026262135132195174,0.10219013455688646
-0.8382776468998554,0.10144465887470469,0.02626213559750839,0.10219070134250616
-0.8361564820479739,0.10144685348843259,0.026262136061648917,0.10219126669976095
-0.8340406634636783,0.10144904362386252,0.026262136524619752,0.102191830632067
-0.8319301771091633,0.1014512292888303,0.02626213698642383,0.10219239314316585
-0.8298250095569631,0.10145341049145119,0.026262137447064064,0.10219295423663631
-0.8277251476847817,0.10145558723934953,0.02626213790654346,0.10219351391597592
-0.825630578065153,0.10145775954068595,0.026262138364864816,0.10219407218476351
-0.8235412872706115,0.10145992740312966,0.026262138822031187,0.1021946290465779
-0.8214572621788607,0.10146209083462937,0.026262139278045306,0.10219518450491663
-0.8193784893624351,0.10146424984289895,0.026262139732910243,0.10219573856335852
-0.8173049553938687,0.10146640443618954,0.026262140186628924,0.10219629122548242
-0.8152366474560351,0.10146855462200233,0.02626214063920407,0.1021968424947045
-0.8131735521214684,0.10147070040837583,0.02626214109063863,0.1021973923746036
-0.8111156565730422,0.1014728418025974,0.026262141540935532,0.10219794086859588
-0.8090629467729513,0.10147497881326599,0.026262141990097694,0.10219848798042286
-0.8070154108195782,0.10147711144745511,0.02626214243812779,0.10219903371325673
-0.8049730352854572,0.10147923971331843,0.026262142885028764,0.10219957807067627
-0.8029358067431224,0.10148136361862978,0.02626214333080353,0.10220012105626038
-0.8009037129857867,0.10148348317121503,0.02626214377545477,0.10220066267326251
-0.7988767399756449,0.10148559837943795,0.026262144218985546,0.10220120292542421
-0.7968548761162493,0.10148770925064898,0.02626214466139839,0.10220174181583629
-0.7948381076749643,0.10148981579273612,0.026262145102696366,0.10220227934815893
-0.7928264218346636,0.10149191801412617,0.026262145542882216,0.10220281552580827
-0.7908198060833902,0.1014940159219719,0.02626214598195867,0.10220335035211918
-0.7888182476040178,0.10149610952474189,0.026262146419928602,0.10220388383050781
-0.7868217335794198,0.10149819882962945,0.026262146856794684,0.10220441596439034
-0.7848302511924697,0.10150028384488531,0.026262147292559906,0.1022049467571829
-0.782843787931211,0.10150236457826238,0.02626214772722688,0.10220547621222037
-0.7808623306733472,0.10150444103753384,0.02626214816079847,0.10220600433300024
-0.7788858678224307,0.10150651323023346,0.026262148593277294,0.10220653112261331
-0.7769143856458262,0.10150858116443497,0.02626214902466627,0.10220705658471978
-0.7749478725470855,0.10151064484745255,0.02626214945496795,0.10220758072241046
-0.7729863154039128,0.10151270428766099,0.026262149884185265,0.10220810353918286
-0.7710297020095209,0.10151475949215458,0.02626215031232089,0.10220862503829045
-0.7690780195467833,0.10151681046908867,0.02626215073937756,0.10220914522314944
-0.767131255808913,0.1015188572258578,0.026262151165357954,0.10220966409701329
-0.7651893985891226,0.10152089977039748,0.0262621515902648,0.10221018166313552
-0.7632524353754556,0.10152293811014211,0.02626215201410072,0.10221069792485094
-0.7613203536559551,0.10152497225280663,0.026262152436868642,0.10221121288549437
-0.7593931415290036,0.10152700220612607,0.02626215285857098,0.10221172654823799
-0.7574707861774748,0.10152902797759437,0.026262153279210665,0.10221223891649796
-0.7555532760049207,0.10153104957498651,0.026262153698790182,0.1022127499933651
-0.7536405984993848,0.10153306700557463,0.0262621541173122,0.10221325978217424
-0.7517327411489101,0.10153508027743484,0.026262154534779595,0.1022137682862602
-0.7498296920518792,0.10153708939787882,0.02626215495119491,0.10221427550879517
-0.7479314393066747,0.10153909437449934,0.026262155366560746,0.10221478145295126
-0.7460379707065095,0.10154109521490882,0.026262155780879787,0.102215286121982
-0.7441492737394267,0.10154309192673944,0.026262156194154715,0.1022157895192222
-0.7422653371141484,0.10154508451711883,0.02626215660638806,0.10221629164768134
-0.7403861483187177,0.1015470729939803,0.026262157017582565,0.10221679251069427
-0.7385116957566868,0.10154905736449024,0.02626215742774066,0.10221729211135178
-0.7366419675264384,0.10155103763635889,0.026262157836865137,0.10221779045282604
-0.7347769511160157,0.1015530138170537,0.026262158244958547,0.1022182875384519
-0.7329166349289707,0.10155498591406151,0.026262158652023564,0.10221878337132015
-0.7310610076740256,0.10155695393462554,0.026262159058062604,0.10221927795444029
-0.7292100568392235,0.10155891788653407,0.02626215946307835,0.10221977129114715
-0.7273637708281167,0.1015608777770689,0.02626215986707347,0.10222026338453152
-0.7255221380442572,0.10156283361326758,0.026262160270050378,0.10222075423768426
-0.7236851465860279,0.10156478540323956,0.02626216067201176,0.10222124385377751
-0.7218527848569809,0.10156673315379733,0.026262161072960033,0.10222173223590207
-0.7200250409554988,0.10156867687256214,0.026262161472897987,0.10222221938723011
-0.7182019035903033,0.10157061656691112,0.026262161871827932,0.10222270531077113
-0.716383361164947,0.10157255224397643,0.026262162269752472,0.10222319000961591
-0.7145694017778123,0.10157448391143678,0.026262162666674214,0.10222367348693664
-0.712760014137621,0.10157641157646219,0.026262163062595646,0.1022241557457428
-0.7109551863427558,0.1015783352465055,0.02626216345751931,0.10222463678920651
-0.709154907712278,0.1015802549285099,0.026262163851447567,0.10222511662017461
-0.7073591657342307,0.10158217063023017,0.026262164244383216,0.10222559524198194
-0.7055679497276752,0.10158408235864688,0.026262164636328494,0.10222607265747527
-0.7037812480961639,0.10158599012102347,0.026262165027286,0.10222654886974544
-0.7019990492432489,0.10158789392464193,0.02626216541725828,0.10222702388188326
-0.7002213421828217,0.10158979377680309,0.026262165806247705,0.10222749769681688
-0.6984481153184348,0.10159168968482626,0.026262166194256805,0.10222797031763714
-0.6966793576639796,0.10159358165578447,0.026262166581288018,0.10222844174727214
-0.6949150573178388,0.10159546969703408,0.026262166967343934,0.10222891198889407
-0.6931552035990735,0.10159735381568481,0.02626216735242686,0.10222938104534972
-0.6913997855215754,0.10159923401886467,0.026262167736539214,0.10222984891956724
-0.6896487911837271,0.10160111031398557,0.02626216811968367,0.10223031561471878
-0.6879022095994202,0.10160298270794661,0.026262168501862575,0.10223078113373249
-0.6861600303928855,0.10160485120793057,0.026262168883078172,0.10223124547937384
-0.6844222416625059,0.10160671582113862,0.026262169263333125,0.10223170865481498
-0.6826888324221726,0.10160857655479007,0.026262169642629733,0.10223217066298407
-0.6809597922961167,0.10161043341559033,0.026262170020970404,0.10223263150664656
-0.6792351093827209,0.10161228641132737,0.026262170398357636,0.10223309118897463
-0.677514773306216,0.10161413554847622,0.026262170774793783,0.10223354971273371
-0.6757987727753241,0.10161598083459517,0.02626217115028126,0.10223400708093332
-0.6740870974142759,0.10161782227619455,0.026262171524822357,0.1022344632963389
-0.6723797356266238,0.10161965988086892,0.026262171898419565,0.1022349183620413
-0.670676676731429,0.10162149365543091,0.026262172271075294,0.10223537228088728
-0.6689779100477529,0.10162332360697764,0.026262172642791844,0.10223582505572369
-0.6672834248946566,0.10162514974235701,0.026262173013571574,0.10223627668939733
-0.6655932102860319,0.10162697206870171,0.026262173383416836,0.10223672718483633
-0.6639072552357702,0.10162879059316235,0.026262173752330042,0.10223717654496883
-0.6622255493681026,0.10163060532237253,0.02626217412031356,0.10223762477256032
-0.6605480816969207,0.10163241626351809,0.026262174487369675,0.10223807187053893
-0.6588748418464553,0.10163422342380288,0.026262174853500683,0.10223851784167014
-0.6572058188305981,0.10163602680967039,0.026262175218709004,0.10223896268888208
-0.6555410025787498,0.1016378264284759,0.026262175582996865,0.10223940641485889
-0.6538803814944626,0.10163962228761267,0.02626217594636681,0.10223984902269138
-0.6522239458123067,0.10164141439341838,0.02626217630882095,0.10224029051498237
-0.6505716851565132,0.10164320275331941,0.026262176670361504,0.1022407308944973
-0.6489235882358039,0.10164498737449071,0.02626217703099103,0.10224117016424566
-0.6472796449795796,0.10164676826385557,0.026262177390711676,0.10224160832691159
-0.645639845012071,0.10164854542808494,0.02626217774952575,0.10224204538526055
-0.6440041776523395,0.1016503188746718,0.026262178107435537,0.10224248134213934
-0.6423726328297859,0.10165208861031988,0.026262178464443276,0.10224291620023213
-0.6407451995583016,0.10165385464201761,0.026262178820551433,0.102243349962467
-0.6391218680724569,0.10165561697676988,0.026262179175761995,0.10224378263144682
-0.6375026276913132,0.10165737562132869,0.026262179530077437,0.10224421421001832
-0.6358874686494407,0.10165913058273128,0.0262621798834998,0.10224464470078436
-0.6342763796555613,0.10166088186830076,0.026262180236031576,0.10224507410675437
-0.6326693512494151,0.10166262948429872,0.02626218058767492,0.10224550243044986
-0.631066373055233,0.10166437343808062,0.026262180938432,0.10224592967463625
-0.6294674346972461,0.10166611373620933,0.02626218128830517,0.10224635584207903
-0.6278725261048548,0.10166785038580307,0.02626218163729654,0.10224678093546234
-0.6262816369022901,0.10166958339372648,0.026262181985408393,0.10224720495755163
-0.6246947573241224,0.10167131276659,0.026262182332642957,0.10224762791094971
-0.6231118769945826,0.10167303851156013,0.026262182679002467,0.10224804979842206
-0.6215329861482409,0.10167476063500888,0.02626218302448896,0.10224847062257145
-0.6199580744093286,0.10167647914413462,0.026262183369104852,0.10224889038616335
-0.6183871320124156,0.10167819404561107,0.02626218371285218,0.10224930909180056
-0.6168201485817331,0.10167990534612759,0.026262184055733245,0.10224972674224857
-0.6152571143518514,0.10168161305265991,0.02626218439775014,0.10225014334011015
-0.6136980195573406,0.10168331717192888,0.026262184738905094,0.10225055888798809
-0.6121428541276016,0.10168501771039994,0.02626218507920028,0.10225097338856655
-0.6105916076868653,0.10168671467536718,0.026262185418637916,0.10225138684461098
-0.6090442710800412,0.10168840807305611,0.026262185757220047,0.1022517992585615
-0.6075008342365301,0.10169009791024984,0.026262186094948896,0.10225221063310225
-0.6059612870857325,0.10169178419401854,0.026262186431826633,0.10225262097091735
-0.6044256201673885,0.10169346693063369,0.0262621867678553,0.10225303027452827
-0.6028938234108987,0.10169514612692507,0.026262187103037182,0.10225343854661914
-0.601365887356003,0.10169682178973793,0.026262187437374254,0.1022538457897114
-0.5998418016269326,0.10169849392566149,0.026262187770868868,0.10225425200657054
-0.5983215573737665,0.10170016254102801,0.026262188103522884,0.10225465719955534
-0.5968051445259056,0.101701827642729,0.026262188435338583,0.10225506137134993
-0.5952925536230897,0.10170348923739934,0.026262188766318008,0.10225546452447576
-0.5937837745947196,0.10170514733168926,0.026262189096463318,0.10225586666161696
-0.5922787979805352,0.1017068019322642,0.02626218942577662,0.10225626778529501
-0.5907776143202765,0.10170845304553228,0.026262189754260017,0.10225666789803134
-0.5892802141536835,0.1017101006779165,0.026262190081915535,0.10225706700234741
-0.5877865877153264,0.10171174483640044,0.02626219040874529,0.10225746510084605
-0.586296725850115,0.10171338552716451,0.02626219073475138,0.10225786219596733
-0.58481061848745,0.10171502275694967,0.0262621910599359,0.10225825829039542
-0.5833282564722408,0.10171665653251234,0.026262191384300894,0.10225865338657042
-0.5818496309545671,0.1017182868598043,0.026262191707848267,0.10225904748685112
-0.5803747315586595,0.10171991374588497,0.02626219203058038,0.10225944059400298
-0.5789035491294279,0.10172153719700908,0.02626219235249914,0.10225983271046614
-0.5774360748169515,0.10172315721944575,0.026262192673606587,0.10226022383859937
-0.5759722988558007,0.10172477382002611,0.026262192993904757,0.10226061398100544
-0.5745122117857154,0.10172638700532291,0.026262193313395753,0.10226100314020586
-0.5730558044516054,0.10172799678137572,0.02626219363208155,0.10226139131864072
-0.57160306800355,0.10172960315478642,0.026262193949964187,0.10226177851866879
-0.5701539926761194,0.10173120613217189,0.026262194267045697,0.10226216474289289
-0.5687085693142233,0.10173280571961532,0.02626219458332805,0.10226254999375313
-0.5672667890679413,0.10173440192376282,0.02626219489881336,0.10226293427360829
-0.5658286421718433,0.10173599475100095,0.026262195213503592,0.10226331758506116
-0.5643941197760088,0.10173758420773084,0.026262195527400722,0.10226369993047053
-0.5629632127253477,0.10173917030036816,0.02626219584050679,0.10226408131227653
-0.561535912169939,0.1017407530350682,0.026262196152823766,0.10226446173283793
-0.5601122086495228,0.10174233241827545,0.026262196464353627,0.10226484119467619
-0.5586920933141786,0.10174390845644896,0.02626219677509835,0.10226521970015008
-0.5572755570088159,0.10174548115578703,0.026262197085059967,0.10226559725169973
-0.5558625905783444,0.10174705052277759,0.026262197394240388,0.10226597385176528
-0.5544531854780131,0.10174861656337218,0.026262197702641595,0.10226634950262414
-0.5530473319423924,0.10175017928436272,0.026262198010265678,0.10226672420687914
-0.5516450220370706,0.10175173869172922,0.026262198317114367,0.10226709796664502
-0.550246245996618,0.10175329479174122,0.026262198623189823,0.10226747078452458
-0.5488509955814533,0.10175484759068242,0.026262198928493824,0.10226784266271396
-0.5474592613313165,0.1017563970951266,0.02626219923302848,0.10226821360373457
-0.5460710347014567,0.10175794331083392,0.026262199536795566,0.10226858360986389
-0.5446863065367835,0.10175948624440652,0.02626219983979719,0.10226895268354202
-0.5433050682925459,0.10176102590190853,0.02626220014203513,0.10226932082704643
-0.5419273114239929,0.10176256228941785,0.026262200443511366,0.10226968804265452
-0.5405530267760342,0.10176409541330267,0.026262200744227804,0.10227005433280645
-0.5391822054987492,0.10176562527994544,0.026262201044186424,0.102270419699861
-0.5378148390473868,0.10176715189518924,0.026262201343389063,0.1022707841460956
-0.5364509188771962,0.10176867526516742,0.02626220164183763,0.1022711476737877
-0.5350904361382565,0.10177019539659063,0.026262201939534047,0.10227151028529609
-0.5337333819806472,0.10177171229514514,0.02626220223648029,0.10227187198297955
-0.5323797481647871,0.10177322596711436,0.02626220253267806,0.10227223276903417
-0.5310295258407552,0.10177473641907216,0.026262202828129407,0.10227259264581876
-0.5296827061586312,0.10177624365705121,0.02626220312283618,0.10227295161569208
-0.5283392811840034,0.1017777476870969,0.026262203416800158,0.10227330968076892
-0.5269992417617813,0.10177924851554486,0.02626220371002338,0.10227366684348939
-0.5256625796523837,0.10178074614874384,0.026262204002507564,0.10227402310604959
-0.5243292863110597,0.10178224059277793,0.026262204294254618,0.10227437847072698
-0.5229993531930581,0.10178373185374393,0.026262204585266395,0.102274732939799
-0.5216727717536281,0.1017852199377514,0.0262622048755448,0.1022750865155431
-0.5203495337531885,0.10178670485120069,0.02626220516509162,0.10227543920015537
-0.519029630646988,0.10178818659994886,0.026262205453908765,0.10227579099591327
-0.5177130538902759,0.10178966519014364,0.026262205741998012,0.10227614190509426
-0.5163997955486405,0.10179114062794543,0.026262206029361152,0.10227649192981308
-0.5150898467721611,0.10179261291980615,0.026262206316000153,0.10227684107242854
-0.513783199626426,0.10179408207107597,0.02626220660191674,0.10227718933505538
-0.5124798452615148,0.10179554808851066,0.026262206887112755,0.10227753672005241
-0.5111797757430157,0.10179701097804282,0.026262207171590043,0.10227788322953438
-0.5098829828313473,0.10179847074533842,0.026262207455350333,0.10227822886569743
-0.5085894579817588,0.10179992739691282,0.02626220773839559,0.10227857363081896
-0.5072991935650082,0.10180138093845674,0.026262208020727408,0.10227891752693244
-0.5060121807311748,0.10180283137623161,0.026262208302347698,0.10227926055639663
-0.5047284112406774,0.10180427871623225,0.026262208583258374,0.10227960272140767
-0.5034478774642739,0.10180572296446591,0.02626220886346096,0.10227994402399895
-0.5021705708572135,0.10180716412667241,0.02626220914295743,0.10228028446644795
-0.5008964834850844,0.10180860220916324,0.026262209421749505,0.10228062405086942
-0.49962560710830545,0.10181003721770292,0.02626220969983897,0.10228096277945947
-0.4983579334872953,0.1018114691583479,0.0262622099772276,0.10228130065441422
-0.49709345499281193,0.10181289803688702,0.026262210253917125,0.1022816376777671
-0.49583216338527414,0.10181432385940131,0.02626221052990932,0.1022819738517142
-0.49457405011993083,0.10181574663198419,0.026262210805206097,0.102282309178533
-0.49331910817787955,0.10181716636018075,0.026262211079808865,0.10228264366009422
-0.49206732870919956,0.10181858305010863,0.02626221135371971,0.10228297729875667
-0.49081870408464895,0.10181999670761738,0.026262211626940177,0.10228331009655378
-0.4895732263698161,0.10182140733884927,0.026262211899472098,0.10228364205560031
-0.4883308876302893,0.10182281494911655,0.026262212171317207,0.10228397317801102
-0.4870916796264874,0.10182421954486634,0.02626221244247721,0.10228430346598205
-0.485855595034338,0.10182562113171564,0.026262212712953766,0.10228463292146549
-0.48462262561425984,0.101827019715293,0.026262212982748726,0.10228496154665742
-0.483392763737011,0.10182841530151988,0.026262213251863682,0.1022852893435913
-0.48216600116301017,0.1018298078966112,0.026262213520300483,0.10228561631446323
-0.4809423305681851,0.10183119750594985,0.026262213788060713,0.1022859424612253
-0.4797217437129544,0.10183258413549326,0.02626221405514622,0.10228626778607361
-0.4785042329680762,0.1018339677912108,0.026262214321558598,0.10228659229104162
-0.4772897913146479,0.10183534847823862,0.02626221458729944,0.10228691597800008
-0.47607840959757913,0.10183672620313321,0.026262214852370725,0.10228723884938909
-0.4748700814083067,0.10183810097133586,0.026262215116773843,0.10228756090691676
-0.4736647982020797,0.10183947278829925,0.02626221538051065,0.10228788215286053
-0.4724625526548257,0.10184084166033391,0.026262215643582793,0.10228820258917248
-0.4712633374424725,0.10184220759263361,0.026262215905991933,0.10228852221780471
-0.47006714402026917,0.10184357059125025,0.026262216167739792,0.1022888410410347
-0.46887396567448275,0.10184493066168279,0.026262216428827895,0.10228915906065181
-0.46768379447070163,0.10184628780972413,0.02626221668925809,0.10228947627877086
-0.46649662277968384,0.10184764204117883,0.026262216949031837,0.10228979269742526
-0.4653124429721875,0.10184899336158038,0.02626221720815099,0.10229010831864845
-0.46413124741897055,0.10185034177675638,0.026262217466617135,0.10229042314447387
-0.4629530291011305,0.10185168729198019,0.026262217724431873,0.10229073717677226
-0.46177778008425574,0.10185302991338545,0.026262217981596846,0.10229105041765842
-0.4606054930442739,0.10185436964626815,0.026262218238113658,0.10229136286908441
-0.4594361603519431,0.10185570649621863,0.02626221849398408,0.1022916745330837
-0.4582697749883608,0.1018570404691219,0.026262218749209528,0.10229198541152701
-0.45710632901911524,0.10185837157030767,0.026262219003791838,0.10229229550652916
-0.4559458151201343,0.10185969980568382,0.026262219257732606,0.1022926048200422
-0.45478822596734564,0.10186102518060244,0.02626221951103336,0.10229291335401823
-0.4536335545418466,0.10186234770071045,0.02626221976369562,0.10229322111032804
-0.45248179321439536,0.10186366737138208,0.026262220015721184,0.10229352809100505
-0.45133293435574995,0.1018649841985707,0.026262220267111638,0.10229383429808267
-0.4501869709470077,0.10186629818767302,0.026262220517868504,0.1022941397334317
-0.4490438956640964,0.10186760934381241,0.02626222076799345,0.10229444439900419
-0.4479037011829438,0.10186891767326038,0.026262221017488055,0.10229474829675227
-0.4467663804846473,0.10187022318087802,0.02626222126635379,0.10229505142854668
-0.4456319259399649,0.10187152587239043,0.026262221514592374,0.10229535379642088
-0.44450033083516377,0.10187282575324935,0.026262221762205273,0.10229565540216426
-0.4433715872358322,0.1018741228292023,0.02626222200919426,0.1022959562478916
-0.442245688733407,0.10187541710515331,0.02626222225556063,0.10229625633531099
-0.44112262739347663,0.10187670858744186,0.026262222501306273,0.1022965556665372
-0.4400023968074777,0.10187799728070861,0.02626222274643247,0.1022968542432783
-0.4388849893461684,0.10187928319074503,0.02626222299094095,0.10229715206756776
-0.43777039829581565,0.10188056632278338,0.02626222323483309,0.10229744914119496
-0.4366586160271777,0.1018818466826371,0.0262622234781107,0.10229774546619334
-0.43554963552135184,0.10188312427556014,0.026262223720775225,0.10229804104443369
-0.43444345036977483,0.10188439910681713,0.026262223962828075,0.10229833587762406
-0.4333400529432048,0.1018856711817097,0.02626222420427097,0.1022986299677979
-0.43223943622273914,0.10188694050617565,0.02626222444510537,0.10229892331682595
-0.43114159349464487,0.10188820708531257,0.026262224685332805,0.10229921592649767
-0.4300465177400195,0.10188947092451353,0.02626222492495481,0.10229950779868377
-0.42895420163479064,0.10189073202946797,0.0262622251639729,0.10229979893533639
-0.4278646384652255,0.10189199040558934,0.026262225402388678,0.10230008933824493
-0.4267778212124214,0.1018932460583012,0.02626222564020354,0.10230037900928013
-0.4256937431626455,0.10189449899275066,0.02626222587741908,0.10230066795023146
-0.4246123972969952,0.1018957492146676,0.026262226114036762,0.10230095616296964
-0.4235337765965678,0.101896996729219,0.026262226350058177,0.10230124364936542
-0.42245787434763055,0.10189824154186825,0.026262226585484723,0.10230153041120826
-0.42138468383645045,0.10189948365808883,0.026262226820317876,0.10230181645028755
-0.42031419773895523,0.1019007230830773,0.026262227054559346,0.1023021017685554
-0.41924640995175133,0.10190195982203976,0.026262227288210344,0.10230238636763857
-0.41818131284559684,0.1019031938807665,0.026262227521272528,0.10230267024957046
-0.41711890001192853,0.10190442526448366,0.02626222775374742,0.10230295341605918
-0.4160591650421831,0.10190565397813957,0.02626222798563637,0.1023032358688128
-0.41500210091745804,0.10190688002726694,0.02626222821694083,0.10230351760970209
-0.41394770061885067,0.10190810341740847,0.02626222844766246,0.1023037986405978
-0.41289595773779786,0.10190932415354163,0.026262228677802604,0.102304078963208
-0.41184686556056666,0.10191054224094093,0.02626222890736271,0.10230435857932216
-0.4108004173734241,0.10191175768489057,0.026262229136344326,0.10230463749072966
-0.4097566064626373,0.10191297049097245,0.026262229364748847,0.10230491569921991
-0.40871542641964304,0.10191418066420238,0.026262229592577662,0.10230519320650103
-0.4076768702255388,0.10191538820960544,0.026262229819832377,0.10230547001444376
-0.40664093147176117,0.10191659313279265,0.026262230046514387,0.1023057461247562
-0.4056076037497471,0.1019177954388084,0.02626223027262503,0.1023060215391464
-0.4045768800405939,0.10191899513299471,0.026262230498165836,0.10230629625948515
-0.40354875424090797,0.10192019222012634,0.026262230723138266,0.10230657028739919
-0.40252321933178686,0.10192138670614163,0.026262230947543725,0.10230684362475928
-0.4015002692098369,0.10192257859554547,0.02626223117138361,0.10230711627319214
-0.4004798971613252,0.10192376789371801,0.026262231394659327,0.10230738823448723
-0.3994620964725189,0.10192495460604913,0.026262231617372466,0.10230765951043395
-0.3984468613451941,0.10192613873736017,0.026262231839524173,0.10230793010257772
-0.3974341847604481,0.1019273202927707,0.026262232061116098,0.10230820001278929
-0.39642406000454816,0.10192849927798824,0.02626223228214959,0.10230846924285808
-0.3954164812792703,0.10192967569757273,0.026262232502625972,0.1023087377943295
-0.3944114421760513,0.10193084955667182,0.026262232722546654,0.10230900566891166
-0.39340893567598856,0.10193202086073204,0.026262232941913172,0.10230927286847527
-0.3924089559808583,0.10193318961434056,0.026262233160726785,0.10230953939456577
-0.39141149637692746,0.10193435582325232,0.026262233378988968,0.10230980524897258
-0.39041655045563284,0.10193551949207282,0.02626223359670111,0.10231007043340379
-0.38942411211358097,0.10193668062599617,0.026262233813864624,0.10231033494948612
-0.3884341752473782,0.10193783922993568,0.026262234030480714,0.10231059879884634
-0.3874467331432917,0.10193899530910387,0.02626223424655091,0.10231086198327387
-0.38646177969792783,0.10194014886843236,0.026262234462076553,0.10231112450439545
-0.38547930850272344,0.10194129991315211,0.0262622346770591,0.10231138636391915
-0.3844993134542849,0.10194244844821299,0.026262234891499765,0.10231164756347175
-0.383521788144049,0.1019435944785738,0.026262235105400013,0.10231190810476132
-0.3825467267737919,0.10194473800891171,0.02626223531876118,0.10231216798933325
-0.38157412262978063,0.10194587904478483,0.026262235531584605,0.10231242721897699
-0.3806039696086217,0.10194701759088841,0.026262235743871747,0.10231268579531927
-0.37963626130175177,0.10194815365250817,0.02626223595562389,0.10231294372006818
-0.3786709922161167,0.1019492872340661,0.026262236166842298,0.10231320099468777
-0.377708156248323,0.10195041834057475,0.02626223637752832,0.10231345762080483
-0.37674774637946795,0.1019515469776382,0.026262236587683535,0.10231371360029008
-0.3757897571164975,0.10195267314941336,0.026262236797309026,0.10231396893460762
-0.3748341823560179,0.1019537968612311,0.026262237006406203,0.10231422362538417
-0.3738810153842964,0.10195491811813986,0.026262237214976468,0.10231447767440918
-0.3729302513186181,0.1019560369246139,0.02626223742302102,0.10231473108298403
-0.37198188283491074,0.101957153286011,0.026262237630541328,0.1023149838530608
-0.37103590505045947,0.10195826720682276,0.026262237837538546,0.10231523598594092
-0.3700923109463617,0.10195937869213285,0.026262238044014192,0.10231548748349514
-0.3691510950295632,0.10196048774703413,0.026262238249969417,0.10231573834718752
-0.36821225150184017,0.10196159437575188,0.026262238455405554,0.10231598857856347
-0.3672757739546293,0.10196269858368824,0.026262238660323955,0.10231623817933108
-0.366341656284537,0.10196380037567017,0.026262238864726003,0.1023164871511171
-0.36540989299850923,0.10196489975624072,0.026262239068612848,0.1023167354953856
-0.36448047799315225,0.10196599673053641,0.0262622392719859,0.10231698321376331
-0.3635534054702423,0.10196709130311736,0.026262239474846353,0.10231723030779567
-0.36262866932638577,0.10196818347884477,0.026262239677195567,0.1023174767791094
-0.3617062640685285,0.10196927326258845,0.02626223987903473,0.1023177226291686
-0.3607861829829375,0.10197036065922689,0.026262240080365387,0.10231796785976266
-0.35986842118689805,0.10197144567306116,0.026262240281188485,0.102318212472193
-0.3589529722718468,0.10197252830957276,0.02626224048150555,0.10231845646816769
-0.3580398301343902,0.10197360857337284,0.0262622406813178,0.1023186998493135
-0.3571289898918135,0.10197468646878763,0.026262240880626436,0.10231894261693178
-0.3562204451355534,0.10197576200073794,0.026262241079432737,0.10231918477273065
-0.35531418976221635,0.10197683517415333,0.02626224127773804,0.10231942631833686
-0.3544102185839178,0.10197790599367842,0.02626224147554362,0.10231966725513313
-0.3535085261076036,0.10197897446367236,0.026262241672850493,0.10231990758458354
-0.3526091053143711,0.10198004058967737,0.026262241869660374,0.10232014730855883
-0.3517119519318449,0.10198110437548176,0.026262242065974037,0.10232038642819775
-0.350817059246292,0.10198216582635097,0.026262242261793065,0.1023206249452897
-0.3499244220698279,0.10198322494698862,0.02626224245711855,0.10232086286121744
-0.34903403460422877,0.10198428174156288,0.02626224265195176,0.10232110017752637
-0.34814589105127064,0.10198533621543357,0.02626224284629397,0.10232133689576187
-0.3472599859178994,0.10198638837308589,0.026262243040146387,0.10232157301738805
-0.34637631340589115,0.1019874382193069,0.02626224323351029,0.10232180854395029
-0.34549486802219165,0.10198848575889154,0.026262243426386816,0.10232204347691268
-0.34461564427374675,0.10198953099605323,0.026262243618777253,0.1023222778177393
-0.3437386360571628,0.1019905739361916,0.026262243810682862,0.10232251156805687
-0.34286383848972507,0.10199161458324046,0.026262244002104793,0.1023227447291668
-0.34199124546804,0.10199265294261525,0.026262244193044258,0.10232297730269585
-0.34112085180422297,0.10199368901826458,0.026262244383502525,0.10232320929002674
-0.3402526513948805,0.10199472281532455,0.026262244573480874,0.10232344069278622
-0.33938663905212796,0.10199575433864415,0.02626224476298045,0.10232367151235702
-0.33852280958808095,0.10199678359219423,0.02626224495200234,0.10232390175012188
-0.3376611572045156,0.1019978105808386,0.026262245140547872,0.10232413140762621
-0.3368016764083776,0.10199883530944906,0.026262245328618258,0.10232436048633409
-0.3359443614014432,0.10199985778260953,0.02626224551621471,0.1023245889877909
-0.33508920730099745,0.10200087800461576,0.026262245703338315,0.10232481691329808
-0.3342362086139862,0.1020018959800664,0.026262245889990276,0.10232504426431965
-0.3333853592370158,0.10200291171415946,0.02626224607617193,0.10232527104248242
-0.3325366545925412,0.1020039252106211,0.026262246261884305,0.10232549724900639
-0.33169008857716886,0.10200493647466444,0.026262246447128726,0.10232572288551833
-0.3308456563081838,0.10200594551032602,0.02626224663190622,0.10232594795331966
-0.33000335229253197,0.10200695232253798,0.02626224681621806,0.10232617245387442
-0.32916317103715903,0.10200795691564758,0.02626224700006539,0.1023263963886467
-0.3283251073541806,0.10200895929430573,0.026262247183449293,0.10232661975901922
-0.3274891557505423,0.10200995946317083,0.02626224736637111,0.10232684256645606
-0.3266553110383598,0.10201095742631545,0.026262247548831916,0.10232706481233995
-0.3258235677245788,0.10201195318841245,0.02626224773083287,0.10232728649813498
-0.3249939203161451,0.10201294675443907,0.026262247912375226,0.10232750762530521
-0.32416636423551354,0.10201393812819264,0.02626224809345996,0.10232772819507069
-0.32334089368446023,0.10201492731436798,0.02626224827408833,0.10232794820897684
-0.32251750378027033,0.1020159143173704,0.02626224845426143,0.10232816766832506
-0.32169618872471994,0.10201689914220667,0.026262248633980523,0.10232838657466076
-0.32087694363509434,0.10201788179270226,0.0262622488132467,0.10232860492928532
-0.32005976332350883,0.10201886227328394,0.02626224899206104,0.10232882273358149
-0.31924464260207897,0.102019840588683,0.026262249170424756,0.102329039988932
-0.3184315762829203,0.10202081674334076,0.026262249348338863,0.10232925669671959
-0.31762055887297846,0.10202179074170561,0.026262249525804696,0.10232947285840832
-0.3168115851843691,0.10202276258793548,0.026262249702823284,0.10232968847538094
-0.3160046509447166,0.10202373228649274,0.026262249879395634,0.10232990354877616
-0.31519975005062745,0.10202469984184716,0.026262250055523094,0.10233011808022074
-0.31439687761938684,0.10202566525847553,0.026262250231206607,0.10233033207101608
-0.31359602846311024,0.10202662854056367,0.02626225040644746,0.10233054552254489
-0.3127971983094221,0.10202758969230424,0.026262250581246538,0.1023307584359459
-0.3120003810549289,0.1020285487184934,0.026262250755605114,0.10233097081284587
-0.31120557181691577,0.10202950562333787,0.026262250929524337,0.1023311826545462
-0.3104127660178376,0.10203046041105125,0.02626225110300516,0.10233139396226693
-0.30962195816464017,0.10203141308585405,0.026262251276048792,0.10233160473747215
-0.30883314306943893,0.10203236365257079,0.026262251448656383,0.10233181498154457
-0.30804631645985836,0.10203331211513736,0.02626225162082882,0.10233202469562294
-0.30726147253767466,0.10203425847779476,0.026262251792567505,0.10233223388125268
-0.30647860703051233,0.10203520274479105,0.02626225196387321,0.10233244253957247
-0.3056977138349778,0.10203614492097897,0.02626225213474739,0.10233265067220908
-0.3049187892890349,0.10203708501002241,0.026262252305190747,0.10233285828013855
-0.3041418278996294,0.10203802301618975,0.02626225247520456,0.10233306536482498
-0.3033668241737072,0.1020389589443548,0.026262252644789968,0.1023332719277324
-0.30259377414406247,0.10203989279820126,0.026262252813947926,0.10233347796991824
-0.30182267201247126,0.1020408245823175,0.026262252982679653,0.10233368349292786
-0.3010535135065581,0.10204175430069985,0.026262253150986035,0.10233388849790001
-0.3002862931332689,0.10204268195765077,0.026262253318868414,0.10233409298629878
-0.299521006620228,0.10204360755747958,0.026262253486327544,0.10233429695926285
-0.2987576490847207,0.10204453110420249,0.02626225365336458,0.10233450041809365
-0.29799621503369267,0.10204545260214222,0.02626225381998079,0.10233470336425524
-0.29723670019476855,0.1020463720556282,0.02626225398617701,0.10233490579888635
-0.2964790993800637,0.10204728946869665,0.02626225415195444,0.1023351077233697
-0.29572340801203306,0.1020482048456904,0.02626225431731398,0.10233530913892537
-0.29496962090279205,0.1020491181906589,0.026262254482256896,0.10233551004693608
-0.29421773377996513,0.10205002950765787,0.026262254646784087,0.10233571044854056
-0.29346774176083756,0.10205093880105025,0.026262254810896567,0.10233591034504019
-0.29271963965752473,0.10205184607490503,0.026262254974595483,0.10233610973781773
-0.29197342319765124,0.10205275133329772,0.026262255137881788,0.1023363086280119
-0.29122908719333246,0.10205365458031032,0.02626225530075664,0.1023365070170054
-0.290486627372193,0.10205455582033218,0.026262255463220977,0.10233670490593699
-0.28974603824117856,0.1020554550574585,0.026262255625275958,0.10233690229627074
-0.2890073161382531,0.1020563522954898,0.02626225578692234,0.10233709918898268
-0.28827045557036235,0.10205724753853401,0.026262255948161464,0.10233729558553689
-0.28753545195996116,0.102058140791308,0.026262256108994225,0.10233749148715343
-0.2868023010346741,0.10205903205702911,0.02626225626942163,0.10233768689497104
-0.2860709976066166,0.10205992134042717,0.026262256429444714,0.10233788181037243
-0.2853415374034131,0.10206080864533475,0.026262256589064482,0.10233807623449631
-0.2846139155423489,0.10206169397589207,0.02626225674828202,0.10233827016864411
-0.2838881274458787,0.10206257733594423,0.026262256907098293,0.10233846361403588
-0.2831641682312877,0.10206345872994585,0.02626225706551437,0.10233865657197302
-0.2824420339313702,0.10206433816145294,0.026262257223531087,0.1023388490435129
-0.2817217199685808,0.10206521563463179,0.026262257381149526,0.1023390410298756
-0.2810032208498655,0.10206609115367889,0.026262257538370824,0.10233923253252518
-0.28028653260801845,0.10206696472282624,0.02626225769519589,0.10233942355251902
-0.2795716506654944,0.10206783634570937,0.02626225785162573,0.1023396140910772
-0.2788585704447482,0.10206870602657381,0.026262258007661302,0.10233980414941976
-0.2781472873682348,0.10206957376936883,0.026262258163303624,0.10233999372876676
-0.2774377971635786,0.10207043957835184,0.026262258318553652,0.10234018283025695
-0.2767300946428951,0.10207130345748387,0.026262258473412466,0.10234037145527303
-0.2760241758389785,0.10207216541073166,0.026262258627881035,0.1023405596048724
-0.2753200358691139,0.10207302544237043,0.0262622587819603,0.10234074728035646
-0.2746176710712653,0.1020738835557731,0.026262258935651154,0.10234093448270126
-0.273917076257548,0.10207473975552922,0.026262259088954742,0.10234112121328953
-0.27321824685041696,0.10207559404532583,0.026262259241871967,0.10234130747334132
-0.27252117888266636,0.10207644642915849,0.026262259394403832,0.10234149326391404
-0.27182586777675094,0.10207729691133167,0.02626225954655118,0.10234167858622772
-0.27113230864995597,0.10207814549554951,0.026262259698315207,0.10234186344158379
-0.27044049814541493,0.10207899218552138,0.026262259849696625,0.10234204783087693
-0.26975043046490393,0.10207983698587259,0.0262622600006967,0.10234223175565257
-0.2690621022515566,0.10208067989971718,0.026262260151316073,0.10234241521680541
-0.2683755089278277,0.10208152093169191,0.02626226030155589,0.10234259821555551
-0.26769064591617203,0.10208236008522541,0.026262260451417108,0.10234278075312295
-0.26700750894421416,0.10208319736466254,0.026262260600900547,0.10234296283064642
-0.2663260934344089,0.10208403277374663,0.02626226075000736,0.102343144449346
-0.26564639541955043,0.10208486631622651,0.02626226089873837,0.10234332561027906
-0.2649684106272633,0.10208569799585632,0.02626226104709448,0.10234350631458436
-0.26429213448000227,0.10208652781700393,0.0262622611950767,0.10234368656348192
-0.26361756240022227,0.10208735578343493,0.026262261342686045,0.10234386635819182
-0.26294469042071744,0.10208818189892029,0.026262261489923347,0.10234404569977143
-0.26227351457428194,0.10208900616723642,0.026262261636789564,0.10234422458927815
-0.26160403028337065,0.1020898285921652,0.02626226178328565,0.10234440302793203
-0.2609362329704384,0.10209064917779855,0.026262261929412556,0.10234458101695314
-0.260270118973449,0.10209146792792945,0.02626226207517112,0.10234475855731752
-0.2596056837148573,0.10209228484635628,0.026262262220562348,0.10234493565024523
-0.2589429229222879,0.10209309993688302,0.026262262365587204,0.102345112296875
-0.2582818323233652,0.10209391320331891,0.026262262510246576,0.10234528849834555
-0.25762240764571376,0.10209472464978375,0.026262262654541423,0.1023454642557956
-0.2569646455324671,0.10209553427948785,0.026262262798472442,0.10234563957011986
-0.2563085407957407,0.10209634209656174,0.02626226294204084,0.10234581444270106
-0.25565408946832885,0.10209714810483655,0.02626226308524745,0.1023459888745966
-0.25500128788819526,0.10209795230784352,0.02626226322809303,0.10234616286678251
-0.25435013117262517,0.10209875470972977,0.026262263370578676,0.10234633642056021
-0.2537006156595824,0.10209955531403722,0.02626226351270527,0.10234650953690572
-0.2530527373818612,0.10210035412461851,0.026262263654473508,0.10234668221687646
-0.25240649145674665,0.10210115114502606,0.026262263795884613,0.10234685446177379
-0.25176187452737236,0.10210194637912315,0.02626226393693927,0.10234702627249244
-0.2511188823213628,0.1021027398307785,0.026262264077638445,0.10234719765017113
-0.2504775105663425,0.10210353150325441,0.026262264217982965,0.10234736859594859
-0.24983775498993596,0.10210432140104207,0.02626226435797391,0.10234753911096353
-0.2491996119301071,0.10210510952710822,0.02626226449761198,0.102347709196192
-0.24856307711448034,0.10210589588564885,0.026262264636898132,0.10234787885277274
-0.2479281465758499,0.10210668048025318,0.026262264775833197,0.10234804808176312
-0.24729481604184034,0.10210746331451552,0.02626226491441818,0.10234821688430185
-0.24666308185041544,0.10210824439203527,0.02626226505265393,0.102348385261365
-0.2460329397291998,0.10210902371672355,0.026262265190541194,0.1023485532140913
-0.24540438601615722,0.10210980129188366,0.026262265328080934,0.10234872074345676
-0.24477741613374257,0.10211057712174378,0.02626226546527417,0.10234888785068147
-0.2441520264199197,0.10211135120931074,0.026262265602121537,0.10234905453674148
-0.2435282129074828,0.10211212355882338,0.026262265738624054,0.10234922080269417
-0.24290597132405636,0.1021128941736053,0.026262265874782614,0.10234938664967824
-0.24228529800760432,0.10211366305729211,0.026262266010597977,0.10234955207866978
-0.24166618929609043,0.10211443021352441,0.02626226614607104,0.10234971709064479
-0.24104864061196962,0.10211519564594794,0.026262266281202686,0.10234988168682338
-0.24043264829320574,0.10211595935821363,0.026262266415993756,0.10235004586818156
-0.23981820837259293,0.10211672135397748,0.026262266550445196,0.10235020963577672
-0.2392053171880951,0.10211748163659312,0.026262266684557712,0.10235037299058493
-0.2385939707725064,0.10211824020972655,0.02626226681833219,0.10235053593366356
-0.23798416515862109,0.1021189970770489,0.026262266951769524,0.10235069846606999
-0.2373758960740636,0.10211975224223643,0.026262267084870665,0.10235086058894295
-0.23676916016196753,0.10212050570866267,0.026262267217636324,0.10235102230317716
-0.23616395314995733,0.10212125748001391,0.02626226735006738,0.10235118360991133
-0.2355602716811666,0.1021220075596735,0.026262267482164668,0.10235134451004017
-0.23495811148321985,0.10212275595164574,0.02626226761392902,0.10235150500470241
-0.2343574691992506,0.10212350265870786,0.026262267745361317,0.10235166509479277
-0.2337583402517137,0.10212424768518226,0.026262267876462398,0.10235182478153126
-0.23316072158891232,0.10212499103385564,0.026262268007233018,0.10235198406573132
-0.23256460893847103,0.1021257327087524,0.026262268137674134,0.10235214294853164
-0.23196999863835369,0.10212647271328539,0.026262268267786448,0.10235230143090827
-0.23137688702652415,0.10212721105087233,0.026262268397570857,0.10235245951383726
-0.2307852698306069,0.10212794772524435,0.026262268527028242,0.10235261719845733
-0.2301951439989052,0.10212868273952018,0.02626226865615931,0.10235277448558185
-0.22960650556421325,0.10212941609713189,0.026262268784964894,0.1023529313762682
-0.22901935055932518,0.10213014780213411,0.02626226891344594,0.1023530878715738
-0.2284336750170352,0.10213087785766,0.026262269041603146,0.102353243972556
-0.22784947588564658,0.10213160626684724,0.026262269169437347,0.10235339968002818
-0.22726674889278375,0.1021323330337653,0.02626226929694944,0.10235355499512908
-0.22668549068158034,0.10213305816125222,0.026262269424140113,0.10235370991875338
-0.22610569728483046,0.10213378165338745,0.026262269551010263,0.10235386445195849
-0.2255273653456677,0.10213450351301835,0.02626226967756059,0.10235401859563911
-0.22495049059171657,0.10213522374392897,0.026262269803792114,0.10235417235093398
-0.22437506997128026,0.10213594234931792,0.026262269929705408,0.10235432571865646
-0.223801099517153,0.10213665933301863,0.026262270055301427,0.10235447869986392
-0.22322857556729864,0.10213737469825014,0.026262270180580874,0.10235463129553243
-0.222657494459681,0.10213808844823562,0.026262270305544635,0.10235478350663803
-0.2220878528374337,0.10213880058682215,0.026262270430193354,0.10235493533407543
-0.2215196467333509,0.10213951111724165,0.026262270554528042,0.10235508677890202
-0.22095287248539644,0.10214022004304037,0.02626227067854934,0.10235523784209384
-0.22038752673670386,0.10214092736745882,0.026262270802258073,0.10235538852454562
-0.21982360613040677,0.10214163309374179,0.026262270925655008,0.10235553882715204
-0.21926110639412963,0.10214233722575872,0.026262271048740977,0.10235568875105185
-0.21870002417100598,0.10214303976676317,0.0262622711715168,0.10235583829713973
-0.21814035640933904,0.10214374071970243,0.026262271293983123,0.10235598746622909
-0.21758209914192303,0.10214444008845924,0.02626227141614076,0.1023561362593773
-0.2170252487067218,0.10214513787629992,0.026262271537990614,0.1023562846775604
-0.2164698017468689,0.10214583408649501,0.02626227165953332,0.10235643272167311
-0.21591575429515847,0.10214652872262996,0.026262271780769834,0.10235658039277282
-0.21536310360506347,0.10214722178767302,0.02626227190170066,0.10235672769159154
-0.2148118454042084,0.10214791328521824,0.02626227202232682,0.10235687461926801
-0.21426197694606613,0.10214860321855304,0.02626227214264882,0.10235702117653428
-0.21371349395826122,0.10214929159096908,0.026262272262667686,0.10235716736452906
-0.21316639338909685,0.10214997840576225,0.026262272382384114,0.10235731318406571
-0.21262067157653688,0.1021506636665438,0.02626227250179881,0.10235745863612031
-0.21207632546888458,0.1021513473759955,0.026262272620912464,0.1023576037215062
-0.2115333507937644,0.10215202953835979,0.026262272739725975,0.10235774844136211
-0.21099174480464927,0.10215271015601526,0.026262272858240045,0.1023578927964201
-0.21045150383950306,0.10215338923290158,0.026262272976455434,0.10235803678765619
-0.20991262454145934,0.10215406677171665,0.026262273094372846,0.10235818041596512
-0.20937510294331224,0.10215474277640883,0.026262273211993165,0.10235832368240423
-0.20883893629853467,0.10215541724968412,0.02626227332931704,0.10235846658770559
-0.20830412094509054,0.10215609019487577,0.026262273446345224,0.10235860913284525
-0.20777065352611337,0.10215676161563327,0.026262273563078427,0.10235875131871791
-0.20723853037956702,0.10215743151498644,0.026262273679517466,0.10235889314629962
-0.20670774814858503,0.10215809989628116,0.026262273795663114,0.10235903461648507
-0.20617830408664028,0.10215876676224309,0.026262273911515945,0.10235917573000634
-0.20565019422652703,0.10215943211685058,0.026262274027076773,0.10235931648792078
-0.20512341521137875,0.10216009596283732,0.02626227414234644,0.10235945689112312
-0.2045979639894987,0.10216075830325301,0.026262274257325587,0.10235959694042672
-0.20407383689885075,0.10216141914208884,0.02626227437201496,0.10235973663680763
-0.2035510305825684,0.10216207848177777,0.026262274486415337,0.10235987598116057
-0.20302954229412462,0.10216273632569411,0.026262274600527286,0.10236001497421757
-0.20250936806631353,0.10216339267752905,0.0262622747143517,0.10236015361703601
-0.20199050484743838,0.10216404753972688,0.02626227482788922,0.10236029191042928
-0.20147294928063272,0.10216470091598703,0.026262274941140668,0.10236042985529206
-0.2009566980090301,0.10216535280907421,0.02626227505410668,0.10236056745251909
-0.20044174798093373,0.10216600322269608,0.026262275166787898,0.10236070470292374
-0.19992809553430746,0.10216665215962528,0.02626227527918527,0.10236084160748204
-0.1994157379226242,0.10216729962295121,0.026262275391299248,0.10236097816692605
-0.19890467117867816,0.10216794561608063,0.026262275503130792,0.10236111438231313
-0.1983948928611119,0.10216859014179751,0.0262622756146804,0.102361250254294
-0.1978863990027196,0.10216923320382987,0.026262275725948973,0.10236138578392603
-0.19737918716214387,0.1021698748046561,0.026262275836936945,0.10236152097185994
-0.19687325337217884,0.10217051494769867,0.026262275947645342,0.10236165581915309
-0.1963685945811278,0.10217115363607057,0.02626227605807468,0.10236179032661885
-0.1958652077372939,0.10217179087288862,0.026262276168225716,0.10236192449507063
-0.19536308948381076,0.10217242666127364,0.026262276278099145,0.10236205832540311
-0.19486223646381184,0.1021730610043502,0.026262276387695748,0.102362191818511
-0.19436264593077013,0.10217369390493283,0.026262276497016082,0.10236232497512636
-0.19386431452781913,0.10217432536646776,0.02626227660606092,0.10236245779614388
-0.19336723920326204,0.1021749553917771,0.02626227671483083,0.10236259028237693
-0.19287141660023244,0.10217558398368652,0.026262276823326706,0.10236272243472024
-0.19237684336186384,0.10217621114596825,0.026262276931549186,0.10236285425406849
-0.19188351674162918,0.10217683688114143,0.02626227703949884,0.10236298574115377
-0.19139143338266196,0.10217746119235743,0.026262277147176497,0.10236311689687072
-0.19090059023326544,0.10217808408277147,0.02626227725458273,0.10236324772203277
-0.19041098393657316,0.10217870555554259,0.02626227736171831,0.1023633782175346
-0.18992261205122765,0.10217932561320445,0.026262277468583794,0.10236350838402694
-0.18943547061002317,0.10217994425923825,0.026262277575180095,0.10236363822256714
-0.18894955686643258,0.10218056149649966,0.026262277681507643,0.10236376773388725
-0.18846486807392876,0.10218117732784786,0.026262277787567206,0.1023638969187193
-0.18798140057047563,0.10218179175677576,0.026262277893359547,0.10236402577803935
-0.18749915160954603,0.10218240478551999,0.026262277998885242,0.10236415431257945
-0.18701811783427355,0.10218301641789605,0.026262278104144998,0.10236428252323426
-0.18653829680330075,0.1021836266564629,0.02626227820913944,0.10236441041065453
-0.18605968485459148,0.10218423550409819,0.026262278313869267,0.10236453797581628
-0.185582278936449,0.10218484296399846,0.02626227841833519,0.1023646652195329
-0.18510607630234618,0.10218544903904862,0.026262278522537843,0.10236479214253641
-0.18463107390058625,0.10218605373213721,0.026262278626477856,0.10236491874564019
-0.1841572686794724,0.10218665704647203,0.02626227873015588,0.10236504502965761
-0.18368465728213826,0.1021872589849489,0.026262278833572725,0.1023651709954834
-0.18321323726722633,0.10218785955015161,0.026262278936728785,0.10236529664376823
-0.18274300527787016,0.10218845874529879,0.026262279039624952,0.10236542197540682
-0.18227395856754267,0.10218905657329716,0.026262279142261792,0.1023655469911312
-0.1818060937793774,0.10218965303705684,0.026262279244639947,0.10236567169183612
-0.18133940816684727,0.10219024813980777,0.026262279346760054,0.10236579607825357
-0.18087389867825546,0.10219084188383522,0.026262279448622868,0.10236592015119694
-0.1804095625670749,0.1021914342723761,0.026262279550228848,0.10236604391139827
-0.17994639647643912,0.1021920253086712,0.02626227965157888,0.10236616735975226
-0.17948439765982102,0.10219261499501615,0.026262279752673475,0.10236629049699096
-0.17902356337069353,0.10219320333465876,0.026262279853513204,0.10236641332384638
-0.17856389055735983,0.10219379033022648,0.02626227995409883,0.10236653584113194
-0.17810537616812314,0.10219437598500604,0.02626228005443099,0.10236665804966097
-0.1776480174564564,0.10219496030165817,0.0262622801545102,0.10236677995016552
-0.17719181106549312,0.10219554328316331,0.02626228025433728,0.1023669015435403
-0.17673675485904555,0.10219612493218855,0.026262280353912742,0.10236702283035468
-0.1762828451750776,0.10219670525203763,0.026262280453237224,0.1023671438115847
-0.17583007957223182,0.102197284245384,0.026262280552311425,0.10236726448788105
-0.1753784549988114,0.10219786191522133,0.026262280651135915,0.10236738486005713
-0.17492796901345897,0.1021984382639122,0.026262280749711275,0.1023675049287636
-0.17447861764896871,0.10219901329509076,0.026262280848038395,0.10236762469505789
-0.1740303993794922,0.10219958701080872,0.026262280946117527,0.10236774415934666
-0.1735833105429933,0.10220015941470693,0.02626228104394956,0.10236786332260595
-0.17313734869811465,0.10220073050916058,0.026262281141534942,0.10236798218548647
-0.17269251048798975,0.1022013002971824,0.026262281238874443,0.10236810074888293
-0.17224879347126118,0.10220186878147114,0.026262281335968626,0.10236821901344603
-0.17180619459623214,0.1022024359650459,0.0262622814328182,0.10236833697998915
-0.17136471142154527,0.10220300185029399,0.026262281529423545,0.10236845464916298
-0.17092434089550373,0.10220356644055863,0.02626228162578548,0.1023685720217809
-0.17048507996641077,0.10220412973855096,0.026262281721904594,0.10236868909865628
-0.17004692619290895,0.1022046917469852,0.026262281817781445,0.1023688058804398
-0.1696098768284712,0.10220525246857856,0.02626228191341662,0.10236892236786352
-0.16917392882140073,0.10220581190605137,0.02626228200881081,0.10236903856174082
-0.16873907973034008,0.10220637006244504,0.026262282103964526,0.10236915446272236
-0.16830532619842287,0.1022069269404861,0.026262282198878537,0.10236927007170289
-0.16787266608946128,0.10220748254290422,0.02626228229355328,0.10236938538925176
-0.16744109635175855,0.102208036872432,0.026262282387989395,0.10236950041618234
-0.1670106142387876,0.10220858993180512,0.026262282482187527,0.10236961515322666
-0.16658121700402134,0.10220914172376229,0.026262282576148304,0.10236972960111676
-0.16615290220610232,0.10220969225104523,0.026262282669872176,0.10236984376050334
-0.16572566679333375,0.1022102415167174,0.0262622827633599,0.10236995763219979
-0.16529950801918858,0.1022107895232081,0.026262282856611995,0.10237007121693811
-0.16487442344230935,0.10221133627326817,0.026262282949629095,0.10237018451536904
-0.1644504097058296,0.10221188176997044,0.026262283042411832,0.10237029752838725
-0.16402746497873127,0.10221242601543415,0.02626228313496066,0.1023704102564808
-0.16360558620931762,0.10221296901273806,0.02626228322727627,0.10237052270046304
-0.1631847706510615,0.1022135107646452,0.026262283319359182,0.10237063486106601
-0.1627650155574358,0.10221405127392164,0.026262283411210025,0.10237074673902175
-0.16234631848708314,0.10221459054301721,0.026262283502829373,0.10237085833498095
-0.1619286766934764,0.1022151285743845,0.026262283594217863,0.10237096964967567
-0.1615120871249188,0.10221566537143709,0.026262283685376073,0.10237108068391926
-0.1610965479503923,0.10221620093631424,0.026262283776304383,0.10237119143819974
-0.16068205550786072,0.10221673527211635,0.026262283867003744,0.10237130191349318
-0.16026860796630601,0.10221726838098824,0.02626228395747435,0.1023714121102876
-0.15985620257920108,0.10221780026603629,0.02626228404771703,0.10237152202931502
-0.15944483660001885,0.10221833092941102,0.02626228413773216,0.10237163167130747
-0.15903450697706248,0.10221886037454456,0.02626228422752058,0.10237174103707836
-0.15862521187931397,0.10221938860327329,0.026262284317082593,0.10237185012711568
-0.15821694764473715,0.10221991561903555,0.026262284406419104,0.1023719589423955
-0.1578097130526533,0.10222044142367319,0.026262284495530235,0.10237206748324315
-0.1574035044410263,0.10222096602031054,0.026262284584416876,0.10237217575063469
-0.1569983199788381,0.102221489411435,0.026262284673079415,0.10237228374505813
-0.15659415630922222,0.10222201159985696,0.026262284761518605,0.10237239146740822
-0.15619101129599092,0.10222253258774917,0.026262284849734904,0.10237249891825428
-0.1557888824977868,0.10222305237824808,0.02626228493772882,0.10237260609824701
-0.15538776686291303,0.10222357097353207,0.02626228502550104,0.1023727130081998
-0.15498766225518193,0.1022240883767436,0.026262285113052022,0.10237281964868203
-0.15458856623323602,0.1022246045897459,0.02626228520038228,0.10237292602034435
-0.15419047574537856,0.10222511961568724,0.02626228528749256,0.10237303212400017
-0.15379338865542178,0.10222563345675703,0.026262285374383267,0.10237313796021884
-0.15339730252200828,0.10222614611578856,0.02626228546105489,0.10237324352965105
-0.15300221429344127,0.10222665759561832,0.026262285547508205,0.10237334883311018
-0.152608121833533,0.10222716789812296,0.026262285633743596,0.1023734538711656
-0.15221502270092604,0.1022276770264654,0.026262285719761688,0.10237355864446801
-0.15182291445426302,0.10222818498284862,0.02626228580556287,0.1023736631536681
-0.15143179434701676,0.10222869176979918,0.026262285891147905,0.10237376739949788
-0.1510416599378299,0.10222919739016773,0.026262285976517183,0.1023738713826081
-0.1506525084801753,0.1022297018464865,0.026262286061671462,0.10237397510373077
-0.15026433814303494,0.10223020514096925,0.02626228614661099,0.10237407856335391
-0.149877145874712,0.10223070727647501,0.026262286231336477,0.1023741817622909
-0.14949092953901874,0.10223120825522289,0.026262286315848492,0.1023742847011111
-0.14910568669459773,0.10223170807975596,0.02626228640014742,0.10237438738046521
-0.1487214145949219,0.10223220675294183,0.026262286484233958,0.10237448980108527
-0.14833811079863382,0.10223270427700754,0.026262286568108615,0.10237459196362196
-0.14795577347471542,0.10223320065450456,0.026262286651771778,0.10237469386856332
-0.1475743992663002,0.10223369588798703,0.026262286735224145,0.10237479551680406
-0.14719398634237016,0.10223418998001182,0.02626228681846622,0.10237489690883221
-0.14681453256673754,0.10223468293249466,0.026262286901498462,0.10237499804521712
-0.14643603458253585,0.10223517474864159,0.026262286984321495,0.1023750989268535
-0.14605849086391673,0.10223566543069566,0.026262287066935706,0.10237519955414803
-0.14568189835918338,0.10223615498122458,0.026262287149341795,0.10237529992791411
-0.14530625493214808,0.10223664340247655,0.02626228723154021,0.10237540004872109
-0.14493155875179276,0.10223713069670223,0.02626228731353133,0.10237549991705698
-0.14455780646125094,0.10223761686679954,0.026262287395315925,0.1023755995338165
-0.14418499622950456,0.10223810191534699,0.02626228747689443,0.10237569889948767
-0.14381312531002655,0.10223858584428078,0.0262622875582673,0.10237579801480254
-0.1434421921769685,0.10223906865618441,0.02626228763943504,0.10237589688016778
-0.14307219347346395,0.10223955035364433,0.026262287720398292,0.1023759954964781
-0.14270312736849483,0.10224003093924955,0.02626228780115743,0.10237609386422154
-0.14233499142070372,0.1022405104149463,0.026262287881713097,0.10237619198404879
-0.1419677831887332,0.10224098878365163,0.026262287962065745,0.10237628985661054
-0.14160150053639553,0.1022414660473168,0.026262288042215802,0.10237638748247618
-0.14123614102233328,0.10224194220854117,0.026262288122163916,0.10237648486229638
-0.14087170220518905,0.10224241726993184,0.026262288201910528,0.10237658199672184
-0.14050818194877507,0.10224289123347115,0.02626228828145616,0.10237667888632193
-0.1401455778117339,0.1022433641021177,0.02626228836080137,0.10237677553174734
-0.13978388735270816,0.10224383587818646,0.026262288439946616,0.10237687193364879
-0.13942310874067976,0.10224430656367123,0.026262288518892268,0.10237696809251429
-0.13906323922912162,0.10224477616121459,0.026262288597639096,0.10237706400907587
-0.13870427668184596,0.10224524467346188,0.02626228867618742,0.10237715968390289
-0.13834621896266505,0.10224571210241365,0.02626228875453775,0.10237725511756472
-0.1379890633250518,0.10224617845071977,0.026262288832690654,0.10237735031079341
-0.1376328082431578,0.10224664372038526,0.026262288910646525,0.10237744526399561
-0.137277450970456,0.10224710791438846,0.02626228898840592,0.1023775399779034
-0.1369229890655889,0.10224757103473901,0.02626228906596943,0.10237763445316744
-0.1365694203923688,0.10224803308409638,0.026262289143337482,0.10237772869035712
-0.13621674311977766,0.10224849406415062,0.026262289220510472,0.10237782268996043
-0.13586495419611866,0.10224895397821371,0.02626228929748903,0.10237791645279079
-0.1355140524007131,0.10224941282765616,0.026262289374273544,0.10237800997917351
-0.1351640346818642,0.1022498706157949,0.02626228945086452,0.10237810326992197
-0.13481489951372355,0.10225032734400452,0.026262289527262464,0.10237819632544287
-0.13446664353942475,0.10225078301560696,0.026262289603467957,0.10237828914663091
-0.1341192658434587,0.10225123763198096,0.02626228967948131,0.10237838173373012
-0.13377276367929836,0.10225169119612888,0.026262289755303033,0.10237847408747253
-0.1334271343004166,0.10225214371040699,0.026262289830933833,0.10237856620859015
-0.13308237618096502,0.10225259517652466,0.02626228990637396,0.10237865809748968
-0.1327384871847559,0.10225304559716689,0.02626228998162386,0.1023787497547405
-0.13239546456526213,0.10225349497502126,0.026262290056684234,0.10237884118107463
-0.13205330649146563,0.10225394331180349,0.026262290131555403,0.10237893237698009
-0.13171201113234834,0.10225439060988087,0.026262290206237805,0.10237902334294491
-0.1313715754362135,0.10225483687194775,0.02626229028073209,0.10237911407978247
-0.1310319978772127,0.10225528209972615,0.02626229035503863,0.10237920458789945
-0.1306932763191582,0.10225572629591498,0.02626229042915781,0.1023792948678652
-0.1303554083206926,0.10225616946289054,0.026262290503090258,0.10237938492033045
-0.13001839205079777,0.1022566116023811,0.02626229057683631,0.1023794747457832
-0.1296822247629467,0.10225705271741761,0.026262290650396588,0.10237956434495549
-0.12934690493129092,0.10225749280940732,0.02626229072377142,0.102379653718254
-0.12901243011447303,0.10225793188138581,0.026262290796961373,0.10237974286632943
-0.12867879817630531,0.10225836993508974,0.02626229086996683,0.10237983178975116
-0.1283460069806,0.10225880697323397,0.02626229094278837,0.10237992048908853
-0.12801405469633906,0.10225924299755927,0.026262291015426365,0.10238000896482957
-0.1276829391873347,0.10225967801045947,0.0262622910878812,0.10238009721754365
-0.1273526580122295,0.10226011201433054,0.026262291160153457,0.10238018524788148
-0.12702320903483574,0.10226054501157084,0.026262291232243638,0.10238027305641238
-0.12669459072930503,0.10226097700392933,0.026262291304152058,0.10238036064354306
-0.12636680034911024,0.10226140799380848,0.0262622913758793,0.10238044801000556
-0.12603983636840302,0.10226183798328708,0.02626229144742574,0.10238053515620657
-0.12571369604065627,0.102262266975098,0.026262291518791954,0.10238062208287811
-0.12538837784002155,0.10226269497099842,0.026262291589978254,0.10238070879042688
-0.12506387963031118,0.10226312197307343,0.026262291660985097,0.10238079527942225
-0.12474019927533736,0.10226354798406251,0.02626229173181298,0.10238088155043355
-0.12441733433374269,0.10226397300572886,0.026262291802462482,0.1023809676041115
-0.1240952832796788,0.10226439704049016,0.026262291872933857,0.10238105344086279
-0.12377404428212758,0.10226482009011349,0.026262291943227486,0.10238113906117544
-0.12345361428939229,0.1022652421573472,0.026262292013344207,0.10238122446586281
-0.12313399208079422,0.1022656632439625,0.026262292083284067,0.10238130965525026
-0.12281517552014559,0.10226608335238553,0.026262292153047647,0.10238139462990715
-0.12249716247125868,0.10226650248439151,0.026262292222635465,0.10238147939040286
-0.12217995049277607,0.10226692064273742,0.02626229229204795,0.10238156393738806
-0.12186353836401903,0.10226733782920255,0.02626229236128543,0.1023816482711881
-0.12154792364363015,0.10226775404556794,0.026262292430348423,0.10238173239245371
-0.1212331041954217,0.10226816929492394,0.02626229249923736,0.10238181630175422
-0.12091907849354526,0.10226858357840195,0.026262292567952625,0.10238189999949633
-0.12060584379147375,0.10226899689909681,0.026262292636494794,0.10238198348641207
-0.12029339886852845,0.10226940925847061,0.026262292704864194,0.10238206676282681
-0.11998174128335194,0.1022698206586413,0.026262292773061257,0.10238214982939121
-0.11967086920492617,0.10227023110205614,0.0262622928410865,0.10238223268659333
-0.11936078019189368,0.10227064059083724,0.026262292908940298,0.10238231533508385
-0.1190514730235758,0.10227104912678144,0.02626229297662311,0.10238239777518812
-0.11874294556378474,0.10227145671234225,0.02626229304413524,0.1023824800074755
-0.11843519537116312,0.10227186334932031,0.026262293111477337,0.10238256203259671
-0.11812822122503222,0.1022722690398458,0.026262293178649584,0.10238264385087707
-0.11782202007369524,0.1022726737863784,0.02626229324565268,0.10238272546312997
-0.11751659100164316,0.10227307759072467,0.026262293312486827,0.10238280686959941
-0.11721193156751855,0.10227348045502067,0.026262293379152594,0.10238288807093611
-0.11690804024547305,0.10227388238107686,0.026262293445650287,0.10238296906754674
-0.11660491459414919,0.10227428337136099,0.02626229351198037,0.10238304986008201
-0.11630255278252895,0.10227468342801524,0.0262622935781434,0.10238313044902991
-0.11600095328476391,0.10227508255285582,0.02626229364413958,0.10238321083479718
-0.11570011365949665,0.10227548074770065,0.026262293709969478,0.10238329101803448
-0.11540003238087879,0.10227587801502575,0.026262293775633414,0.10238337099914852
-0.1151007073127226,0.10227627435698106,0.026262293841131896,0.10238345077870863
-0.11480213662400997,0.10227666977539047,0.026262293906465305,0.10238353035720286
-0.11450431848372288,0.1022770642720795,0.026262293971634095,0.10238360973511923
-0.11420725075567355,0.10227745784953232,0.026262294036638635,0.1023836889130271
-0.11391093191401361,0.10227785050924991,0.02626229410147932,0.10238376789133315
-0.1136153598225553,0.10227824225372029,0.026262294166156518,0.10238384667060675
-0.1133205323451109,0.10227863308510528,0.02626229423067088,0.10238392525141726
-0.11302644826100168,0.10227902300491135,0.026262294295022526,0.10238400363409003
-0.11273310543403989,0.10227941201530394,0.026262294359211968,0.10238408181919442
-0.11244050142286813,0.10227980011877916,0.026262294423239768,0.10238415980738112
-0.11214863531197734,0.10228018731652026,0.02626229448710614,0.10238423759889415
-0.11185750466001013,0.10228057361135601,0.026262294550811506,0.1023843151943842
-0.11156710763594839,0.10228095900480201,0.02626229461435633,0.10238439259433932
-0.11127744240877409,0.10228134349903334,0.026262294677741112,0.10238446979924751
-0.11098850745263883,0.10228172709589807,0.026262294740965978,0.10238454680951548
-0.11070030063135484,0.102282109797246,0.02626229480403164,0.10238462362571255
-0.1104128201139041,0.10228249160558703,0.02626229486693827,0.10238470024832677
-0.11012606406926852,0.10228287252277841,0.026262294929686396,0.10238477667784616
-0.10984003066643001,0.102283252550365,0.026262294992276454,0.10238485291475875
-0.10955471837954023,0.10228363169055582,0.026262295054708635,0.10238492895947124
-0.10927012507241139,0.10228400994556168,0.026262295116983518,0.10238500481255294
-0.10898624891402545,0.1022843873172658,0.02626229517910148,0.10238508047449194
-0.108703088378534,0.10228476380722351,0.026262295241062904,0.10238515594569488
-0.10842064102457964,0.10228513941830972,0.026262295302868176,0.10238523122681248
-0.10813890593665332,0.10228551415175358,0.026262295364517668,0.10238530631808873
-0.1078578809785673,0.10228588800944466,0.02626229542601171,0.10238538122009302
-0.10757756401413385,0.10228626099393368,0.026262295487350866,0.10238545593339471
-0.10729795351750455,0.10228663310711386,0.026262295548535403,0.10238553045840046
-0.10701904796283103,0.10228700435022015,0.026262295609565684,0.10238560479551696
-0.10674084521392554,0.10228737472613843,0.026262295670442238,0.1023856789453136
-0.10646334343977003,0.10228774423610681,0.026262295731165373,0.10238575290827838
-0.10618654141968577,0.10228811288235475,0.026262295791735345,0.10238582668473666
-0.10591043640714566,0.10228848066711356,0.026262295852152857,0.10238590027542047
-0.10563502779181036,0.1022888475916258,0.02626229591241797,0.10238597368049249
-0.10536031282715275,0.10228921365845613,0.02626229597253126,0.10238604690068474
-0.1050862905976638,0.10228957886918041,0.026262296032492978,0.10238611993624125
-0.10481295896715577,0.10228994322570623,0.026262296092303634,0.1023861927877314
-0.1045403161046106,0.10229030673027319,0.026262296151963488,0.10238626545564317
-0.10426836017901021,0.10229066938446174,0.026262296211473104,0.10238633794046459
-0.10399708966450623,0.10229103119051486,0.026262296270832684,0.10238641024260238
-0.10372650334041993,0.10229139214968543,0.026262296330042602,0.10238648236238186
-0.1034565984602242,0.10229175226488091,0.02626229638910337,0.10238655430053509
-0.10318737380324036,0.10229211153702661,0.026262296448015306,0.1023866260573874
-0.10291882814878968,0.10229246996837198,0.0262622965067786,0.10238669763326413
-0.10265095875034506,0.10229282756116824,0.026262296565394017,0.10238676902889735
-0.10238376469239747,0.10229318431667576,0.02626229662386156,0.10238684024453104
-0.10211724414392884,0.1022935402371489,0.026262296682181798,0.10238691128065325
-0.10185139496875142,0.10229389532451295,0.02626229674035512,0.10238698213783332
-0.10158621594618653,0.10229424958036354,0.026262296798381768,0.1023870528163966
-0.10132170524521605,0.10229460300696011,0.0262622968562622,0.10238712331683113
-0.10105786133999164,0.10229495560557023,0.02626229691399673,0.10238719363954357
-0.10079468209432553,0.1022953073787877,0.026262296971585806,0.10238726378510332
-0.10053216659270868,0.1022956583278831,0.02626229702902961,0.10238733375375438
-0.1002703123937837,0.10229600845479092,0.026262297086328722,0.10238740354614742
-0.10000911797170216,0.1022963577617787,0.02626229714348347,0.10238747316268915
-0.09974858210578538,0.1022967062501213,0.026262297200494153,0.10238754260370492
-0.0994887026598456,0.10229705392208933,0.026262297257361168,0.10238761186976408
-0.0992294784132041,0.10229740077929218,0.026262297314084825,0.102387680961192
-0.09897090753484285,0.10229774682334036,0.026262297370665443,0.10238774987847668
-0.09871298788857406,0.1022980920568412,0.02626229742710367,0.1023878186221875
-0.09845571855888872,0.10229843648074498,0.026262297483399488,0.10238788719256846
-0.09819909771476877,0.10229878009733033,0.026262297539553486,0.10238795559010759
-0.09794312352519613,0.10229912290821393,0.026262297595565913,0.10238802381529291
-0.09768779446432241,0.10229946491534576,0.02626229765143721,0.10238809186853111
-0.09743310870112955,0.1022998061206774,0.026262297707167766,0.10238815975031021
-0.09717906501493884,0.10230014652583003,0.026262297762757764,0.10238822746095556
-0.0969256615747322,0.10230048613242602,0.026262297818207728,0.1023882950009552
-0.09667289654949157,0.10230082494242156,0.02626229787351796,0.10238836237079713
-0.09642076871853825,0.10230116295777421,0.026262297928688786,0.1023884295708067
-0.09616927625085415,0.102301500180111,0.02626229798372053,0.10238849660147195
-0.0959184176205909,0.1023018366110602,0.026262298038613626,0.10238856346319956
-0.0956681916070698,0.10230217225258395,0.02626229809336827,0.10238863015631489
-0.0954185957689334,0.10230250710631347,0.02626229814798504,0.10238869668146862
-0.09516962919067266,0.10230284117421394,0.026262298202464056,0.10238876303890476
-0.09492128973609987,0.10230317445825213,0.026262298256805903,0.1023888292291927
-0.09467357679487566,0.10230350695939838,0.02626229831101063,0.10238889525249509
-0.09442648762047291,0.10230383868028763,0.026262298365078877,0.10238896110954396
-0.09418002129738262,0.10230416962222566,0.02626229841901084,0.10238902680058334
-0.09393417629975638,0.10230449978718516,0.026262298472806835,0.10238909232601992
-0.09368895079657612,0.1023048291764746,0.026262298526467314,0.1023891576863417
-0.09344434326199345,0.10230515779240239,0.02626229857999252,0.10238922288195539
-0.09320035217016001,0.10230548563627984,0.026262298633382846,0.10238928791326767
-0.09295697630039705,0.10230581270975242,0.02626229868663854,0.10238935278060388
-0.09271421351651685,0.10230613901513323,0.026262298739760045,0.1023894174845334
-0.09247206259784069,0.10230646455373762,0.026262298792747753,0.10238948202538155
-0.0922305217133505,0.10230678932754866,0.026262298845601915,0.10238954640363639
-0.09198958994753725,0.10230711333788431,0.02626229889832278,0.1023896106195419
-0.09174926546938288,0.1023074365867304,0.026262298950910805,0.10238967467358612
-0.09150954644786931,0.10230775907574104,0.026262299003366296,0.10238973856625708
-0.09127043166231784,0.10230808080657161,0.026262299055689574,0.10238980229788011
-0.0910319192817104,0.10230840178121241,0.02626229910788103,0.10238986586894326
-0.09079400808536828,0.10230872200098824,0.026262299159940973,0.10238992927977185
-0.09055669685261275,0.10230904146755863,0.0262622992118696,0.10238999253069125
-0.0903199834472561,0.10230936018325185,0.026262299263667417,0.10239005562227083
-0.09008386664861959,0.10230967814906301,0.02626229931533468,0.1023901185548359
-0.08984834493085483,0.10230999536665575,0.02626229936687177,0.10239018132879318
-0.08961341676811346,0.10231031183836291,0.02626229941827894,0.10239024394454935
-0.08937908063454707,0.10231062756551716,0.026262299469556577,0.1023903064025111
-0.08914533530947694,0.10231094254945249,0.026262299520704874,0.10239036870300376
-0.08891217865671534,0.10231125679250616,0.026262299571724455,0.10239043084659671
-0.08867961006592291,0.10231157029568076,0.026262299622615278,0.10239049283345263
-0.08844762740091192,0.10231188306098236,0.026262299673377957,0.10239055466414086
-0.08821622913583395,0.10231219509041853,0.026262299724012693,0.1023906163390681
-0.08798541435517998,0.10231250638499574,0.026262299774519805,0.10239067785847837
-0.08775518153310163,0.10231281694638988,0.026262299824899485,0.10239073922277833
-0.08752552853341115,0.10231312677694711,0.02626229987515237,0.10239080043253737
-0.08729645444059951,0.10231343587767765,0.02626229992527858,0.10239086148799949
-0.08706795772881833,0.10231374425026148,0.02626229997527844,0.10239092238957137
-0.08684003687221918,0.10231405189671468,0.026262300025152268,0.10239098313765971
-0.08661269065012339,0.102314358818051,0.026262300074900324,0.10239104373258984
-0.0863859169263432,0.10231466501662383,0.02626230012452317,0.10239110417493114
-0.08615971509053925,0.1023149704937841,0.02626230017402081,0.10239116446484628
-0.08593408331169348,0.10231527525088403,0.02626230022339376,0.10239122460282328
-0.08570902006395752,0.10231557928994654,0.02626230027264233,0.10239128458926884
-0.08548452382148293,0.10231588261232645,0.02626230032176678,0.10239134442458964
-0.08526059366876072,0.10231618521971478,0.026262300370767353,0.10239140410902967
-0.08503722777477282,0.10231648711381226,0.02626230041964445,0.10239146364307697
-0.0848144249188405,0.10231678829599516,0.02626230046839838,0.1023915230270569
-0.08459218357511537,0.10231708876831154,0.02626230051702946,0.10239158226137614
-0.08437050221774907,0.10231738853180536,0.026262300565537945,0.10239164134644137
-0.08414937962606286,0.10231768758852712,0.02626230061392422,0.10239170028257794
-0.08392881457937804,0.10231798593985812,0.026262300662188407,0.10239175907011121
-0.08370880494150686,0.10231828358785133,0.026262300710331157,0.10239181770961053
-0.08348935010210996,0.1023185805332198,0.026262300758352446,0.10239187620123857
-0.0832704482301693,0.1023188767786895,0.02626230080625274,0.10239193454548338
-0.08305209810500613,0.10231917232497562,0.02626230085403229,0.1023919927426703
-0.0828342982007721,0.10231946717380037,0.026262300901691474,0.10239205079320599
-0.08261704729678845,0.10231976132722283,0.026262300949230485,0.10239210869741583
-0.08240034386720685,0.10232005478629665,0.02626230099664976,0.10239216645570648
-0.08218418669134854,0.10232034755308334,0.026262301043949447,0.10239222406840331
-0.08196857424336515,0.10232063962863854,0.02626230109112997,0.10239228153591301
-0.0817535049974083,0.10232093101502616,0.0262623011381916,0.10239233885864225
-0.08153897803796895,0.102321221713304,0.02626230118513458,0.10239239603683506
-0.08132499153402901,0.10232151172553837,0.026262301231959294,0.10239245307097944
-0.08111154457007948,0.10232180105312506,0.026262301278665943,0.10239250996131943
-0.08089863531510227,0.102322089697461,0.026262301325254964,0.10239256670834303
-0.08068626285358838,0.10232237766028003,0.02626230137172648,0.10239262331229426
-0.0804744253545197,0.10232266494331732,0.026262301418080947,0.10239267977366115
-0.08026312190238721,0.10232295154763695,0.026262301464318554,0.1023927360926877
-0.08005235097134253,0.10232323747497622,0.026262301510439682,0.10239279226978062
-0.07984211134070694,0.10232352272673738,0.026262301556444517,0.10239284830526524
-0.07963240148463208,0.10232380730499634,0.026262301602333383,0.10239290419954825
-0.07942322018243919,0.10232409121082137,0.026262301648106657,0.10239295995295498
-0.07921456590827991,0.10232437444595437,0.02626230169376454,0.10239301556589216
-0.07900643774664522,0.102324657011802,0.026262301739307343,0.10239307103860378
-0.07879883417168669,0.10232493890977187,0.026262301784735386,0.1023931263714965
-0.07859175335238629,0.10232522014194592,0.02626230183004898,0.10239318156505839
-0.07838519467840464,0.10232550070906085,0.02626230187524833,0.1023932366194521
-0.07817915692906303,0.10232578061286413,0.026262301920333683,0.10239329153500298
-0.07797363796817375,0.10232605985544112,0.026262301965305546,0.10239334631228039
-0.07776863718539741,0.10232633843753149,0.026262302010164048,0.10239340095144701
-0.07756415305488562,0.10232661636122287,0.026262302054909453,0.10239345545290954
-0.07736018435595968,0.10232689362759372,0.02626230209954207,0.1023935098169933
-0.0771567295627712,0.10232717023839706,0.02626230214406221,0.102393564044105
-0.07695378745464147,0.1023274461950503,0.02626230218847021,0.10239361813456999
-0.07675135681089178,0.10232772149897172,0.026262302232766252,0.10239367208871358
-0.07654943671601308,0.10232799615158078,0.026262302276950648,0.10239372590677984
-0.07634802533898732,0.10232827015463498,0.02626230232102366,0.10239377958925676
-0.07614712115396612,0.10232854350955593,0.02626230236498567,0.10239383313655102
-0.07594672385577977,0.10232881621742893,0.02626230240883681,0.10239388654874398
-0.07574683130824056,0.1023290882803521,0.02626230245257752,0.102393939826405
-0.07554744259583944,0.1023293596994129,0.026262302496207913,0.10239399296977808
-0.07534855649789769,0.10232963047603692,0.0262623025397284,0.10239404597918857
-0.07515017148856694,0.10232990061198843,0.02626230258313915,0.10239409885504315
-0.07495228665233813,0.10233017010835767,0.026262302626440494,0.10239415159758586
-0.0747549004633629,0.10233043896691103,0.026262302669632743,0.10239420420722335
-0.07455801170096253,0.10233070718907838,0.02626230271271615,0.102394256684281
-0.0743616191444583,0.10233097477595297,0.02626230275569092,0.10239430902908414
-0.0741657215731715,0.10233124172930434,0.026262302798557423,0.10239436124195814
-0.07397031746125375,0.1023315080505655,0.026262302841315976,0.10239441332330965
-0.07377540619836569,0.10233177374117043,0.026262302883966648,0.10239446527330139
-0.07358098625865891,0.10233203880221625,0.026262302926509818,0.10239451709234001
-0.07338705581111539,0.10233230323581474,0.02626230296894587,0.10239456878091355
-0.07319361455056542,0.10233256704272717,0.026262303011274867,0.10239462033910335
-0.07300066064599092,0.1023328302247295,0.026262303053497197,0.10239467176739743
-0.07280819287671321,0.10233309278326087,0.026262303095613164,0.10239472306612114
-0.07261621032722325,0.10233335471976142,0.026262303137622973,0.10239477423551849
-0.07242471147167263,0.10233361603533411,0.026262303179527,0.10239482527599617
-0.07223369539455234,0.10233387673175921,0.026262303221325313,0.10239487618779818
-0.07204316087518366,0.10233413681014163,0.026262303263018226,0.10239492697124988
-0.07185310638771819,0.10233439627192549,0.026262303304606178,0.10239497762675796
-0.07166353101664691,0.10233465511889424,0.026262303346089252,0.10239502815456643
-0.07147443323612143,0.10233491335215575,0.026262303387467812,0.10239507855508198
-0.07128581213063272,0.10233517097315718,0.026262303428742056,0.10239512882854859
-0.07109766647950205,0.10233542798334663,0.026262303469912242,0.10239517897529167
-0.07090999475688106,0.1023356843838348,0.02626230351097881,0.10239522899571785
-0.07072279635243037,0.10233594017641025,0.0262623035519417,0.10239527888998984
-0.07053606912996224,0.10233619536252433,0.026262303592801548,0.10239532865867698
-0.07034981308947667,0.10233644994295178,0.02626230363355829,0.10239537830177928
-0.0701640263999556,0.10233670391948442,0.026262303674212305,0.10239542781978477
-0.06997870784072031,0.10233695729357632,0.02626230371476392,0.10239547721301878
-0.06979385619109212,0.10233721006634378,0.026262303755213316,0.10239552648180666
-0.06960947053556193,0.10233746223958182,0.026262303795560816,0.10239557562639245
-0.0694255496534511,0.10233771381406961,0.026262303835806543,0.10239562464710149
-0.06924209232408088,0.1023379647916042,0.02626230387595089,0.1023956735442591
-0.06905909732677255,0.10233821517330552,0.026262303915994042,0.10239572231819066
-0.06887656344084744,0.1023384649606336,0.026262303955936244,0.10239577096922152
-0.06869448975079648,0.10233871415504947,0.026262303995777832,0.10239581949759569
-0.06851287442560161,0.10233896275801503,0.026262304035519053,0.10239586790380116
-0.06833171746526284,0.10233921077031488,0.02626230407516003,0.10239591618783797
-0.06815101642842274,0.10233945819409139,0.026262304114701214,0.1023959643503568
-0.06797077162025099,0.10233970502979142,0.02626230415414254,0.10239601239127633
-0.0677909802942205,0.1023399512795596,0.026262304193484704,0.10239606031132856
-0.06761164245033124,0.10234019694418378,0.026262304232727587,0.10239610811051353
-0.06743275686790452,0.10234044202513173,0.026262304271871505,0.10239615578915658
-0.06725432171592229,0.10234068652421181,0.02626230431091683,0.10239620334774571
-0.06707633638404516,0.10234093044187492,0.02626230434986377,0.10239625078644361
-0.06689879965159444,0.10234117378027087,0.026262304388712573,0.10239629810557564
-0.06672171029789141,0.10234141654019192,0.02626230442746342,0.10239634530546715
-0.06654506710225735,0.10234165872345044,0.026262304466116704,0.10239639238644346
-0.06636886914918326,0.1023419003308403,0.026262304504672488,0.10239643934874862
-0.06619311552316007,0.10234214136383592,0.026262304543131085,0.10239648619262662
-0.06601780469833941,0.10234238182391271,0.026262304581492826,0.10239653291848413
-0.06584293545404257,0.10234262171220705,0.026262304619757884,0.10239657952664655
-0.06566850748509986,0.10234286102985622,0.026262304657926398,0.10239662601719517
-0.06549451865532353,0.10234309977867846,0.026262304695998814,0.10239667239069936
-0.06532096835437426,0.10234333795981294,0.026262304733975252,0.10239671864732182
-0.06514785566674297,0.10234357557405947,0.026262304771855968,0.10239676478730653
-0.06497517937175099,0.1023438126232396,0.026262304809641163,0.10239681081097886
-0.0648029379435499,0.1023440491085032,0.026262304847331216,0.10239685671874549
-0.06463113046663069,0.10234428503134772,0.026262304884926306,0.10239690251085044
-0.06445975633065398,0.10234452039259102,0.026262304922426573,0.10239694818745637
-0.06428881400977139,0.10234475519407266,0.026262304959832332,0.10239699374896997
-0.06411830258847391,0.10234498943661194,0.02626230499714383,0.10239703919563528
-0.06394822084608279,0.10234522312170977,0.02626230503436134,0.1023970845277776
-0.06377856786708902,0.10234545625052731,0.02626230507148497,0.10239712974564098
-0.06360934212564422,0.10234568882456709,0.02626230510851511,0.1023971748496321
-0.063440543011409,0.10234592084533255,0.02626230514545189,0.10239721983991361
-0.06327216960887436,0.10234615231330585,0.026262305182295564,0.10239726471672955
-0.06310422008702221,0.10234638323067335,0.026262305219046447,0.10239730948056794
-0.0629366941406829,0.10234661359791859,0.026262305255704672,0.1023973541315101
-0.06276959024400801,0.1023468434168889,0.026262305292270482,0.10239739866996274
-0.0626029077866582,0.10234707268841003,0.026262305328744143,0.10239744309608852
-0.0624366449376154,0.10234730141433107,0.02626230536512597,0.10239748741037547
-0.06227080169687961,0.10234752959513811,0.026262305401415966,0.10239753161282358
-0.06210537592826309,0.102347757232682,0.026262305437614576,0.10239757570400222
-0.061940367326596156,0.1023479843281322,0.02626230547372198,0.10239761968399273
-0.061775774671200094,0.10234821088231802,0.02626230550973832,0.10239766355312045
-0.061611596436226525,0.10234843689709264,0.026262305545663972,0.10239770731179208
-0.06144783231650577,0.10234866237362808,0.026262305581499,0.10239775096008895
-0.06128448078618943,0.10234888731241432,0.026262305617243787,0.10239779449841774
-0.06112154092976847,0.10234911171564846,0.026262305652898454,0.10239783792702248
-0.06095901183173388,0.10234933558416326,0.026262305688463265,0.10239788124614715
-0.060796892271406916,0.10234955891913351,0.026262305723938405,0.10239792445611713
-0.06063518133327857,0.10234978172173471,0.0262623057593242,0.10239796755717642
-0.060473878101839795,0.10235000399314305,0.026262305794620706,0.10239801054956904
-0.060312981051242213,0.10235022573521863,0.026262305829828372,0.10239805343370167
-0.06015248957114646,0.10235044694845609,0.026262305864947322,0.10239809620973697
-0.05999240305121318,0.10235066763403383,0.026262305899977623,0.10239813887783765
-0.059832719660424305,0.10235088779381436,0.026262305934919725,0.1023981814384917
-0.05967343848327081,0.10235110742863601,0.026262305969773806,0.10239822389194315
-0.05951455890941333,0.10235132654002115,0.026262306004540003,0.10239826623835467
-0.05935607971817316,0.10235154512846768,0.026262306039218575,0.10239830847805162
-0.05919799999404126,0.10235176319584133,0.02626230607380977,0.10239835061127799
-0.059040318821508606,0.1023519807429831,0.02626230610831371,0.1023983926382778
-0.0588830346747268,0.10235219777141848,0.02626230614273085,0.10239843455945774
-0.05872614724852617,0.10235241428198988,0.026262306177061125,0.10239847637489916
-0.058569655017058325,0.10235263027622438,0.026262306211304917,0.10239851808500872
-0.0584135573699839,0.10235284575496569,0.026262306245462348,0.10239855968994911
-0.058257853086624206,0.10235306071974234,0.026262306279533743,0.10239860119004568
-0.05810254094630051,0.10235327517174168,0.026262306313519355,0.10239864258562378
-0.057947620643843144,0.10235348911180936,0.02626230634741918,0.10239868387676475
-0.05779309065340372,0.10235370254113405,0.026262306381233603,0.10239872506387526
-0.057638949754303524,0.10235391546158965,0.02626230641496288,0.10239876614728069
-0.057485197946542554,0.10235412787333929,0.026262306448607015,0.102398807126981
-0.05733183339910274,0.10235433977825852,0.02626230648216644,0.10239884800346424
-0.057178855196475066,0.10235455117719641,0.026262306515641296,0.10239888877697442
-0.057026262728320155,0.10235476207168773,0.02626230654903177,0.10239892944767422
-0.05687405477395931,0.10235497246258286,0.026262306582338055,0.10239897001588896
-0.05672223041788348,0.10235518235107546,0.026262306615560456,0.10239901048186269
-0.05657078843941398,0.1023553917383599,0.026262306648699118,0.10239905084592074
-0.05641972853338111,0.10235560062563126,0.026262306681754225,0.10239909110814444
-0.05626904917393649,0.10235580901408523,0.026262306714726097,0.1023991312689405
-0.05611874944557109,0.10235601690457563,0.026262306747614792,0.1023991713285529
-0.05596882873794555,0.10235622429864236,0.026262306780420634,0.10239921128714435
-0.055819285830381156,0.10235643119714048,0.026262306813143812,0.10239925114504017
-0.055670119502199196,0.10235663760161148,0.026262306845784525,0.10239929090256573
-0.05552132944823,0.10235684351291176,0.026262306878342946,0.10239933055980235
-0.05537291444779485,0.10235704893189829,0.026262306910819284,0.1023993701170754
-0.05522487328021504,0.10235725386011471,0.026262306943213843,0.1023994095747102
-0.0550772053351512,0.10235745829876243,0.0262623069755267,0.10239944893286947
-0.054929909391924645,0.10235766224870044,0.026262307007758164,0.1023994881918785
-0.054782984840195996,0.10235786571113145,0.026262307039908367,0.10239952735190001
-0.05463643045928655,0.10235806868725897,0.026262307071977572,0.10239956641325934
-0.05449024533368727,0.10235827117828716,0.02626230710396595,0.10239960537620049
-0.05434442885305881,0.10235847318507757,0.0262623071358737,0.10239964424088616
-0.05419897979672245,0.10235867470883565,0.026262307167701022,0.10239968300764166
-0.05405389724916916,0.10235887575076767,0.02626230719944816,0.10239972167671102
-0.053909180600059586,0.10235907631173703,0.026262307231115188,0.10239976024825694
-0.05376482832354533,0.1023592763932948,0.026262307262702542,0.10239979872268606
-0.053620840114456725,0.10235947599630578,0.026262307294210224,0.10239983710007976
-0.05347721444694537,0.10235967512197891,0.026262307325638556,0.1023998753808447
-0.0533339510158416,0.10235987377118026,0.0262623073569876,0.10239991356506223
-0.0531910486004667,0.10236007194512006,0.02626230738825767,0.10239995165305771
-0.05304850659048131,0.10236026964466559,0.026262307419448908,0.10239998964499378
-0.05290632346003705,0.10236046687171597,0.026262307450561552,0.10240002754127715
-0.05276449890396422,0.10236066362645226,0.026262307481595797,0.10240006534198916
-0.05262303170158414,0.10236085991043127,0.02626230751255178,0.10240010304745514
-0.05248192093738775,0.10236105572452277,0.026262307543429803,0.10240014065791914
-0.05234116569586603,0.10236125107028508,0.02626230757423001,0.10240017817362512
-0.05220076536667963,0.10236144594824537,0.026262307604952583,0.10240021559473579
-0.0520607190343195,0.10236164035961924,0.026262307635597715,0.10240025292149517
-0.05192102547810693,0.1023618343056231,0.026262307666165597,0.10240029015422858
-0.05178168408770258,0.10236202778712983,0.02626230769665648,0.1024003272930987
-0.05164269364242773,0.10236222080570133,0.0262623077270705,0.1024003643384309
-0.05150405353194302,0.10236241336186766,0.02626230775740791,0.10240040129038784
-0.051365763145909106,0.10236260545684775,0.026262307787668762,0.10240043814913219
-0.051227821263647264,0.102362797091517,0.02626230781785339,0.10240047491498933
-0.05109022666447879,0.10236298826744003,0.02626230784796197,0.10240051158828456
-0.050952979043233995,0.10236317898549362,0.02626230787799464,0.10240054816909924
-0.050816077179234184,0.10236336924655505,0.02626230790795172,0.10240058465775874
-0.05067952076730967,0.10236355905150205,0.026262307937833136,0.10240062105434437
-0.05054330828161207,0.10236374840190215,0.026262307967639276,0.10240065735926282
-0.05040743880663234,0.10236393729863447,0.026262307997370404,0.10240069357275812
-0.05027191203720082,0.10236412574257872,0.02626230802702657,0.1024007296949116
-0.05013672675263878,0.10236431373495986,0.026262308056607963,0.10240076572604859
-0.05000188203743719,0.1023645012766588,0.026262308086114853,0.10240080166641312
-0.049867377586426384,0.10236468836855707,0.02626230811554729,0.10240083751608653
-0.049733211873757954,0.10236487501222621,0.02626230814490553,0.10240087327547549
-0.049599384289092566,0.10236506120854914,0.026262308174189904,0.10240090894474269
-0.04946589391692117,0.10236524695806429,0.0262623082034004,0.10240094452413215
-0.04933274014690442,0.10236543226234532,0.026262308232537272,0.10240098001380651
-0.049199921758363595,0.10236561712227682,0.02626230826160072,0.10240101541409116
-0.049067438140959346,0.10236580153908889,0.02626230829059099,0.10240105072514874
-0.048935288379182644,0.10236598551332231,0.02626230831950815,0.1024010859472233
-0.048803471557524444,0.10236616904620843,0.02626230834835246,0.10240112108055882
-0.04867198737081507,0.10236635213863421,0.026262308377123973,0.10240115612523663
-0.04854083429320615,0.10236653479217989,0.026262308405823075,0.10240119108166346
-0.048410012019527986,0.10236671700705378,0.026262308434449766,0.1024012259499206
-0.04827951932910188,0.10236689878484677,0.026262308463004307,0.10240126073033343
-0.0481493550012491,0.10236708012680516,0.026262308491487002,0.10240129542322729
-0.048019519341139356,0.10236726103313999,0.026262308519897803,0.10240133002852085
-0.04789001082292423,0.10236744150544386,0.026262308548237023,0.10240136454662077
-0.04776082853109471,0.10236762154461929,0.02626230857650485,0.1024013989777711
-0.04763197155014174,0.10236780115191486,0.026262308604701474,0.10240143332221582
-0.04750343988006534,0.10236798032788863,0.026262308632826966,0.10240146757995497
-0.04737523168984743,0.10236815907379013,0.02626230866088164,0.10240150175147653
-0.04724734697948802,0.1023683373905238,0.026262308688865494,0.10240153583678051
-0.04711978422313872,0.10236851527934036,0.026262308716778975,0.1024015698362736
-0.046992543115629844,0.10236869274079967,0.02626230874462202,0.10240160375003715
-0.04686562304662204,0.10236886977615332,0.02626230877239482,0.10240163757823383
-0.04673902218509724,0.10236904638665356,0.02626230880009776,0.10240167132135165
-0.04661274083622513,0.10236922257286168,0.026262308827730774,0.1024017049793093
-0.04648677777932699,0.10236939833603095,0.026262308855294177,0.10240173855243209
-0.04636113209889379,0.10236957367706936,0.0262623088827881,0.10240177204096407
-0.04623580287941649,0.10236974859688538,0.026262308910212803,0.10240180544514924
-0.046110789815725424,0.10236992309673383,0.026262308937568337,0.10240183876506892
-0.04598609138197219,0.10237009717752425,0.02626230896485496,0.10240187200112981
-0.0458617075781568,0.10237027083982059,0.026262308992072807,0.10240190515333192
-0.045737637183600535,0.10237044408487925,0.02626230901922207,0.10240193822200057
-0.04561387958796404,0.10237061691395719,0.026262309046302806,0.10240197120729846
-0.04549043357056861,0.10237078932761974,0.02626230907331546,0.10240200410955096
-0.04536729882624456,0.10237096132712495,0.026262309100259906,0.10240203692883935
-0.04524447474465254,0.10237113291303895,0.026262309127136466,0.10240206966532635
-0.04512195979994415,0.10237130408696711,0.02626230915394533,0.10240210231941863
-0.044999753992119404,0.10237147484913017,0.026262309180686557,0.10240213489111619
-0.04487785579532991,0.10237164520113456,0.02626230920736047,0.10240216738082572
-0.04475626490440598,0.10237181514354825,0.026262309233967128,0.10240219978862855
-0.044634980403838585,0.10237198467763242,0.02626230926050673,0.1024022321147687
-0.044514001683288375,0.10237215380395588,0.026262309286979462,0.10240226435940886
-0.04439332782724631,0.10237232252378087,0.02626230931338545,0.10240229652279301
-0.04427295822537304,0.10237249083802355,0.026262309339724888,0.10240232860508383
-0.04415289165698986,0.10237265874760068,0.02626230936599803,0.1024023606066067
-0.04403312812209675,0.10237282625308278,0.02626230939220481,0.10240239252736158
-0.04391366609484533,0.10237299335608066,0.026262309418345682,0.10240242436775518
-0.04379450527006593,0.10237316005716586,0.026262309444420567,0.10240245612786883
-0.04367564473224951,0.10237332635725702,0.0262623094704298,0.10240248780794656
-0.043557083871056716,0.10237349225727314,0.026262309496373436,0.10240251940815101
-0.04343882177097851,0.10237365775848055,0.026262309522251663,0.10240255092872622
-0.04332085751650587,0.10237382286145244,0.02626230954806474,0.1024025823699162
-0.0432031908024691,0.10237398756710926,0.026262309573812738,0.10240261373180226
-0.04308582071335919,0.10237415187671887,0.02626230959949583,0.10240264501462845
-0.04296874633366708,0.10237431579085575,0.02626230962511416,0.10240267621863876
-0.042851967053053434,0.10237447931044173,0.02626230965066798,0.10240270734399587
-0.04273548195600921,0.10237464243674622,0.026262309676157343,0.1024027383909438
-0.04261929012702538,0.1023748051706921,0.026262309701582585,0.10240276935972654
-0.04250339156610194,0.10237496751285556,0.026262309726943687,0.10240280025034411
-0.042387785052560176,0.10237512946416032,0.026262309752240854,0.10240283106312184
-0.04227246997606073,0.1023752910255305,0.026262309777474204,0.10240286179822244
-0.04215744511592491,0.10237545219823813,0.02626230980264413,0.10240289245597123
-0.042042710472152696,0.10237561298286096,0.02626230982775049,0.10240292303636819
-0.04192826512923506,0.10237577338032472,0.026262309852793552,0.1024029535396574
-0.0418141078664933,0.10237593339190272,0.02626230987777363,0.10240298396616414
-0.041700238683927394,0.10237609301782681,0.026262309902690593,0.10240301431588844
-0.041586656055688974,0.10237625225971876,0.026262309927544896,0.10240304458923699
-0.04147335998177803,0.10237641111781112,0.02626230995233646,0.10240307478620979
-0.041360349546685535,0.10237656959337925,0.026262309977065555,0.10240310490705085
-0.04124762352973277,0.10237672768735151,0.026262310001732424,0.1024031349520855
-0.041135181930919744,0.10237688540065676,0.026262310026337013,0.10240316492131375
-0.041023023529567736,0.10237704273387666,0.0262623100508797,0.10240319481506098
-0.040911147715337395,0.10237719968828857,0.026262310075360486,0.10240322463348983
-0.04079955387788937,0.10237735626447501,0.02626231009977962,0.10240325437676298
-0.04068824171205397,0.1023775124633666,0.02626231012413705,0.10240328404496177
-0.040577209691982814,0.10237766828589435,0.026262310148433207,0.1024033136384929
-0.04046645751250623,0.10237782373298993,0.02626231017266817,0.10240334315743768
-0.040355984868454535,0.10237797880523737,0.02626231019684193,0.10240337260187747
-0.04024579023397934,0.10237813350391697,0.02626231022095486,0.10240340197221895
-0.04013587330391096,0.10237828782996171,0.026262310245007043,0.10240343126854347
-0.04002623346791005,0.10237844178395701,0.026262310268998536,0.10240346049101368
-0.03991687011563725,0.10237859536648858,0.02626231029292959,0.10240348963979226
-0.03980778202641385,0.10237874857918672,0.026262310316800392,0.10240351871520458
-0.03969896920023985,0.10237890142228996,0.02626231034061096,0.10240354771725062
-0.039590430416436534,0.1023790538970816,0.026262310364361524,0.10240357664625574
-0.03948216536983423,0.10237920600414907,0.026262310388052226,0.10240360550230126
-0.039374173144923905,0.10237935774442831,0.02626231041168326,0.1024036342856312
-0.039266453131366195,0.1023795091185076,0.02626231043525468,0.10240366299640827
-0.0391590041084824,0.10237966012802029,0.026262310458766817,0.10240369163495776
-0.03905182638144219,0.10237981077285892,0.026262310482219595,0.10240372020119837
-0.03894491872956686,0.10237996105465788,0.026262310505613208,0.10240374869545545
-0.03883828054251704,0.10238011097365869,0.026262310528947907,0.10240377711789166
-0.038731910904783715,0.10238026053114838,0.026262310552223896,0.102403805468751
-0.0386258095111972,0.10238040972771761,0.026262310575441098,0.10240383374811485
-0.03851997514107878,0.10238055856465443,0.026262310598599965,0.10240386195630852
-0.03841440809959813,0.10238070704185323,0.02626231062170025,0.10240389009325068
-0.038309106860906876,0.10238085516130006,0.026262310644742378,0.10240391815934805
-0.03820407111983532,0.10238100292289001,0.026262310667726437,0.1024039461546819
-0.03809929965570477,0.10238115032826164,0.026262310690652657,0.10240397407957766
-0.03799479246851521,0.10238129737765932,0.026262310713521062,0.10240400193403526
-0.0378905489479273,0.10238144407202521,0.026262310736331767,0.10240402971821742
-0.03778656787326232,0.10238159041230181,0.026262310759085087,0.10240405743244947
-0.03768284893935059,0.10238173639908338,0.026262310781780963,0.10240408507681276
-0.037579391535852755,0.10238188203366216,0.02626231080441965,0.10240411265146994
-0.037476194442090105,0.10238202731663319,0.026262310827001405,0.10240414015674638
-0.03737325796323232,0.1023821722485919,0.026262310849526092,0.10240416759256074
-0.03727058057343101,0.10238231683083193,0.026262310871994106,0.10240419495931971
-0.037168161967516496,0.10238246106360051,0.026262310894405436,0.10240422225710462
-0.03706600153514942,0.10238260494819217,0.026262310916760342,0.10240424948607814
-0.03696409866599043,0.10238274848485483,0.026262310939058824,0.10240427664640296
-0.03686245244453049,0.10238289167523308,0.026262310961301202,0.10240430373832307
-0.036761062565599925,0.10238303451957557,0.026262310983487466,0.10240433076191983
-0.036659928113689705,0.10238317701882965,0.02626231100561782,0.10240435771743725
-0.036559048783630144,0.10238331917359375,0.026262311027692383,0.10240438460495664
-0.03645842335474253,0.10238346098481592,0.026262311049711416,0.10240441142480339
-0.03635805182702687,0.10238360245344479,0.026262311071674784,0.10240443817697746
-0.03625793297980446,0.10238374358042932,0.02626231109358294,0.10240446486180424
-0.0361580665079056,0.1023838843660202,0.026262311115435873,0.10240449147936502
-0.03605845210616063,0.1023840248111672,0.026262311137233596,0.10240451802974118
-0.03595908824872115,0.10238416491717003,0.026262311158976558,0.10240454451333939
-0.03585997524075685,0.10238430468428036,0.02626231118066461,0.1024045709300783
-0.03576111186158901,0.10238444411344923,0.02626231120229803,0.10240459728028328
-0.035662497500878264,0.1023845832056282,0.026262311223876927,0.102404623564117
-0.03556413154828528,0.10238472196141954,0.026262311245401508,0.10240464978174213
-0.035466013698640365,0.10238486038177556,0.02626231126687176,0.10240467593324001
-0.035368143341604166,0.10238499846695244,0.02626231128828788,0.10240470201877332
-0.035270519256497976,0.10238513621861145,0.026262311309650125,0.10240472803866739
-0.035173141443321794,0.10238527363701617,0.02626231133095849,0.10240475399292223
-0.03507600929173625,0.1023854107227802,0.026262311352213047,0.10240477988170052
-0.03497912127589298,0.10238554747721695,0.02626231137341423,0.10240480570540895
-0.03488247800613132,0.10238568390059088,0.02626231139456179,0.10240483146388484
-0.034786077956602886,0.10238581999421614,0.026262311415656235,0.10240485715753486
-0.034689921127307684,0.10238595575835772,0.02626231143669738,0.10240488278635904
-0.03459400660273667,0.10238609119398055,0.026262311457685535,0.10240490835060138
-0.0344983337725505,0.10238622630205009,0.026262311478620768,0.10240493385042454
-0.03440290202640981,0.10238636108318201,0.026262311499503276,0.10240495928599122
-0.03430771075397525,0.10238649553834239,0.026262311520333172,0.10240498465746407
-0.03421275965007713,0.10238662966779748,0.026262311541110465,0.10240500996492445
-0.034118047494036755,0.10238676347286406,0.026262311561835536,0.1024050352086977
-0.03402357398068444,0.10238689695415908,0.026262311582508326,0.10240506038886515
-0.0339293388048505,0.10238703011229974,0.026262311603129012,0.10240508550550814
-0.03383534105102592,0.10238716294825376,0.02626231162369774,0.1024051105588707
-0.033741580414041,0.10238729546228867,0.026262311644214564,0.10240513554903413
-0.03364805567321705,0.10238742765607337,0.02626231166467974,0.10240516047632381
-0.03355476682855405,0.10238755952952575,0.026262311685093326,0.10240518534073974
-0.03346171326971265,0.10238769108361478,0.026262311705455454,0.10240521014244458
-0.033368894081183834,0.10238782231930979,0.026262311725766256,0.10240523488168235
-0.03327630865262823,0.10238795323758054,0.026262311746025915,0.10240525955861572
-0.03318395698404583,0.10238808383834576,0.026262311766234434,0.1024052841732447
-0.03309183754958826,0.10238821412327667,0.026262311786392135,0.10240530872597596
-0.0329999506544252,0.10238834409264305,0.02626231180649895,0.10240533321672818
-0.032908295383047605,0.10238847374706529,0.02626231182655507,0.10240535764574536
-0.03281687081994645,0.10238860308751477,0.02626231184656076,0.10240538201327151
-0.03272567665995205,0.1023887321149631,0.026262311866515942,0.10240540631938799
-0.03263471259789473,0.10238886082968107,0.02626231188642087,0.10240543056417611
-0.032543977718265456,0.10238898923264102,0.026262311906275558,0.1024054547478799
-0.032453471410724875,0.10238911732446478,0.026262311926080313,0.10240547887066204
-0.032363193370103314,0.10238924510612538,0.02626231194583508,0.10240550293260382
-0.03227314268089173,0.10238937257824535,0.026262311965540037,0.10240552693394932
-0.032183318732750765,0.10238949974144751,0.026262311985195456,0.10240555087486117
-0.03209372183085011,0.1023896265963549,0.026262312004801194,0.10240557475525804
-0.03200435014417168,0.10238975314429269,0.02626231202435764,0.10240559857562795
-0.03191520397788517,0.10238987938518276,0.026262312043864672,0.1024056223358896
-0.03182628241648154,0.10239000532035102,0.026262312063322656,0.10240564603628695
-0.03173758484962144,0.10239013095042167,0.026262312082731543,0.1024056696769827
-0.031649110666965505,0.1023902562760193,0.02626231210209159,0.10240569325813953
-0.03156085986851374,0.10239038129776874,0.026262312121402783,0.10240571677975742
-0.0314728315387571,0.10239050601629512,0.026262312140665264,0.1024057402420804
-0.03138502476218657,0.10239063043257488,0.026262312159879207,0.10240576364535249
-0.031297439233632464,0.10239075454758494,0.026262312179044817,0.102405786989655
-0.0312100746479251,0.10239087836124891,0.026262312198162028,0.10240581027506929
-0.03112293008955545,0.10239100187524675,0.026262312217231156,0.10240583350183935
-0.031036005253353833,0.10239112508950247,0.026262312236252135,0.10240585667004654
-0.0309492995289809,0.1023912480049942,0.02626231225522523,0.10240587977985352
-0.030862812306097286,0.10239137062234901,0.02626231227415049,0.10240590283142298
-0.030776542974363642,0.10239149294254578,0.02626231229302805,0.10240592582491757
-0.030690491228610287,0.10239161496586068,0.02626231231185798,0.10240594876041866
-0.030604656153328188,0.10239173669327316,0.02626231233064052,0.10240597163817022
-0.03051903744334767,0.10239185812576294,0.026262312349375747,0.10240599445825363
-0.03043363479349905,0.1023919792632556,0.026262312368063652,0.1024060172207502
-0.03034844698310362,0.10239210010743449,0.02626231238670456,0.10240603992598529
-0.03026347401216138,0.10239222065822566,0.02626231240529847,0.1024060625739589
-0.030178715270332973,0.10239234091625841,0.026262312423845503,0.1024060851648337
-0.030094170147279047,0.10239246088286569,0.026262312442345795,0.10240610769877237
-0.03000983803266024,0.10239258055832579,0.026262312460799467,0.10240613017593758
-0.0299257183161372,0.10239269994362066,0.02626231247920665,0.102406152596492
-0.02984181069254025,0.10239281903902904,0.026262312497567466,0.10240617496051697
-0.029758114856699713,0.10239293784518169,0.02626231251588186,0.10240619726809386
-0.029674629587936874,0.10239305636341328,0.026262312534150213,0.10240621951954797
-0.029591354886251735,0.10239317459400332,0.026262312552372512,0.10240624171487932
-0.02950829014130494,0.10239329253723158,0.026262312570548837,0.10240626385425058
-0.029425434437587456,0.10239341019443367,0.026262312588679435,0.10240628593790577
-0.029342787775099282,0.10239352756624184,0.026262312606764305,0.10240630796584489
-0.029260349238331387,0.1023936446529366,0.02626231262480364,0.10240632993831195
-0.02917811852211409,0.10239376145515058,0.026262312642797443,0.1024063518553883
-0.02909609532127772,0.1023938779738688,0.0262623126607459,0.10240637371715523
-0.029014278415143552,0.10239399421007665,0.026262312678649206,0.10240639552393815
-0.028932668108881277,0.10239411016370342,0.02626231269650729,0.10240641727565569
-0.02885126318181218,0.10239422583573514,0.026262312714320418,0.10240643897263321
-0.028770063633936253,0.1023943412268058,0.02626231273208858,0.10240646061487069
-0.028689068549744474,0.10239445633790199,0.026262312749812035,0.10240648220261217
-0.02860827762406716,0.10239457116930618,0.02626231276749085,0.10240650373593896
-0.028527690551734635,0.10239468572165326,0.02626231278512502,0.10240652521493243
-0.028447306112068187,0.10239479999593065,0.026262312802714866,0.1024065466399179
-0.02836712461023749,0.10239491399242152,0.02626231282026026,0.10240656801081405
-0.028287145130733517,0.10239502771211391,0.026262312837761516,0.10240658932786488
-0.028207367063216908,0.10239514115564385,0.02626231285521864,0.10240661059123307
-0.028127790407687665,0.10239525432329523,0.026262312872631696,0.10240663180091863
-0.028048413943467073,0.10239536721605697,0.026262312890001,0.1024066529572469
-0.027969237670555137,0.10239547983456586,0.026262312907326425,0.10240667406021786
-0.027890260978612497,0.10239559217945907,0.026262312924608223,0.10240669510999423
-0.0278114832572998,0.1023957042510213,0.02626231294184646,0.10240671610673864
-0.02773290420144737,0.10239581605059533,0.026262312959041263,0.10240673705053245
-0.027654523200715847,0.10239592757811385,0.0262623129761927,0.10240675794153833
-0.027576339644765878,0.1023960388345676,0.02626231299330096,0.10240677877991897
-0.02749835292325811,0.102396149820595,0.0262623130103661,0.10240679956583701
-0.027420563036192534,0.10239626053683472,0.026262313027388188,0.10240682029929249
-0.027342969068060125,0.10239637098392569,0.02626231304436742,0.10240684098052939
-0.027265570713691203,0.10239648116250713,0.026262313061303853,0.10240686160962906
-0.02718836736274641,0.10239659107321857,0.026262313078197555,0.10240688218675417
-0.02711135871005607,0.10239670071634682,0.02626231309504871,0.10240690271198608
-0.02703454414528083,0.10239681009323764,0.02626231311185739,0.10240692318548743
-0.02695792305808133,0.10239691920382549,0.026262313128623725,0.10240694360742092
-0.026881495143287894,0.10239702804910382,0.026262313145347767,0.10240696397786787
-0.026805259790561163,0.10239713662971342,0.026262313162029715,0.10240698429699097
-0.02672921638956179,0.1023972449462953,0.02626231317866963,0.10240700456495289
-0.026653364940289765,0.10239735299913783,0.026262313195267572,0.10240702478175362
-0.02657770452723606,0.10239746078923556,0.026262313211823683,0.10240704494763718
-0.026502235150400677,0.10239756831687728,0.026262313228338004,0.10240706506260358
-0.0264269555891049,0.10239767558305812,0.026262313244810747,0.10240708512697815
-0.026351865538179052,0.10239778258842049,0.026262313261242093,0.10240710514084223
-0.026276964997623133,0.10239788933325389,0.026262313277631913,0.10240712510419583
-0.02620225335709779,0.10239799581820111,0.026262313293980405,0.10240714501720163
-0.026127730006263665,0.10239810204390527,0.026262313310287756,0.1024071648800223
-0.026053394334781405,0.10239820801136301,0.026262313326553963,0.1024071846928205
-0.025979246037481328,0.10239831372051143,0.026262313342779224,0.10240720445567758
-0.02590528450402408,0.10239841917270105,0.02626231335896354,0.10240722416875621
-0.025831509734409664,0.10239852436786931,0.026262313375107087,0.10240724383205639
-0.025757920507959362,0.10239862930701399,0.026262313391209942,0.10240726344590348
-0.02568451682467318,0.10239873399077978,0.026262313407272232,0.10240728301029746
-0.02561129837938144,0.10239883841945817,0.026262313423294017,0.10240730252531968
-0.025538264256575106,0.10239894259404776,0.026262313439275424,0.10240732199121416
-0.0254654141510845,0.10239904651484052,0.026262313455216648,0.10240734140806224
-0.025392747757739947,0.10239915018248208,0.026262313471117554,0.10240736077594523
-0.02532026446620209,0.10239925359761846,0.026262313486978474,0.10240738009502581
-0.025247963666131572,0.10239935676089577,0.026262313502799457,0.10240739936546668
-0.02517584535752839,0.10239945967296045,0.02626231351858045,0.10240741858726782
-0.02510390862488352,0.10239956233410558,0.026262313534321763,0.10240743776067325
-0.025032153468196955,0.10239966474533178,0.02626231355002334,0.10240745688568297
-0.02496057897195966,0.10239976690693252,0.026262313565685362,0.10240747596254099
-0.024889184525832286,0.10239986881990899,0.02626231358130797,0.10240749499140997
-0.024817970434984505,0.1023999704842027,0.026262313596891153,0.1024075139722086
-0.024746935783907287,0.10240007190082176,0.026262313612435043,0.10240753290518087
-0.024676080267430952,0.10240017307006799,0.026262313627939765,0.10240755179040813
-0.024605402970046465,0.1024002739929512,0.026262313643405453,0.10240757062813438
-0.02453490389175383,0.10240037467012747,0.026262313658832158,0.10240758941835965
-0.02446458272738337,0.10240047510154535,0.026262313674219957,0.10240760816116523
-0.02439443856142605,0.10240057528821518,0.026262313689569036,0.10240762685679516
-0.024324471393881865,0.10240067523079369,0.02626231370487933,0.10240764550524944
-0.024254680309241786,0.10240077492958373,0.026262313720151087,0.1024076641067721
-0.024185065307505815,0.10240087438559635,0.026262313735384388,0.10240768266136309
-0.02411562547316491,0.10240097359913483,0.02626231375057928,0.10240770116926647
-0.02404636111138876,0.1024010725705025,0.026262313765735835,0.10240771963040088
-0.02397727100149865,0.102401171300711,0.026262313780854182,0.10240773804509166
-0.023908355143494577,0.1024012697904183,0.026262313795934505,0.10240775641333884
-0.023839612927037186,0.10240136803957399,0.02626231381097675,0.10240777473530507
-0.023771043741787123,0.10240146604954468,0.026262313825981157,0.10240779301115302
-0.023702647587744388,0.10240156382028029,0.026262313840947675,0.10240781124088272
-0.023634423854569625,0.10240166135279369,0.026262313855876497,0.10240782942465682
-0.023566371931923475,0.10240175864738936,0.026262313870767735,0.10240784756263802
-0.023498491514636267,0.10240185570472625,0.026262313885621405,0.10240786565490761
-0.023430782297538318,0.10240195252510914,0.026262313900437626,0.10240788370154696
-0.02336324367029027,0.10240204910955171,0.026262313915216523,0.10240790170271875
-0.023295875327722454,0.10240214545871361,0.026262313929958172,0.10240791965850432
-0.023228676659495507,0.10240224157254561,0.026262313944662687,0.10240793756906631
-0.02316164736043975,0.1024023374517076,0.026262313959330142,0.1024079554344861
-0.023094787125385517,0.10240243309721418,0.02626231397396059,0.10240797325484499
-0.02302809503882376,0.10240252850972563,0.026262313988554234,0.10240799103038703
-0.022961571405924162,0.10240262368883873,0.02626231400311107,0.10240800876103084
-0.022895215311177695,0.10240271863627794,0.02626231401763115,0.10240802644702048
-0.022829026449414674,0.10240281335164024,0.026262314032114743,0.10240804408843723
-0.022763004515465424,0.10240290783629594,0.02626231404656172,0.10240806168536248
-0.022697148898990587,0.10240300209019691,0.026262314060972326,0.10240807923795889
-0.02263145929482049,0.10240309611400451,0.026262314075346637,0.10240809674630778
-0.022565934787446097,0.10240318990873515,0.026262314089684834,0.10240811421065317
-0.022500575987206763,0.10240328347434105,0.02626231410398673,0.1024081316308324
-0.022435381673423776,0.10240337681148416,0.02626231411825265,0.1024081490071708
-0.022370351846097137,0.10240346992082658,0.026262314132482582,0.10240816633966837
-0.022305485589717816,0.10240356280303067,0.026262314146676666,0.10240818362856914
-0.022240782904285807,0.10240365545875903,0.026262314160835017,0.10240820087387309
-0.022176243484631434,0.10240374788796448,0.026262314174957637,0.10240821807566158
-0.022111866720415343,0.10240384009166482,0.026262314189044664,0.10240823523409726
-0.022047652001298178,0.10240393207016818,0.026262314203096215,0.10240825234934282
-0.02198359902211026,0.10240402382449283,0.026262314217112358,0.1024082694214796
-0.021919707782851593,0.10240411535459222,0.026262314231093153,0.10240828645050759
-0.021855977368013136,0.10240420666112991,0.026262314245038734,0.1024083034366708
-0.021792407777594898,0.10240429774476972,0.026262314258949093,0.10240832037996925
-0.021728998096087835,0.10240438860617564,0.02626231427282449,0.10240833728064692
-0.021665748628661635,0.10240447924530156,0.02626231428666486,0.10240835413862251
-0.02160265845980726,0.10240456966352217,0.026262314300470335,0.10240837095413999
-0.021539726979185353,0.10240465986079167,0.026262314314241097,0.10240838772736208
-0.021476954491965593,0.10240474983777474,0.026262314327977085,0.1024084044582074
-0.021414339777469267,0.10240483959513634,0.026262314341678496,0.10240842114700133
-0.021351883446035735,0.10240492913283097,0.026262314355345262,0.10240843779358118
-0.021289583971816607,0.10240501845223449,0.02626231436897776,0.10240845439835364
-0.02122744165998156,0.10240510755330173,0.026262314382575813,0.10240847096123737
-0.021165455900191234,0.10240519643705369,0.02626231439613966,0.10240848748239506
-0.021103626692445632,0.10240528510309006,0.02626231440966918,0.10240850396182669
-0.021041952816066047,0.10240537355314294,0.02626231442316476,0.10240852039985762
-0.020980434576222153,0.1024054617868124,0.02626231443662627,0.10240853679640652
-0.02091907166774427,0.10240554980476466,0.026262314450053767,0.1024085531515547
-0.020857863175123368,0.10240563760766626,0.026262314463447508,0.10240856946554619
-0.02079680909835945,0.10240572519618392,0.02626231447680744,0.102408585738381
-0.020735908521943472,0.10240581257062899,0.026262314490133803,0.10240860197030313
-0.020675162056214797,0.10240589973131295,0.026262314503426417,0.1024086181611499
-0.02061456817532504,0.10240598667925868,0.026262314516685658,0.10240863431132802
-0.02055412718444387,0.10240607341477805,0.026262314529911467,0.10240865042075611
-0.020493838168062255,0.10240615993818294,0.026262314543104032,0.10240866648967824
-0.020433701431349878,0.10240624625014122,0.02626231455626322,0.10240868251801302
-0.02037371636396738,0.10240633235096509,0.026262314569389236,0.10240869850592316
-0.020313882355575408,0.10240641824132266,0.02626231458248219,0.1024087144535713
-0.020254199101004282,0.10240650392188226,0.026262314595542166,0.10240873036103881
-0.02019466629508432,0.10240658939295666,0.02626231460856921,0.10240874622840701
-0.020135283327476175,0.10240667465521455,0.02626231462156352,0.10240876205583858
-0.020076050503349516,0.1024067597086131,0.026262314634524903,0.1024087778432522
-0.02001696660202564,0.10240684455417716,0.02626231464745375,0.10240879359097319
-0.01995803162350454,0.10240692919257596,0.026262314660349985,0.10240880929900155
-0.019899245262616543,0.10240701362376708,0.026262314673213674,0.10240882496741863
-0.01984060690902229,0.10240709784842005,0.026262314686045014,0.10240884059638711
-0.019782116562721785,0.10240718186720456,0.02626231469884394,0.10240885618590699
-0.019723773308205992,0.10240726568043455,0.0262623147116107,0.10240887173622228
-0.019665577450644588,0.10240734928878015,0.02626231472434524,0.10240888724725163
-0.01960752807452854,0.1024074326921995,0.02626231473704768,0.10240890271923905
-0.01954962517985785,0.10240751589207513,0.026262314749718088,0.10240891815218456
-0.01949186785112348,0.10240759888836551,0.026262314762356586,0.10240893354633215
-0.019434256393495112,0.10240768168138528,0.026262314774963245,0.10240894890160052
-0.01937678989146371,0.10240776427216157,0.026262314787538123,0.10240896421823364
-0.01931946834502928,0.10240784666065313,0.02626231480008135,0.10240897949623153
-0.019262291449022136,0.10240792884753123,0.026262314812592863,0.10240899473567552
-0.019205258593102927,0.10240801083346739,0.026262314825072852,0.1024090099367283
-0.019148369472101974,0.10240809261842074,0.026262314837521443,0.1024090250994712
-0.019091623475679918,0.1024081742037757,0.0262623148499387,0.10240904022406687
-0.019035020603836765,0.10240825558913523,0.026262314862324623,0.10240905531051533
-0.018978560551402835,0.10240833677517162,0.026262314874679282,0.10240907035889794
-0.018922242402869095,0.1024084177629135,0.026262314887002855,0.10240908536945868
-0.0188660667685749,0.1024084985519642,0.026262314899295293,0.10240910034203489
-0.018810032427841534,0.10240857914335286,0.026262314911556835,0.10240911527695191
-0.01875413907549933,0.10240865953775231,0.026262314923787496,0.10240913017429108
-0.018698387016717954,0.10240873973512266,0.02626231493598727,0.10240914503397107
-0.018642775030818702,0.1024088197361371,0.026262314948156344,0.10240915985631723
-0.018587303422971248,0.10240889954146899,0.02626231496029472,0.1024091746412482
-0.018531971582836242,0.10240897915107879,0.026262314972402532,0.10240918938892668
-0.018476779205244,0.10240905856599672,0.026262314984479774,0.102409204099434
-0.018421726290194524,0.10240913778618352,0.026262314996526575,0.10240921877277016
-0.018366811617009104,0.10240921681266983,0.026262315008543063,0.1024092334092605
-0.018312035490857418,0.10240929564541659,0.026262315020529232,0.10240924800882371
-0.018257397606569786,0.10240937428509819,0.026262315032485214,0.1024092625715411
-0.018202897048637177,0.10240945273238915,0.02626231504441108,0.10240927709765668
-0.018148534122229266,0.10240953098725078,0.026262315056306877,0.10240929158708914
-0.0180943082170067,0.10240960905035788,0.026262315068172688,0.10240930604000112
-0.01804021872263012,0.10240968692238558,0.026262315080008623,0.10240932045655532
-0.01798626563909953,0.10240976460365225,0.026262315091814693,0.10240933483675174
-0.01793244866124525,0.10240984209483338,0.02626231510359102,0.1024093491806717
-0.017878767483897603,0.1024099193955339,0.026262315115337612,0.10240936348839655
-0.017825221191547554,0.10240999650714326,0.02626231512705471,0.1024093777601703
-0.017771810089364782,0.1024100734299805,0.026262315138742196,0.10240939199591159
-0.017718533567009934,0.10241015016400781,0.026262315150400263,0.10240940619578315
-0.017665391014143647,0.10241022671025835,0.026262315162028965,0.1024094203599476
-0.017612382735935607,0.10241030306869456,0.02626231517362831,0.10240943448832363
-0.017559508122046454,0.10241037923999301,0.026262315185198427,0.10240944858107391
-0.01750676656213683,0.10241045522447335,0.026262315196739376,0.1024094626383611
-0.01745415805620674,0.10241053102281249,0.026262315208251282,0.10240947666018524
-0.01740168199391683,0.10241060663533037,0.02626231521973415,0.10240949064670896
-0.017349338070097416,0.10241068206270423,0.026262315231188157,0.10240950459801362
-0.0172971262847485,0.10241075730489725,0.026262315242613198,0.10240951851409921
-0.017245046027530728,0.10241083236258691,0.026262315254009457,0.1024095323951284
-0.017193097298444097,0.10241090723609367,0.026262315265376986,0.10240954624110121
-0.017141279181979576,0.10241098192609546,0.026262315276715856,0.10240956005226165
-0.017089591678137166,0.10241105643291304,0.0262623152880262,0.1024095738286097
-0.017038034481747188,0.10241113075722465,0.026262315299308073,0.10240958757022672
-0.01698660728763996,0.10241120489899412,0.026262315310561418,0.10240960127719403
-0.016935309790645812,0.10241127885889993,0.026262315321786422,0.10240961494959297
-0.016884141380425384,0.10241135263762075,0.026262315332983153,0.10240962858758622
-0.016833102056978678,0.10241142623512071,0.026262315344151667,0.10240964219117378
-0.016782191209966334,0.1024114996520788,0.02626231535529203,0.10240965576051832
-0.016731408534218676,0.1024115728891742,0.026262315366404377,0.10240966929570118
-0.016680754029735706,0.10241164594637137,0.026262315377488698,0.10240968279672237
-0.016630227391347747,0.10241171882434985,0.026262315388545003,0.10240969626366321
-0.016579827703545758,0.10241179152343183,0.026262315399573535,0.10240970969676771
-0.016529555576669106,0.10241186404393948,0.026262315410574177,0.10240972309587322
-0.016479409790039073,0.10241193638655281,0.026262315421547115,0.10240973646130508
-0.016429390343655658,0.10241200855195204,0.02626231543249247,0.10240974979306326
-0.016379497237518862,0.10241208053974485,0.02626231544341013,0.1024097630911478
-0.016329729556119655,0.10241215235133029,0.026262315454300404,0.1024097763558027
-0.016280087299458033,0.10241222398632202,0.026262315465163163,0.10240978958702794
-0.016230570467534,0.10241229544540656,0.02626231547599854,0.10240980278482356
-0.016181178144838517,0.10241236672927059,0.02626231548680666,0.10240981594943352
-0.01613191033137159,0.10241243783788558,0.02626231549758746,0.10240982908085787
-0.016082766721963536,0.10241250877229612,0.026262315508341186,0.10240984217917792
-0.016033747316614357,0.10241257953211609,0.026262315519067665,0.10240985524439367
-0.015984850894645342,0.10241265011874812,0.026262315529767263,0.10240986827683049
-0.015936078066395847,0.1024127205314484,0.0262623155404398,0.10240988127632566
-0.015887427916356837,0.1024127907716199,0.026262315551085522,0.10240989424312325
-0.015838900444528313,0.1024128608395923,0.02626231556170437,0.10240990717722323
-0.0157904953457406,0.10241293073497974,0.0262623155722964,0.10240992007870693
-0.015742212314824016,0.1024130004591856,0.026262315582861816,0.1024099329476557
-0.015694050741439206,0.10241307001182404,0.026262315593400608,0.10240994578423221
-0.015646010625586168,0.10241313939394095,0.02626231560391278,0.10240995858843646
-0.01559809166209523,0.10241320860550855,0.02626231561439846,0.1024099713603498
-0.015550293545796711,0.10241327764721499,0.026262315624857775,0.10240998410005354
-0.015502615971520934,0.10241334651903253,0.0262623156352906,0.10240999680762905
-0.015455058328928541,0.10241341522200766,0.02626231564569724,0.10241000948323897
-0.015407620618019535,0.10241348375611282,0.026262315656077652,0.10241002212688333
-0.015360302228454558,0.10241355212203664,0.026262315666431946,0.10241003473872479
-0.015313103160233611,0.10241362032010977,0.02626231567676007,0.10241004731876335
-0.015266023413356694,0.10241368835030495,0.026262315687062145,0.10241005986699903
-0.015219062072314774,0.10241375621366919,0.0262623156973383,0.1024100723836758
-0.01517221913710785,0.1024138239101753,0.026262315707588534,0.1024100848687937
-0.015125494302566244,0.10241389144051248,0.026262315717812977,0.10241009732243406
-0.015078886958350602,0.10241395880501195,0.026262315728011628,0.10241010974475953
-0.0150323974096306,0.1024140260040048,0.026262315738184553,0.1024101221356888
-0.014986024740897205,0.10241409303782242,0.026262315748331874,0.10241013449546586
-0.014939769257320096,0.10241415990679618,0.02626231575845359,0.1024101468240094
-0.014893630043390239,0.10241422661161578,0.02626231576854983,0.1024101591215634
-0.014847607404277312,0.10241429315261286,0.026262315778620603,0.10241017138804655
-0.01480170042447228,0.10241435953011903,0.026262315788666026,0.10241018362370286
-0.014755909409144822,0.10241442574446609,0.026262315798686098,0.10241019582845096
-0.01471023374795558,0.10241449179598591,0.026262315808680894,0.10241020800245355
-0.014664673135734881,0.10241455768536874,0.026262315818650527,0.10241022014579199
-0.014619227267313045,0.10241462341258818,0.02626231582859508,0.10241023225854758
-0.014573896142690071,0.10241468897833479,0.026262315838514468,0.10241024434072032
-0.014528679151526603,0.10241475438329928,0.026262315848408952,0.10241025639247292
-0.014483576293822641,0.10241481962709696,0.02626231585827841,0.10241026841380534
-0.014438586654069155,0.10241488471077724,0.026262315868123103,0.10241028040496161
-0.014393710842605496,0.10241494963431395,0.026262315877942886,0.10241029236577906
-0.014348947943922634,0.10241501439839833,0.02626231588773803,0.10241030429650169
-0.014304297958020566,0.10241507900336297,0.026262315897508392,0.10241031619712952
-0.014259760579729618,0.10241514344918203,0.026262315907254113,0.10241032806774387
-0.014215335198710431,0.1024152077369055,0.026262315916975313,0.10241033990850743
-0.014171021814963006,0.1024152718665077,0.02626231592667206,0.10241035171942017
-0.014126820123317665,0.10241533583832167,0.026262315936344347,0.10241036350056346
-0.014082729818604731,0.10241539965303913,0.026262315945992244,0.1024103752520186
-0.014038750900824203,0.10241546331063461,0.026262315955615755,0.10241038697378563
-0.013994882759636727,0.10241552681180004,0.026262315965215062,0.10241039866602722
-0.013951125089872621,0.10241559015686878,0.026262315974790167,0.10241041032882467
-0.013907477586362214,0.10241565334617432,0.0262623159843412,0.10241042196225936
-0.013863939943935822,0.10241571638040899,0.02626231599386816,0.1024104335664126
-0.013820512162593447,0.10241577925918881,0.026262316003371113,0.10241044514128442
-0.013777193937165413,0.10241584198356511,0.02626231601285005,0.10241045668695611
-0.01373398496248204,0.10241590455351285,0.026262316022305113,0.10241046820350906
-0.013690884628203974,0.10241596696972477,0.026262316031736416,0.10241047969110591
-0.01364789323950089,0.10241602923217596,0.026262316041143843,0.10241049114966533
-0.013605009880863758,0.1024160913419183,0.026262316050527635,0.10241050257943134
-0.013562234857462253,0.10241615329856815,0.02626231605988774,0.10241051398032258
-0.013519567558957021,0.10241621510281862,0.02626231606922428,0.10241052535250175
-0.013477007985348063,0.10241627675500405,0.02626231607853719,0.10241053669596886
-0.013434555221126342,0.10241633825581783,0.0262623160878268,0.10241054801096788
-0.013392209571461538,0.10241639960523555,0.02626231609709297,0.1024105592974175
-0.013349970731183974,0.10241646080359175,0.0262623161063357,0.10241057055539907
-0.013307838700293648,0.10241652185122103,0.026262316115555125,0.10241058178491255
-0.013265812258111851,0.10241658274917641,0.026262316124751366,0.10241059298628333
-0.013223892014977937,0.10241664349671542,0.026262316133924424,0.10241060415934872
-0.01318207736055255,0.10241670409525033,0.02626231614307437,0.10241061530427138
-0.013140368294835692,0.1024167645443979,0.026262316152201256,0.10241062642105134
-0.013098764207488007,0.10241682484485243,0.026262316161305088,0.10241063750985124
-0.013057264793339815,0.10241688499694909,0.026262316170386064,0.10241064857075244
-0.013015870052391116,0.10241694500102319,0.026262316179444106,0.10241065960375494
-0.012974579679472235,0.1024170048574101,0.02626231618847935,0.10241067060894006
-0.01293339367458317,0.10241706456644525,0.026262316197491732,0.10241068158630783
-0.012892311122214888,0.10241712412846422,0.026262316206481506,0.10241069253610223
-0.01285133202236739,0.10241718354416192,0.026262316215448608,0.10241070345832327
-0.012810456680210351,0.10241724281315542,0.026262316224392977,0.10241071435288963
-0.012769683569895385,0.10241730193685862,0.02626231623331505,0.10241072522020798
-0.012729013912101201,0.10241736091452924,0.026262316242214458,0.10241073605995298
-0.012688446486149089,0.10241741974722209,0.02626231625109144,0.10241074687244997
-0.01264798129203905,0.10241747843491376,0.026262316259946076,0.10241075765769894
-0.012607618024601404,0.1024175369782999,0.026262316268778483,0.10241076841578126
-0.012567356683836151,0.10241759537735723,0.026262316277588536,0.1024107791466969
-0.012527196659403937,0.10241765363278157,0.026262316286376368,0.10241078985060854
-0.012487137951304761,0.10241771174454982,0.026262316295142096,0.1024108005275162
-0.012447180254368945,0.10241776971335796,0.026262316303885726,0.1024108111775012
-0.012407322958257135,0.10241782753954264,0.026262316312607316,0.1024108218007262
-0.012367566368139007,0.1024178852234405,0.026262316321306944,0.10241083239710991
-0.012327909873675205,0.10241794276502872,0.026262316329984593,0.10241084296681495
-0.01228835347486573,0.1024180001646441,0.026262316338640398,0.10241085350984136
-0.012248896561371228,0.10241805742334274,0.026262316347274425,0.10241086402635179
-0.012209539438361373,0.10241811454074248,0.02626231635588661,0.10241087451626492
-0.012170281190327134,0.10241817151754003,0.026262316364477206,0.10241088497982474
-0.012131121817268511,0.10241822835407248,0.026262316373046077,0.10241089541703129
-0.012092061319185506,0.10241828505067725,0.026262316381593372,0.10241090582788452
-0.012053099085738758,0.10241834160733185,0.026262316390119132,0.10241091621254714
-0.012014235422097948,0.10241839802473346,0.026262316398623368,0.1024109265709378
-0.011975469412754042,0.10241845430321951,0.026262316407106207,0.1024109369033005
-0.011936801057707041,0.1024185104431277,0.026262316415567644,0.10241094720963527
-0.011898230356956944,0.10241856644443594,0.02626231642400775,0.10241095748994208
-0.011859756700164396,0.1024186223078417,0.026262316432426647,0.10241096774438364
-0.011821380087329398,0.10241867803368285,0.026262316440824274,0.10241097797295992
-0.01178309990811259,0.1024187336222974,0.026262316449200754,0.10241098817583359
-0.011744916772853333,0.10241878907366343,0.026262316457556098,0.102410998352842
-0.011706829460872913,0.10241884438847891,0.02626231646589042,0.10241100850431048
-0.011668838277341007,0.10241889956708204,0.026262316474203667,0.10241101863015771
-0.011630942611918263,0.10241895460981111,0.026262316482496082,0.10241102873054635
-0.011593142769774354,0.10241900951664452,0.02626231649076749,0.10241103880539507
-0.011555438140569927,0.10241906428792064,0.02626231649901806,0.10241104885486653
-0.011517828419135304,0.10241911892433798,0.026262316507247883,0.10241105887904209
-0.011480313605470485,0.10241917342623517,0.026262316515456935,0.10241106887792173
-0.011442893089236114,0.10241922779359082,0.026262316523645354,0.10241107885166816
-0.01140556717560187,0.10241928202710382,0.026262316531813074,0.10241108880019999
-0.011368335254228396,0.10241933612675289,0.026262316539960227,0.10241109872367993
-0.011331196714776335,0.10241939009323706,0.026262316548086938,0.10241110862227065
-0.011294152472754724,0.10241944392617508,0.026262316556193013,0.10241111849572812
-0.01125720130748485,0.10241949762662633,0.02626231656427871,0.10241112834437772
-0.011220343218966712,0.10241955119493,0.02626231657234409,0.10241113816821942
-0.011183578207200312,0.10241960463070501,0.026262316580389026,0.10241114796725326
-0.011146905356676614,0.10241965793501105,0.026262316588413843,0.1024111577417232
-0.011110325582904654,0.10241971110746707,0.026262316596418273,0.10241116749138526
-0.01107383766520572,0.10241976414913306,0.026262316604402647,0.10241117721656479
-0.011037441908749487,0.10241981705962809,0.02626231661236683,0.10241118691718043
-0.011001137398026927,0.10241986984001242,0.026262316620311015,0.10241119659347622
-0.01096492474337739,0.10241992248990524,0.026262316628235142,0.10241120624528946
-0.010928803334461525,0.10241997501000655,0.02626231663613927,0.10241121587278285
-0.010892772866109651,0.10242002740065638,0.026262316644023526,0.10241122547603772
-0.01085683333832177,0.10242007966183432,0.026262316651887854,0.10241123505505405
-0.010820984445928203,0.10242013179424078,0.026262316659732374,0.1024112446099132
-0.010785225578589594,0.10242018379785561,0.02626231666755715,0.10241125414077784
-0.010749557041475621,0.10242023567337942,0.02626231667536225,0.10241126364756661
-0.010713978529416609,0.1024202874204316,0.026262316683147536,0.10241127313036089
-0.010678489737242875,0.10242033904007343,0.02626231669091328,0.102411282589242
-0.010643090054615069,0.10242039053228498,0.02626231669865947,0.10241129202437259
-0.010607779786702864,0.10242044189740675,0.026262316706386107,0.10241130143567134
-0.010572558323166906,0.10242049313613993,0.026262316714093382,0.10241131082330093
-0.010537425969176874,0.10242054424774362,0.02626231672178105,0.10241132018718002
-0.010502381809223735,0.10242059523364022,0.026262316729449477,0.10241132952755264
-0.010467426148477163,0.10242064609344957,0.026262316737098543,0.1024113388443374
-0.010432558376597807,0.10242069682787314,0.026262316744728377,0.10241134813769703
-0.010397778798755341,0.10242074743689139,0.026262316752338855,0.10241135740755017
-0.010363086804610412,0.10242079792084537,0.026262316759930227,0.10241136665405948
-0.010328482088993342,0.1024208482804369,0.02626231676750249,0.10241137587730632
-0.010293964346734451,0.10242089851564666,0.02626231677505571,0.10241138507737203
-0.010259534188173096,0.1024209486264553,0.026262316782589765,0.10241139425409392
-0.010225190392630567,0.1024209986139256,0.026262316790104965,0.10241140340779734
-0.01019093326527654,0.10242104847767769,0.026262316797601125,0.10241141253840097
-0.010156762500941337,0.10242109821841383,0.026262316805078432,0.10241142164598613
-0.010122678099624959,0.10242114783611495,0.026262316812536827,0.10241143073055281
-0.010088679145818373,0.10242119733148353,0.026262316819976563,0.10241143979234504
-0.010054766249860934,0.10242124670450067,0.02626231682739745,0.10241144883120015
-0.010020938496243607,0.10242129595550824,0.02626231683479967,0.10241145784736215
-0.009987196190136072,0.10242134508520902,0.02626231684218317,0.1024114668407497
-0.009953538721198973,0.10242139409322347,0.0262623168495482,0.10241147581152546
-0.009919966394601987,0.10242144297989357,0.02626231685689451,0.1024114847596081
-0.009886478294836082,0.10242149174628334,0.026262316864222476,0.10241149368524165
-0.00985307503224061,0.10242154039165235,0.02626231687153178,0.10241150258826341
-0.00981975599647622,0.10242158891706485,0.026262316878822748,0.10241151146883606
-0.009786520272033876,0.10242163732286325,0.026262316886095434,0.10241152032720365
-0.009753368774422613,0.1024216856086682,0.02626231689334966,0.1024115291631221
-0.009720300893303073,0.1024217337751832,0.026262316900585662,0.10241153797675415
-0.00968731632350558,0.10242178182275098,0.02626231690780339,0.10241154676818108
-0.009654414759860456,0.10242182975135322,0.026262316915002963,0.10241155553748427
-0.0096215962023677,0.10242187756169402,0.026262316922184326,0.1024115642846637
-0.009588860345857635,0.10242192525375805,0.02626231692934767,0.10241157300980072
-0.009556206885160583,0.10242197282789271,0.026262316936492922,0.10241158171297667
-0.009523635820276544,0.10242202028444544,0.026262316943620218,0.10241159039419152
-0.009491146846035841,0.10242206762376369,0.026262316950729486,0.10241159905352663
-0.009458739657268794,0.10242211484619504,0.026262316957820858,0.10241160769106335
-0.009426413948805727,0.1024221619517259,0.026262316964894474,0.10241161630688299
-0.009394170025816318,0.10242220894070393,0.02626231697195012,0.10241162490090422
-0.009362007583130888,0.10242225581347678,0.026262316978987933,0.10241163347320839
-0.009329926010410081,0.10242230257039213,0.026262316986008106,0.10241164202395817
-0.009297925002484221,0.1024223492117977,0.026262316993010577,0.1024116505532349
-0.009266004864522984,0.1024223957380414,0.026262316999995403,0.10241165906095723
-0.009234165291356695,0.10242244214874849,0.026262317006962597,0.10241166754720649
-0.009202405672645995,0.10242248844535068,0.02626231701391227,0.10241167601214538
-0.009170726313560564,0.10242253462711212,0.026262317020844438,0.10241168445569256
-0.009139126603761044,0.102422580694742,0.02626231702775908,0.10241169287801069
-0.009107606848417115,0.10242262664822707,0.026262317034656285,0.10241170127901843
-0.009076166437189422,0.10242267248827666,0.026262317041536157,0.10241170965887847
-0.009044804759738607,0.10242271821523892,0.026262317048398775,0.10241171801775348
-0.009013522731573704,0.10242276382873934,0.02626231705524394,0.10241172635539944
-0.00898231943718568,0.10242280932948741,0.026262317062071917,0.10241173467206038
-0.00895119457140486,0.10242285471783141,0.02626231706888269,0.1024117429678176
-0.008920148134231238,0.10242289999411962,0.026262317075676337,0.10241175124267116
-0.008889180430834497,0.10242294515797751,0.026262317082452726,0.10241175949653968
-0.008858290240535924,0.10242299021047638,0.026262317089212173,0.1024117677297485
-0.008827477868505195,0.10242303515160317,0.026262317095954554,0.10241177594221632
-0.00879674361991199,0.10242307998134484,0.026262317102679865,0.10241178413386176
-0.008766086579247276,0.10242312470041144,0.026262317109388297,0.10241179230492886
-0.008735506746511051,0.10242316930878997,0.02626231711607986,0.10241180045541763
-0.008705003816533639,0.10242321380682903,0.02626231712275454,0.10241180858540938
-0.008674578094484716,0.10242325819487731,0.02626231712941234,0.1024118166948228
-0.008644228970024927,0.10242330247292192,0.026262317136053398,0.10241182478382053
-0.008613956137984595,0.10242334664167312,0.026262317142677703,0.10241183285248394
-0.008583759903533397,0.10242339070111817,0.026262317149285327,0.10241184090073167
-0.008553639656331978,0.1024234346516058,0.02626231715587626,0.10241184892872641
-0.008523595396380338,0.10242347849312335,0.026262317162450637,0.10241185693646815
-0.008493626513339122,0.10242352222638122,0.02626231716900846,0.10241186492411958
-0.008463733617547682,0.10242356585136685,0.026262317175549655,0.102411872891518
-0.008433915488327311,0.10242360936879089,0.026262317182074484,0.10241188083898878
-0.00840417304118704,0.102423652778279,0.02626231718858282,0.1024118887662879
-0.008374505360617839,0.10242369608018025,0.026262317195074728,0.10241189667365938
-0.008344912446619702,0.10242373927520541,0.02626231720155026,0.1024119045611032
-0.008315393994022955,0.10242378236334206,0.026262317208009558,0.10241191242870072
-0.008285950307997277,0.10242382534457756,0.02626231721445249,0.1024119202763706
-0.008256580473033633,0.10242386821998475,0.026262317220879242,0.10241192810435684
-0.008227284794301699,0.10242391098882764,0.02626231722728976,0.1024119359125781
-0.0081980629666318,0.10242395365217914,0.026262317233684097,0.10241194370111573
-0.008168914990023934,0.10242399620966498,0.026262317240062324,0.10241195146996973
-0.008139839948969068,0.10242403866235836,0.026262317246424565,0.1024119592193841
-0.008110838453806559,0.10242408100952315,0.026262317252770756,0.10241196694919619
-0.00808191019936673,0.10242412325187074,0.026262317259100835,0.1024119746594873
-0.00805305457531022,0.1024241653901126,0.026262317265415062,0.10241198235042012
-0.008024271886806713,0.1024242074238746,0.02626231727171336,0.10241199002191334
-0.00799556152351685,0.10242424935350637,0.0262623172779958,0.1024119976741296
-0.007966923790610309,0.10242429117935765,0.026262317284262388,0.10241200530698757
-0.007938358077747735,0.10242433290177815,0.026262317290513176,0.10241201292064994
-0.007909864384929128,0.10242437452075567,0.026262317296748175,0.10241202051511669
-0.007881442406984811,0.10242441603700214,0.02626231730296751,0.10241202809046918
-0.00785309244908446,0.10242445745014338,0.02626231730917111,0.10241203564662606
-0.007824813290549364,0.10242449876125334,0.026262317315359236,0.10241204318391267
-0.007796605846888558,0.102424539969958,0.026262317321531625,0.102412050702085
-0.007768469507762686,0.10242458107624529,0.02626231732768842,0.10241205820130574
-0.007740403968002069,0.10242462208118941,0.026262317333829797,0.10241206568165621
-0.00771240892243703,0.10242466298477843,0.0262623173399557,0.10241207314321776
-0.007684484981406924,0.10242470378663826,0.02626231734606607,0.10241208058582772
-0.00765663092423304,0.10242474448784335,0.02626231735216115,0.10241208800981144
-0.007628847361254735,0.10242478508801968,0.026262317358240757,0.10241209541500622
-0.007601133682132651,0.10242482558787964,0.02626231736430514,0.10241210280157476
-0.007573489886866789,0.10242486598741152,0.026262317370354178,0.10241211016951704
-0.007545915670287472,0.10242490628696563,0.02626231737638799,0.10241211751891441
-0.007518411032394699,0.1024249464868924,0.02626231738240665,0.10241212484976686
-0.007490975668018793,0.10242498658718012,0.02626231738841009,0.10241213216215575
-0.007463609577159753,0.10242502658781698,0.026262317394398365,0.10241213945608106
-0.007436312454647901,0.10242506648987808,0.02626231740037155,0.10241214673162413
-0.007409083995313561,0.10242510629298955,0.026262317406329772,0.10241215398886631
-0.007381924199156731,0.10242514599750195,0.026262317412272904,0.10241216122780758
-0.007354832761007735,0.10242518560376604,0.02626231741820106,0.1024121684485293
-0.007327809680866571,0.10242522511177024,0.02626231742411432,0.10241217565103145
-0.00730085495873324,0.10242526452186522,0.026262317430012616,0.10241218283531403
-0.00727396767909871,0.10242530383476428,0.026262317435896135,0.10241219000162108
-0.007247148452302334,0.10242534305009351,0.026262317441764743,0.10241219714978989
-0.007220396973174435,0.10242538216820384,0.026262317447618522,0.1024122042799018
-0.007193712631375658,0.10242542118944617,0.02626231745345765,0.1024122113921195
-0.0071670957320756805,0.10242546011417154,0.026262317459282005,0.10241221848636167
-0.007140545664935148,0.1024254989423686,0.02626231746509171,0.10241222556279095
-0.007114062735123735,0.10242553767438842,0.02626231747088677,0.10241223262132602
-0.00708764633230209,0.10242557631058213,0.026262317476667244,0.10241223966212956
-0.007061296761639888,0.10242561485093847,0.02626231748243307,0.10241224668512022
-0.0070350137179674525,0.10242565329580865,0.026262317488184382,0.10241225369037933
-0.007008796590945427,0.10242569164554385,0.02626231749392129,0.10241226067806958
-0.00698264568574349,0.10242572990013295,0.026262317499643622,0.10241226764810964
-0.006956560392022285,0.1024257680602898,0.026262317505351684,0.10241227460066216
-0.006930541014951491,0.10242580612564077,0.026262317511045293,0.10241228153564583
-0.006904587554531107,0.10242584409653722,0.02626231751672444,0.10241228845306062
-0.006878699095252101,0.10242588197369322,0.026262317522389392,0.10241229535315056
-0.006852875942284149,0.10242591975673511,0.026262317528040074,0.10241230223583433
-0.006827118095627251,0.10242595744637713,0.02626231753367643,0.10241230910111189
-0.006801424944942053,0.10242599504260823,0.026262317539298648,0.10241231594914595
-0.006775796490228554,0.10242603254541743,0.026262317544906728,0.10241232277993649
-0.006750232731486754,0.10242606995551908,0.026262317550500604,0.10241232959348351
-0.006724733363546975,0.10242610727290227,0.0262623175560804,0.10241233638986835
-0.006699298691578895,0.10242614449755612,0.02626231756164607,0.10241234316900968
-0.006673927494903803,0.10242618163019514,0.02626231756719785,0.10241234993123285
-0.006648620689030733,0.10242621867080849,0.026262317572735557,0.10241235667629385
-0.00662337735845065,0.10242625561938537,0.026262317578259312,0.10241236340443667
-0.006598197808333233,0.10242629247664047,0.026262317583769124,0.10241237011557999
-0.006573081733508804,0.1024263292425631,0.02626231758926505,0.10241237680980515
-0.006548028828807684,0.10242636591714249,0.02626231759474722,0.10241238348719348
-0.006523039094229874,0.10242640250109356,0.026262317600215513,0.10241239014774497
-0.006498112529775375,0.10242643899404281,0.026262317605669983,0.10241239679145966
-0.006473248525104829,0.10242647539670525,0.026262317611110753,0.10241240341850018
-0.006448447385387916,0.10242651170907024,0.026262317616537776,0.1024124100287852
-0.00642370850028528,0.10242654793149007,0.02626231762195117,0.10241241662247742
-0.006399032174966598,0.1024265840639542,0.02626231762735087,0.10241242319949548
-0.006374417799092515,0.10242662010717789,0.026262317632737064,0.10241242976000206
-0.006349865677832707,0.10242665606078771,0.02626231763810957,0.10241243630391583
-0.006325375506017499,0.10242669192513613,0.026262317643468577,0.10241244283131812
-0.0063009469784772116,0.1024267277005756,0.026262317648814013,0.10241244934229027
-0.006276579790042166,0.10242676338745867,0.02626231765414608,0.10241245583691361
-0.0062522742458820425,0.10242679898577492,0.02626231765946471,0.10241246231510681
-0.006228030040827162,0.10242683449587701,0.026262317664769833,0.1024124687769512
-0.006203846869707846,0.10242686991775457,0.026262317670061652,0.10241247522252814
-0.0061797244273544185,0.10242690525212336,0.026262317675340156,0.10241248165191894
-0.006155663018936555,0.10242694049861008,0.026262317680605288,0.10241248806504227
-0.00613166233928458,0.10242697565756746,0.026262317685857177,0.10241249446197948
-0.006107721778059136,0.1024270107297114,0.026262317691095875,0.10241250084289323
-0.006083841945599579,0.1024270457143056,0.026262317696321338,0.10241250720762085
-0.006060021926396876,0.10242708061242911,0.026262317701533606,0.10241251355640635
-0.0060362623307903835,0.10242711542407185,0.02626231770673276,0.10241251988908708
-0.006012562243271066,0.10242715014922364,0.02626231771191886,0.102412526205907
-0.005988922274178281,0.1024271847882376,0.02626231771709177,0.10241253250670349
-0.005965341508002994,0.10242721934146676,0.026262317722251762,0.10241253879172052
-0.005941820249914883,0.10242725380890114,0.02626231772739869,0.10241254506087677
-0.00591835819474427,0.10242728819089389,0.026262317732532698,0.10241255131425359
-0.005894955647660833,0.1024273224874351,0.026262317737653713,0.10241255755176962
-0.005871611693155539,0.10242735669887791,0.02626231774276186,0.10241256377366889
-0.005848326941567742,0.10242739082557575,0.026262317747857075,0.1024125699797887
-0.0058251004773884115,0.10242742486751862,0.026262317752939496,0.10241257617037311
-0.0058019326057872226,0.10242745882505998,0.02626231775800918,0.10241258234534073
-0.005778823326764176,0.10242749269818997,0.026262317763065993,0.10241258850469159
-0.005755772335149595,0.10242752648726207,0.026262317768110006,0.10241259464850702
-0.005732779325773801,0.1024275601926298,0.026262317773141412,0.10241260077686835
-0.005709844298636794,0.10242759381392011,0.026262317778160082,0.10241260688977559
-0.005686966948568895,0.10242762735221322,0.026262317783166143,0.10241261298731007
-0.005664147580739783,0.10242766080713611,0.026262317788159465,0.10241261906939046
-0.005641385279640425,0.10242769417904249,0.026262317793140373,0.10241262513626077
-0.005618680350440499,0.10242772746828606,0.02626231779810873,0.10241263118783966
-0.005596033098309681,0.10242776067449384,0.026262317803064414,0.1024126372240458
-0.005573442607738939,0.102427793798383,0.026262317808007682,0.1024126432451232
-0.00555090918389795,0.1024278268403074,0.026262317812938526,0.1024126492509905
-0.0055284325216170375,0.10242785979989415,0.02626231781785689,0.10241265524172907
-0.005506012315726522,0.10242789267786058,0.026262317822762896,0.10241266121742024
-0.005483648871396083,0.10242792547419718,0.02626231782765649,0.10241266717798264
-0.005461341578286363,0.10242795818889458,0.026262317832537855,0.10241267312357899
-0.005439090741567041,0.10242799082267032,0.026262317837406804,0.10241267905412793
-0.005416895750898761,0.10242802337515144,0.026262317842263516,0.10241268496979214
-0.0053947569114512015,0.10242805584669218,0.026262317847108006,0.10241269087049028
-0.005372673612885006,0.10242808823801017,0.02626231785194027,0.10241269675638502
-0.005350646160369853,0.1024281205487326,0.026262317856760368,0.10241270262739503
-0.005328673943566386,0.10242815277921372,0.026262317861568366,0.10241270848368299
-0.005306757572813962,0.10242818492944432,0.026262317866364134,0.10241271432508622
-0.005284896437773224,0.10242821699977869,0.026262317871147807,0.10241272015176739
-0.005263089928104816,0.10242824899093483,0.026262317875919566,0.10241272596388917
-0.005241338654148096,0.10242828090217639,0.02626231788067923,0.1024127317612889
-0.005219642005563706,0.10242831273422144,0.02626231788542692,0.10241273754412923
-0.005198000287521325,0.1024283444874245,0.02626231789016257,0.10241274331232886
-0.005176412889681597,0.10242837616141284,0.026262317894886374,0.10241274906605044
-0.005154880117214199,0.1024284077569047,0.026262317899598205,0.10241275480521264
-0.005133401664949455,0.10242843927389102,0.02626231790429813,0.10241276052989678
-0.005111976922548008,0.10242847071272655,0.026262317908986334,0.10241276624026557
-0.005090606500349214,0.1024285020730386,0.026262317913662694,0.1024127719361563
-0.005069289788013717,0.1024285333559093,0.02626231791832721,0.10241277761773167
-0.005048027090711196,0.1024285645606024,0.026262317922979943,0.10241278328491032
-0.005026817492932616,0.10242859568819998,0.026262317927621084,0.10241278893793629
-0.0050056619101870115,0.10242862673796593,0.02626231793225038,0.10241279457656555
-0.004984559121795671,0.10242865771098254,0.026262317936868153,0.10241280020112344
-0.00496350973809795,0.10242868860687727,0.0262623179414742,0.1024128058114473
-0.0049425137590938485,0.10242871942564137,0.026262317946068536,0.10241281140753712
-0.004921570269274333,0.1024287501683574,0.02626231795065147,0.10241281698963693
-0.004900679573809081,0.10242878083428907,0.02626231795522275,0.10241282255766537
-0.004879841672698094,0.10242881142415529,0.026262317959782566,0.10241282811162247
-0.004859056260771692,0.10242884193794735,0.026262317964330855,0.10241283365158954
-0.004838323032860198,0.10242887237602051,0.026262317968867743,0.10241283917764793
-0.004817642599302969,0.10242890273800231,0.026262317973393037,0.10241284468963495
-0.004797013739421292,0.10242893302497569,0.02626231797790713,0.10241285018787596
-0.004776437063554523,0.1024289632362044,0.026262317982409758,0.1024128556722083
-0.004755912266532985,0.10242899337277143,0.02626231798690098,0.10241286114271328
-0.004735439043186999,0.10242902343430459,0.026262317991381002,0.10241286659947227
-0.004715017698686244,0.10242905342079525,0.02626231799584962,0.10241287204240389
-0.004694647622691363,0.10242908333296284,0.026262318000307025,0.10241287747167085
-0.004674328815202357,0.10242911317043502,0.02626231800475323,0.10241288288727314
-0.004654061581388904,0.10242914293393125,0.02626231800918809,0.10241288828912942
-0.0046338450057419696,0.10242917262344318,0.02626231801361194,0.1024128936774837
-0.004613679393431233,0.10242920223932643,0.02626231801802464,0.10241289905225465
-0.004593564744456692,0.10242923178120875,0.026262318022426137,0.10241290441344225
-0.004573500753648671,0.10242926124980974,0.02626231802681655,0.10241290976112787
-0.004553487726176847,0.10242929064475724,0.026262318031195882,0.10241291509523015
-0.004533524746532186,0.10242931996677092,0.02626231803556419,0.1024129204159931
-0.004513611814714689,0.10242934921620668,0.026262318039921555,0.10241292572341673
-0.00449374954106371,0.10242937839232831,0.026262318044267832,0.10241293101733837
-0.004473937010070218,0.10242940749621969,0.026262318048603284,0.10241293629800202
-0.0044541745269038886,0.1024294365275087,0.026262318052927718,0.10241294156532635
-0.004434462091564723,0.1024294654865513,0.026262318057241264,0.10241294681931136
-0.004414799093713365,0.10242949437370348,0.026262318061543916,0.10241295206011972
-0.004395185533349815,0.10242952318895725,0.026262318065835805,0.10241295728775143
-0.0043756217156437505,0.10242955193230455,0.026262318070116808,0.10241296250212516
-0.004356107030255816,0.10242958060410151,0.026262318074387052,0.10241296770340358
-0.004336641477186011,0.10242960920470427,0.02626231807864652,0.10241297289158668
-0.004317225056434336,0.10242963773410495,0.026262318082895232,0.10241297806667447
-0.004297857462831114,0.1024296661926597,0.026262318087133245,0.1024129832287483
-0.004278539001546022,0.10242969457999651,0.026262318091360565,0.1024129883777268
-0.004259268757070026,0.10242972289683593,0.026262318095577306,0.10241299351385402
-0.004240047339742482,0.1024297511431709,0.02626231809978341,0.10241299863696725
-0.004220874444393712,0.10242977931936044,0.02626231810397882,0.10241300374714785
-0.004201749765854039,0.10242980742503538,0.026262318108163714,0.10241300884447715
-0.004182673304123463,0.1024298354612833,0.026262318112338045,0.10241301392895516
-0.0041636447540323055,0.1024298634273708,0.026262318116501933,0.10241301900066321
-0.004144664420750244,0.10242989132365721,0.02626231812065524,0.10241302405951995
-0.004125731999107601,0.10242991915086594,0.026262318124798043,0.10241302910560673
-0.004106846878765022,0.1024299469086279,0.02626231812893053,0.10241303413908623
-0.00408800967006186,0.10242997459730235,0.02626231813305251,0.10241303915979577
-0.004069219762658762,0.10243000221724866,0.02626231813716417,0.10241304416789802
-0.0040504774617254055,0.10243002976809763,0.026262318141265388,0.10241304916331165
-0.004031782156922434,0.10243005725057297,0.02626231814535629,0.10241305414619932
-0.004013134153419525,0.10243008466430545,0.026262318149436865,0.10241305911647972
-0.003994533146047001,0.10243011201001882,0.0262623181535072,0.10241306407423416
-0.003975978829635185,0.10243013928770825,0.026262318157567275,0.10241306901954399
-0.003957471204184076,0.10243016649773318,0.026262318161617157,0.1024130739524092
-0.003939010269693674,0.10243019363972443,0.026262318165656794,0.10241307887282981
-0.00392059602616398,0.10243022071404145,0.026262318169686234,0.1024130837808058
-0.003902228168425315,0.10243024772104387,0.02626231817370549,0.10241308867641852
-0.00388390669647768,0.10243027466072685,0.026262318177714617,0.10241309355966796
-0.0038656309999817186,0.1024303015334499,0.02626231818171375,0.1024130984307168
-0.003847401689276787,0.10243032833920836,0.02626231818570275,0.10241310328940238
-0.003829218459193207,0.10243035507799729,0.026262318189681624,0.10241310813580601
-0.0038110806993916233,0.10243038175054087,0.026262318193650568,0.10241311297009038
-0.003792989020211391,0.10243040835646988,0.026262318197609387,0.1024131177920928
-0.003774942506143477,0.10243043489650841,0.026262318201558398,0.10241312260205732
-0.0037569420726969146,0.10243046136992284,0.026262318205497282,0.10241312739973989
-0.0037389864991929926,0.10243048777780185,0.02626231820942629,0.10241313218546588
-0.003721076395971067,0.10243051411977624,0.02626231821334543,0.10241313695907259
-0.0037032111526917816,0.10243054039620576,0.026262318217254763,0.10241314172072272
-0.003685391379694492,0.1024305666070857,0.0262623182211541,0.1024131464702536
-0.0036676161614701656,0.10243059275277587,0.02626231822504368,0.10241315120790921
-0.003649885803188479,0.10243061883363613,0.026262318228923467,0.10241315593360825
-0.0036321999996797552,0.10243064484929733,0.026262318232793506,0.10241316064743203
-0.003614559056113672,0.10243067080011924,0.02626231823665374,0.10241316534929922
-0.0035969623621508735,0.10243069668646185,0.026262318240504286,0.10241317003937249
-0.0035794102229610375,0.1024307225079559,0.026262318244345034,0.10241317471757053
-0.0035619020282048083,0.10243074826569051,0.026262318248176222,0.10241317938405597
-0.003544438388221542,0.10243077395893187,0.026262318251997673,0.10241318403866617
-0.0035270183875022046,0.1024307995884046,0.0262623182558095,0.10241318868164515
-0.0035096423312164743,0.1024308251537395,0.026262318259611776,0.10241319331291153
-0.0034923102193643507,0.10243085065566115,0.026262318263404437,0.10241319793246534
-0.003475021746776156,0.10243087609380039,0.02626231826718748,0.10241320254038791
-0.003457776913451891,0.10243090146888195,0.026262318270961038,0.10241320713667924
-0.003440575109052199,0.10243092678090127,0.026262318274725166,0.10241321172150201
-0.0034234172490861144,0.1024309520294891,0.02626231827847968,0.10241321629461221
-0.0034063024180446028,0.1024309772153703,0.02626231828222477,0.10241322085625384
-0.003389230615927665,0.10243100233854033,0.02626231828596049,0.10241322540642692
-0.0033722018427353004,0.10243102739899465,0.02626231828968673,0.10241322994513141
-0.003355216098467509,0.10243105239709348,0.026262318293403603,0.10241323447236736
-0.0033382733831242915,0.10243107733283231,0.026262318297110995,0.10241323898813473
-0.003321372781196614,0.10243110220693613,0.026262318300809207,0.10241324349267755
-0.00330451520819351,0.102431127018671,0.026262318304498,0.1024132479857518
-0.0032877000537756234,0.10243115176839719,0.026262318308177553,0.10241325246752017
-0.003270927317942955,0.10243117645683979,0.026262318311847808,0.10241325693798266
-0.003254196695525826,0.10243120108362952,0.026262318315508834,0.1024132613972206
-0.0032375081865242375,0.10243122564912678,0.026262318319160618,0.10241326584523397
-0.003220861790938189,0.10243125015369196,0.026262318322803176,0.1024132702820228
-0.00320425750876768,0.10243127459695581,0.02626231832643656,0.10241327470758707
-0.0031876950348430338,0.10243129897927873,0.026262318330060836,0.10241327912200812
-0.0031711740639945715,0.10243132330102121,0.02626231833367594,0.1024132835253673
-0.0031546949013919715,0.10243134756217885,0.02626231833728194,0.10241328791758326
-0.003138257241865556,0.10243137176274723,0.026262318340878898,0.10241329229873736
-0.0031218610854153246,0.10243139590308693,0.026262318344466677,0.10241329666882956
-0.0031055064320412774,0.10243141998319356,0.026262318348045422,0.10241330102785991
-0.0030891926714040592,0.10243144400342762,0.02626231835161525,0.10241330537599104
-0.003072920108673347,0.10243146796378484,0.02626231835517603,0.10241330971314164
-0.003056688438679464,0.10243149186462577,0.026262318358727898,0.10241331403939302
-0.0030404979665920873,0.10243151570558122,0.02626231836227072,0.10241331835466387
-0.0030243480820718615,0.10243153948737674,0.026262318365804626,0.10241332265911685
-0.0030082387851187863,0.10243156321000797,0.026262318369329747,0.10241332695275197
-0.002992170686072218,0.10243158687310576,0.026262318372845758,0.10241333123540655
-0.0029761425642534445,0.10243161047776075,0.02626231837635304,0.10241333550740594
-0.002960155030001822,0.10243163402323867,0.026262318379851473,0.10241333976858746
-0.0029442074729779948,0.10243165751026523,0.026262318383341123,0.1024133440191138
-0.0029283001983516407,0.10243168093883627,0.02626231838682198,0.10241334825890361
-0.002912433511292437,0.10243170430858245,0.026262318390293984,0.10241335248787554
-0.0028966061911216735,0.10243172762059466,0.026262318393757325,0.10241335670635497
-0.0028808191533483828,0.10243175087413864,0.02626231839721188,0.10241336091409786
-0.002865071787633209,0.10243177406994025,0.02626231840065777,0.1024133651112669
-0.002849364093976153,0.10243179720799528,0.02626231840409494,0.1024133692978621
-0.002833696072377214,0.10243182028829965,0.02626231840752345,0.10241337347388343
-0.002818067417666715,0.10243184331121417,0.026262318410943297,0.10241337763941225
-0.0028024781298446556,0.10243186627673473,0.02626231841435461,0.10241338179444856
-0.0027869282089110353,0.10243188918485714,0.026262318417757263,0.10241338593899235
-0.002771417349696177,0.10243191203630754,0.026262318421151374,0.10241339007312496
-0.002755945857369758,0.10243193483035151,0.026262318424536833,0.10241339419676504
-0.002740513121592423,0.10243195756771523,0.026262318427913885,0.1024133983100753
-0.00272511944753385,0.1024319802483945,0.026262318431282336,0.10241340241297438
-0.002709764224854683,0.10243200287275052,0.02626231843464238,0.10241340650562494
-0.0026944480638942774,0.10243202544041394,0.026262318437993894,0.10241341058786434
-0.002679170354313278,0.10243204795211103,0.026262318441336998,0.10241341465985523
-0.0026639314012813628,0.1024320704074726,0.026262318444671633,0.10241341872151627
-0.0026487302892894975,0.10243209280722493,0.026262318447997923,0.10241342277309148
-0.0026335679338467164,0.10243211515099879,0.02626231845131581,0.10241342681433686
-0.0026184437246136636,0.10243213743879019,0.02626231845462529,0.10241343084541507
-0.0026033576615903387,0.10243215967132543,0.02626231845792643,0.10241343486632612
-0.0025883094396070647,0.10243218184823535,0.026262318461219344,0.10241343887715133
-0.002573299058663841,0.10243220397024644,0.026262318464503925,0.10241344287789071
-0.0025583271291000228,0.10243222603662414,0.026262318467780096,0.1024134468683816
-0.002543392125067222,0.10243224804846028,0.026262318471048183,0.10241345084903067
-0.0025284952672441495,0.10243227000502036,0.026262318474307985,0.10241345481951256
-0.0025136359452914495,0.10243229190703096,0.02626231847755951,0.10241345877998996
-0.002498813854039444,0.10243231375448816,0.026262318480802883,0.1024134627305442
-0.0024840292986578116,0.10243233554775324,0.026262318484038105,0.10241346667109397
-0.002469281973976874,0.10243235728609176,0.026262318487265113,0.10241347060172057
-0.0024545718799966307,0.10243237897059568,0.026262318490484028,0.10241347452242403
-0.0024398984063777264,0.1024324006012612,0.026262318493694863,0.10241347843336698
-0.002425262468629195,0.10243242217771897,0.02626231849689754,0.10241348233430547
-0.002410663151242003,0.10243244370033046,0.026262318500092197,0.10241348622548346
-0.002396100759385827,0.10243246516945717,0.02626231850327876,0.10241349010681965
-0.0023815749878909913,0.10243248658472984,0.026262318506457303,0.10241349397839535
-0.002367085836757494,0.10243250794687539,0.026262318509627822,0.10241349784021056
-0.002352633000815658,0.10243252925589,0.026262318512790442,0.10241350169234664
-0.0023382167852351613,0.10243255051176982,0.02626231851594504,0.10241350553472224
-0.0023238368848463257,0.102432571714511,0.026262318519091672,0.10241350936741869
-0.0023094936048188293,0.10243259286410973,0.026262318522230283,0.10241351319035467
-0.0022951860296436385,0.10243261396129306,0.026262318525361063,0.10241351700377417
-0.0022809144644904316,0.1024326350060572,0.02626231852848401,0.10241352080759587
-0.0022666789093592076,0.10243265599803293,0.026262318531599056,0.10241352460181977
-0.0022524793642499674,0.10243267693794735,0.026262318534706206,0.10241352838644587
-0.0022383155239930324,0.10243269782543124,0.026262318537805588,0.10241353216155549
-0.0022241873885884035,0.10243271866084631,0.026262318540897136,0.10241353592714864
-0.00221009495803608,0.10243273944418883,0.026262318543980853,0.10241353968322534
-0.002196037927166384,0.10243276017582054,0.026262318547056795,0.10241354342986689
-0.0021820166011489945,0.10243278085573776,0.02626231855012497,0.10241354716699197
-0.002168030369644554,0.10243280148430225,0.0262623185531855,0.10241355089476327
-0.002154079232653064,0.10243282206114482,0.026262318556238267,0.10241355461318077
-0.002140163495344202,0.10243284258699283,0.026262318559283383,0.10241355832216315
-0.002126282547378612,0.102432863061477,0.0262623185623208,0.10241356202187306
-0.0021124369990956496,0.10243288348459373,0.026262318565350506,0.10241356571214785
-0.0020986262401559595,0.1024329038570704,0.026262318568372574,0.10241356939315018
-0.0020848499653898637,0.10243292417890343,0.02626231857138713,0.10241357306496139
-0.0020711087851367177,0.10243294444972356,0.02626231857439404,0.1024135767274188
-0.0020574020890571664,0.10243296467025834,0.02626231857739337,0.1024135803806851
-0.002043729877151209,0.10243298484013859,0.02626231858038512,0.10241358402476028
-0.0020300921494188465,0.10243300496009185,0.02626231858336936,0.10241358765964434
-0.002016488905860078,0.10243302502938334,0.02626231858634602,0.10241359128533728
-0.0020029198413052257,0.10243304504874065,0.026262318589315225,0.10241359490192045
-0.0019893849557542902,0.10243306501852588,0.026262318592276984,0.10241359850939383
-0.0019758842492072714,0.10243308493800421,0.026262318595231225,0.10241360210775743
-0.001962417416494491,0.10243310480826892,0.026262318598178014,0.10241360569709258
-0.0019489847627856272,0.10243312462858524,0.02626231860111742,0.10241360927731796
-0.0019355856777413243,0.10243314439968094,0.026262318604049432,0.10241361284859622
-0.0019222207717009378,0.10243316412118682,0.026262318606973936,0.10241361641076471
-0.0019088891291554344,0.10243318379383068,0.026262318609891176,0.10241361996406743
-0.0018955913604441696,0.10243320341724334,0.02626231861280103,0.10241362350834171
-0.0018823271603974658,0.10243322299142131,0.02626231861570349,0.10241362704366887
-0.001869096223845645,0.10243324251709256,0.026262318618598762,0.10241363057013027
-0.0018558982456190292,0.1024332619942536,0.026262318621486706,0.10241363408780724
-0.0018427341412266523,0.10243328142253519,0.026262318624367332,0.10241363759645575
-0.0018296029951594805,0.10243330080229965,0.026262318627240693,0.10241364109631984
-0.0018165048074175137,0.10243332013390921,0.026262318630106855,0.1024136445873995
-0.0018034398831704302,0.10243333941699474,0.02626231863296576,0.1024136480696134
-0.0017904079172485518,0.10243335865228434,0.026262318635817464,0.10241365154304284
-0.001777408604482201,0.10243337783940878,0.02626231863866198,0.10241365500776921
-0.0017644419448713772,0.10243339697873045,0.02626231864149936,0.10241365846379247
-0.001751508243585759,0.10243341607024598,0.026262318644329544,0.10241366191103131
-0.0017386071954556678,0.1024334351139519,0.02626231864715253,0.10241366534956706
-0.0017257381901417484,0.10243345411057658,0.026262318649968572,0.10241366877956237
-0.0017129021431530344,0.10243347305938488,0.026262318652777356,0.10241367220077326
-0.001700098138980492,0.10243349196110516,0.0262623186555792,0.10241367561344372
-0.0016873264827937991,0.10243351081573406,0.026262318658373907,0.10241367901749243
-0.001674586869423278,0.10243352962326827,0.02626231866116161,0.10241368241300072
-0.0016618796040386065,0.10243354838370443,0.026262318663942186,0.10241368579988727
-0.0016492043814701066,0.10243356709740509,0.026262318666715818,0.10241368917823337
-0.0016365608965481005,0.10243358576436694,0.026262318669482504,0.10241369254812041
-0.0016239491492725884,0.10243360438495257,0.026262318672242182,0.10241369590954835
-0.0016113694448132482,0.10243362295879274,0.026262318674994924,0.10241369926243589
-0.0015988217831700796,0.10243364148625017,0.026262318677740596,0.102413702606783
-0.0015863052488340492,0.10243365996768741,0.02626231868047952,0.1024137059428337
-0.001573820146974835,0.10243367840310123,0.0262623186832115,0.10241370927050666
-0.0015613667827621145,0.10243369679212244,0.026262318685936602,0.10241371258972053
-0.00154894485102621,0.10243371513547969,0.026262318688654758,0.10241371590055666
-0.001536554046597444,0.10243373343316972,0.026262318691366165,0.10241371920309637
-0.001524194674645494,0.10243375168482334,0.026262318694070638,0.10241372249725836
-0.0015118664300006821,0.10243376989116935,0.026262318696768355,0.10241372578312391
-0.001499569007493331,0.10243378805220447,0.026262318699459258,0.10241372906077442
-0.0014873027122931177,0.10243380616755955,0.02626231870214341,0.1024137323301285
-0.001475067239230365,0.10243382423796338,0.026262318704820806,0.10241373559126753
-0.0014628628934747507,0.10243384226304678,0.026262318707491395,0.10241373884411013
-0.0014506890646869186,0.10243386024317258,0.026262318710155295,0.10241374208881901
-0.0014385460580365473,0.10243387817833766,0.026262318712812448,0.10241374532531282
-0.0014264335683539585,0.10243389606890485,0.026262318715462907,0.10241374855367288
-0.0014143515956391523,0.10243391391487104,0.026262318718106685,0.10241375177389922
-0.0014023001398921285,0.10243393171623315,0.026262318720743832,0.10241375498599184
-0.0013902788959432096,0.10243394947298795,0.026262318723374298,0.10241375819003204
-0.0013782881689620734,0.10243396718549846,0.02626231872599814,0.10241376138593852
-0.0013663276537790418,0.10243398485376155,0.02626231872861536,0.1024137645737926
-0.001354397045224437,0.10243400247814029,0.026262318731226014,0.10241376775367562
-0.0013424966484679372,0.10243402005826543,0.026262318733830118,0.10241377092550626
-0.0013306261583398643,0.10243403759450004,0.026262318736427658,0.10241377408936582
-0.0013187858800098964,0.10243405508684099,0.026262318739018572,0.10241377724517299
-0.0013069752031386773,0.10243407253565143,0.026262318741602994,0.10241378039309045
-0.0012951941277262074,0.10243408994092829,0.026262318744180918,0.10241378353311817
-0.0012834429589421645,0.10243410730266851,0.026262318746752344,0.10241378666517484
-0.0012717213916168706,0.10243412462123522,0.026262318749317275,0.10241378978934179
-0.0012600294257503258,0.10243414189625927,0.026262318751875714,0.10241379290561903
-0.0012483670613425302,0.10243415912810379,0.026262318754427718,0.10241379601400653
-0.001236733688054128,0.10243417631713192,0.026262318756973355,0.10241379911466698
-0.0012251296110547972,0.10243419346334075,0.026262318759512557,0.10241380220751906
-0.0012135551355142156,0.10243421056636107,0.026262318762045326,0.10241380529248142
-0.0012020096510930273,0.10243422762692227,0.026262318764571732,0.10241380836971672
-0.0011904931577912325,0.10243424464502147,0.02626231876709177,0.10241381143922498
-0.001179005960778509,0.10243426162028946,0.02626231876960543,0.10241381450092486
-0.0011675477548851788,0.10243427855308955,0.026262318772112728,0.1024138175548977
-0.0011561182349415645,0.102434295443785,0.02626231877461372,0.10241382060122482
-0.0011447174009476657,0.10243431229237288,0.026262318777108475,0.10241382363990623
-0.0011333455580731604,0.10243432909885034,0.02626231877959692,0.1024138266708606
-0.0011220020959786929,0.10243434586321436,0.02626231878207906,0.10241382969425059
-0.0011106876250036187,0.10243436258582841,0.026262318784554962,0.10241383270991354
-0.0010994015348085825,0.10243437926632329,0.02626231878702456,0.10241383571801212
-0.0010881438253935842,0.10243439590542867,0.026262318789488037,0.10241383871854631
-0.0010769141915889457,0.1024344125031417,0.026262318791945276,0.1024138417115975
-0.0010657132437340228,0.10243442905909327,0.02626231879439628,0.10241384469700296
-0.00105454037148946,0.10243444557364678,0.026262318796841162,0.10241384767492538
-0.001043395574855257,0.10243446204716569,0.02626231879927987,0.10241385064536476
-0.0010322788538314144,0.10243447847964726,0.026262318801712467,0.10241385360832113
-0.0010211905135876092,0.10243449487072223,0.02626231880413882,0.1024138565637131
-0.0010101296386148086,0.10243451122112052,0.026262318806559187,0.10241385951178474
-0.0009990968392523678,0.10243452753047298,0.026262318808973437,0.10241386245237333
-0.0009880921155002872,0.10243454379914313,0.026262318811381514,0.10241386538547888
-0.0009771148570192107,0.10243456002712821,0.02626231881378354,0.10241386831126408
-0.0009661653689788164,0.10243457621442544,0.026262318816179516,0.10241387122964757
-0.0009552433462094265,0.10243459236139843,0.0262623188185695,0.10241387414071071
-0.0009443487887110409,0.1024346084680444,0.026262318820953506,0.10241387704445348
-0.0009334820016533375,0.10243462453436063,0.026262318823331392,0.10241387994079457
-0.0009226423746969606,0.10243464056071078,0.026262318825703297,0.10241388282989662
-0.000911830213011588,0.10243465654672565,0.026262318828069276,0.10241388571167832
-0.000901045211427542,0.10243467249276904,0.026262318830429263,0.102413888586221
-0.0008902873699448224,0.1024346883992046,0.026262318832783273,0.10241389145352466
-0.0008795563833937515,0.10243470426602963,0.026262318835131485,0.10241389431367062
-0.000868852862113685,0.10243472009287502,0.02626231883747365,0.10241389716649622
-0.0008581761957652672,0.10243473588010449,0.026262318839809885,0.10241390001216415
-0.0008475263843484979,0.10243475162808187,0.026262318842140326,0.1024139028506744
-0.0008369034278633775,0.10243476733680439,0.02626231884446484,0.10241390568202693
-0.0008263073263099056,0.10243478300590304,0.026262318846783504,0.10241390850622181
-0.0008157377745184047,0.10243479863610803,0.026262318849096373,0.10241391132334032
-0.0008051947724888746,0.10243481422705032,0.026262318851403378,0.1024139141333825
-0.0007946786253909932,0.10243482977909367,0.026262318853704527,0.10241391693626697
-0.0007841890280550826,0.10243484529223558,0.02626231885599988,0.10241391973207511
-0.000773725675311465,0.10243486076647332,0.026262318858289495,0.10241392252088824
-0.0007632885671601405,0.10243487620217083,0.026262318860573387,0.10241392530270636
-0.0007528780087707868,0.10243489159932552,0.026262318862851415,0.10241392807744813
-0.0007424936949737262,0.10243490695793485,0.026262318865123712,0.10241393084519489
-0.0007321353205992808,0.1024349222783627,0.026262318867390343,0.10241393360602796
-0.0007218031908171284,0.10243493756024004,0.02626231886965124,0.10241393635986604
-0.0007114970004575912,0.10243495280393074,0.026262318871906474,0.10241393910679045
-0.0007012167495206692,0.10243496800943237,0.026262318874156032,0.10241394184680117
-0.0006909624380063625,0.10243498317710885,0.026262318876399862,0.10241394457989822
-0.0006807343710843487,0.1024349983065912,0.026262318878638027,0.10241394730600026
-0.0006705316332455945,0.10243501339824333,0.026262318880870588,0.10241395002535131
-0.0006603548348294555,0.1024350284524294,0.026262318883097477,0.10241395273778868
-0.0006502036706662539,0.10243504346878025,0.026262318885318763,0.10241395544339373
-0.0006400778355863118,0.10243505844766004,0.02626231888753457,0.10241395814224775
-0.0006299776347593071,0.10243507338906623,0.026262318889744715,0.10241396083426946
-0.0006199030681852398,0.10243508829299636,0.026262318891949247,0.10241396351945882
-0.000609853830694432,0.1024351031594479,0.02626231889414818,0.1024139661978972
-0.0005998299222868838,0.1024351179891517,0.026262318896341636,0.10241396886958455
-0.0005898310377929173,0.10243513278173869,0.02626231889852961,0.10241397153460227
-0.0005798577875518882,0.1024351475368397,0.026262318900711987,0.10241397419278764
-0.0005699092560547631,0.1024351622555523,0.02626231890288895,0.10241397684438468
-0.0005599860536408973,0.10243517693714073,0.026262318905060367,0.10241397948923073
-0.0005500875699709356,0.10243519158233591,0.026262318907226374,0.10241398212748845
-0.0005402144153842334,0.10243520619040204,0.026262318909386843,0.10241398475899517
-0.0005303659795414351,0.1024352207624368,0.026262318911541894,0.10241398738391358
-0.0005205422624425407,0.10243523529770437,0.026262318913691532,0.10241399000224366
-0.0005107435692572281,0.10243524979656907,0.026262318915835695,0.10241399261390408
-0.0005009692896461415,0.10243526425939524,0.026262318917974512,0.1024139952190575
-0.0004912197287789587,0.10243527868581381,0.026262318920107913,0.10241399781762262
-0.00048149488665567993,0.10243529307618907,0.0262623189222359,0.10241400040959939
-0.0004717944581066272,0.1024353074305187,0.0262623189243586,0.10241400299506918
-0.0004621181379621227,0.10243532174916709,0.026262318926475948,0.10241400557411333
-0.00045246653656152216,0.10243533603176518,0.02626231892858795,0.10241400814656915
-0.00044283934873514763,0.10243535027867734,0.0262623189306946,0.10241401071251799
-0.0004332362693133214,0.10243536448990126,0.02626231893279597,0.10241401327204117
-0.0004236576034657212,0.10243537866543462,0.026262318934891983,0.10241401582505737
-0.00041410274085299144,0.10243539280564191,0.026262318936982776,0.10241401837172925
-0.00040457229181448774,0.1024354069105208,0.026262318939068222,0.10241402091189417
-0.0003950656460108545,0.10243542098006904,0.02626231894114851,0.10241402344571475
-0.0003855831086117695,0.1024354350142843,0.026262318943223513,0.1024140259731097
-0.0003761240692778771,0.10243544901353115,0.026262318945293347,0.10241402849424165
-0.0003666891383485329,0.10243546297780728,0.02626231894735791,0.10241403100894797
-0.00035727831582373694,0.10243547690674366,0.026262318949417177,0.10241403351722864
-0.0003478906861944558,0.10243549080107163,0.026262318951471415,0.10241403601932766
-0.0003385268598000451,0.10243550466078898,0.02626231895352043,0.10241403851508238
-0.0003291868366405048,0.10243551848552662,0.026262318955564225,0.10241404100449278
-0.0003198703115461571,0.10243553227564922,0.02626231895760286,0.10241404348764022
-0.0003105769793473241,0.10243554603152133,0.026262318959636464,0.10241404596460602
-0.00030130745038336163,0.10243555975277391,0.02626231896166485,0.10241404843522749
-0.00029206111431491385,0.10243557343977162,0.026262318963688136,0.10241405089966733
-0.0002828382763116587,0.10243558709214548,0.026262318965706268,0.1024140533578442
-0.0002736383260342405,0.10243560071062695,0.026262318967719425,0.10241405580992077
-0.00026446156865233704,0.10243561429521388,0.026262318969727496,0.1024140582558157
-0.0002553080041659484,0.1024356278455372,0.026262318971730533,0.102414060695529
-0.0002461776325750745,0.10243564136196169,0.02626231897372841,0.10241406312906065
-0.00023707045387971537,0.10243565484448516,0.026262318975721254,0.10241406555641068
-0.00022798585774051538,0.10243566829310546,0.026262318977709195,0.10241406797774173
-0.00021892445449683012,0.10243568170818738,0.026262318979692043,0.10241407039289116
-0.00020988563380930402,0.10243569508972879,0.026262318981669926,0.10241407280202161
-0.00020086970084761484,0.10243570843772758,0.026262318983642775,0.10241407520505177
-0.00019187635044208478,0.10243572175254849,0.026262318985610718,0.10241407760206296
-0.00018290588776239167,0.10243573503382261,0.02626231898757363,0.10241407999297386
-0.0001739580076388577,0.10243574828154778,0.02626231898953164,0.1024140823778658
-0.0001650327100714828,0.10243576149645578,0.026262318991484682,0.10241408475673876
-0.00015612968989058923,0.1024357746781776,0.026262318993432888,0.1024140871296741
-0.00014724925226585476,0.1024357878267112,0.026262318995376125,0.10241408949659049
-0.00013839139719727943,0.10243580094242141,0.026262318997314387,0.10241409185748791
-0.00012955551434550754,0.1024358140253062,0.02626231899924788,0.10241409421252903
-0.00012074190888021697,0.10243582707573047,0.026262319001176468,0.10241409656163254
-0.00011195058080140767,0.10243584009295831,0.026262319003100214,0.10241409890479843
-0.00010318153010907967,0.10243585307772157,0.026262319005019057,0.10241410124202668
-9.443445163355514e-05,0.10243586603001825,0.026262319006933123,0.10241410357339864
-8.57096505445119e-05,0.10243587894984633,0.02626231900884229,0.10241410589883299
-7.700682167227213e-05,0.10243589183720382,0.026262319010746677,0.10241410821841104
-6.8325659847158e-05,0.10243590469245564,0.026262319012646286,0.10241411053221415
-5.96661650691695e-05,0.10243591751559994,0.026262319014541183,0.10241411284024231
-5.10289476776623e-05,0.10243593030626763,0.026262319016431175,0.10241411514233283
-4.241370250295857e-05,0.1024359430648238,0.026262319018316396,0.10241411743856707
-3.381981920570266e-05,0.10243595579163342,0.0262623190201969,0.10241411972910769
-2.5247297785894553e-05,0.10243596848669458,0.026262319022072756,0.10241412201395471
-1.6697053752567745e-05,0.10243598114963832,0.02626231902394377,0.1024141242928641
-8.167866427010924e-06,0.10243599378119675,0.02626231902581014,0.10241412656616121
0.0,0.10243600587743107,0.026262319027597406,0.10241412874315492
