t_minus_t0_M,qnm_delta_h20_real_over_Mf_over_R,analytic_delta_h20_real_over_Mf_over_R,qnm_delta_h30_imag_over_Mf_over_R,analytic_delta_h30_imag_over_Mf_over_R
0.0,0.0,0.0,0.0,0.0
0.0390625,5.017220955059227e-06,5.017204297689805e-06,-7.242840965605146e-07,-7.242840965605146e-07
0.078125,1.0002873231016366e-05,1.0002840021086765e-05,-1.4440109506897857e-06,-1.44401095068984e-06
0.1171875,1.4957155460044319e-05,1.4957105801704325e-05,-2.159209236852458e-06,-2.1592092368524036e-06
0.15625,1.9880265024509496e-05,1.988019902125357e-05,-2.869907449091065e-06,-2.869907449091092e-06
0.1953125,2.4772398064835688e-05,2.4772315819507098e-05,-3.5761339021623558e-06,-3.5761339021623964e-06
0.234375,2.9633749487318432e-05,2.963365110211335e-05,-4.277916732664511e-06,-4.277916732664538e-06
0.2734375,3.4464512971890226e-05,3.44643985483618e-05,-4.975283900158427e-06,-4.975283900158413e-06
0.3125,3.926488097983691e-05,3.926475061889931e-05,-5.66826318828154e-06,-5.668263188281594e-06
0.3515625,4.403504476146543e-05,4.4034898563397875e-05,-6.356882205855126e-06,-6.35688220585518e-06
0.390625,4.877519436372344e-05,4.8775032428174166e-05,-7.041168387983735e-06,-7.041168387983789e-06
0.4296875,5.348551863777088e-05,5.348534106376114e-05,-7.721148997148525e-06,-7.721148997148579e-06
0.46875,5.816620524650397e-05,5.816601213243198e-05,-8.396851124293391e-06,-8.396851124293405e-06
0.5078125,6.281744067203183e-05,6.281723211567666e-05,-9.068301689904113e-06,-9.068301689904167e-06
0.546875,6.74394102231061e-05,6.743918632163159e-05,-9.735527445081305e-06,-9.735527445081332e-06
0.5859375,7.203229804250371e-05,7.203205889246235e-05,-1.039855497260565e-05,-1.039855497260565e-05
0.625,7.659628711436335e-05,7.659603281170012e-05,-1.1057410687997362e-05,-1.105741068799739e-05
0.6640625,8.113155927147565e-05,8.113128991153181e-05,-1.1712120840568521e-05,-1.1712120840568562e-05
0.703125,8.563829520252757e-05,8.563801088004453e-05,-1.2362711514468913e-05,-1.2362711514468872e-05
0.7421875,9.01166744593011e-05,9.01163752684241e-05,-1.3009208629724862e-05,-1.3009208629724835e-05
0.78125,9.456687546382686e-05,9.45665614981088e-05,-1.3651637943272476e-05,-1.3651637943272503e-05
0.8203125,9.898907551549244e-05,9.89887468678976e-05,-1.42900250499836e-05,-1.4290025049983572e-05
0.859375,0.00010338345079810624,0.00010338310756101388,-1.4924395383685314e-05,-1.4924395383685205e-05
0.8984375,0.00010775017638691671,0.00010774981865212499,-1.5554774218173235e-05,-1.5554774218173262e-05
0.9375,0.00011208942625558754,0.00011208905411431685,-1.6181186668219266e-05,-1.6181186668219225e-05
0.9765625,0.0001164013732831288,0.00011640098682602565,-1.6803657690570782e-05,-1.680365769057081e-05
1.015625,0.00012068618926078469,0.00012068578857792522,-1.7422212084946187e-05,-1.7422212084946268e-05
1.0546875,0.00012494404489887774,0.00012494363007977137,-1.8036874495022418e-05,-1.803687449502243e-05
1.09375,0.00012917510983361013,0.000129174680967203,-1.864766940941646e-05,-1.8647669409416502e-05
1.1328125,0.00013337955263382202,0.00013337910980850068,-1.925462116266166e-05,-1.9254621162661715e-05
1.171875,0.00013755754080770752,0.00013755708411130235,-1.985775393617686e-05,-1.985775393617686e-05
1.2109375,0.00014170924080948835,0.0001417087703292771,-2.0457091759229607e-05,-2.045709175922966e-05
1.25,0.0001458348180460455,0.0001458343338687568,-2.105265850989413e-05,-2.1052658509894157e-05
1.2890625,0.00014993443688350914,0.00014993393909532585,-2.1644477916001883e-05,-2.164447791600195e-05
1.328125,0.0001540082606538071,0.00015400774934036987,-2.2232573556087634e-05,-2.2232573556087674e-05
1.3671875,0.00015805645166117217,0.00015805592690758277,-2.2816968860328235e-05,-2.2816968860328208e-05
1.40625,0.00016207917118860838,0.0001620786330794331,-2.3397687111476216e-05,-2.339768711147627e-05
1.4453125,0.00016607657950431663,0.00016607602812358972,-2.3974751445788038e-05,-2.3974751445788025e-05
1.484375,0.00017004883586808,0.00017004827129930687,-2.454818485394473e-05,-2.4548184853944783e-05
1.5234375,0.00017399609853760862,0.0001739955208637693,-2.5118010181969023e-05,-2.5118010181968996e-05
1.5625,0.00017791852477484492,0.00017791793407839743,-2.5684250132134535e-05,-2.568425013213448e-05
1.6015625,0.00018181627085222895,0.00018181566721511228,-2.624692726387085e-05,-2.624692726387085e-05
1.640625,0.0001856894920589245,0.00018568887556256227,-2.6806063994662353e-05,-2.6806063994662367e-05
1.6796875,0.00018953834270700587,0.00018953771343230925,-2.7361682600941033e-05,-2.7361682600941006e-05
1.71875,0.0001933629761376058,0.00019336233416497687,-2.7913805218973993e-05,-2.791380521897398e-05
1.7578125,0.00019716354472702465,0.00019716289013635966,-2.8462453845745652e-05,-2.8462453845745693e-05
1.796875,0.00020094019989280132,0.00020093953276349374,-2.900765033983407e-05,-2.9007650339834098e-05
1.8359375,0.00020469309209974568,0.00020469241251068948,-2.954941642228146e-05,-2.9549416422281543e-05
1.875,0.0002084223708659333,0.00020842167889552603,-3.0087773677460217e-05,-3.008777367746019e-05
1.9140625,0.00021212818476866235,0.00021212748049480822,-3.062274355393192e-05,-3.062274355393193e-05
1.953125,0.00021581068145037297,0.0002158099649504861,-3.11543473653029e-05,-3.1154347365302924e-05
1.9921875,0.00021947000762452957,0.000219469278975537,-3.16826062910727e-05,-3.168260629107271e-05
2.03125,0.0002231063090814659,0.00022310556835981058,-3.220754137747803e-05,-3.220754137747807e-05
2.0703125,0.0002267197306941935,0.00022671897797583732,-3.2729173538331564e-05,-3.2729173538331496e-05
2.109375,0.00023031041642417355,0.00023030965178460062,-3.324752355585442e-05,-3.3247523555854434e-05
2.1484375,0.0002338785093270524,0.00023387773284127175,-3.376261208150518e-05,-3.37626120815052e-05
2.1875,0.00023742415155836102,0.00023742336330090976,-3.427445963680186e-05,-3.4274459636801836e-05
2.2265625,0.0002409474843791785,0.00024094668442412474,-3.4783086614139684e-05,-3.478308661413967e-05
2.265625,0.0002444486481617602,0.000244447836582706,-3.5288513277603734e-05,-3.5288513277603734e-05
2.3046875,0.00024792778239513,0.0002479269592652144,-3.579075976377614e-05,-3.579075976377614e-05
2.34375,0.000251385025690638,0.0002513841910825397,-3.6289846082538264e-05,-3.6289846082538304e-05
2.3828125,0.00025482051578748255,0.000254819669773423,-3.6785792117868186e-05,-3.6785792117868186e-05
2.421875,0.0002582343895581981,0.00025823353220994443,-3.7278617628632446e-05,-3.7278617628632474e-05
2.4609375,0.00026162678301410835,0.0002616259144029759,-3.77683422493738e-05,-3.776834224937379e-05
2.5,0.00026499783131074474,0.00026499695150760034,-3.8254985491092936e-05,-3.825498549109292e-05
2.5390625,0.0002683476687532315,0.0002683467778284961,-3.873856674202613e-05,-3.8738566742026174e-05
2.578125,0.00027167642880163633,0.00027167552682528764,-3.921910526841778e-05,-3.921910526841785e-05
2.6171875,0.0002749842440762875,0.00027498333111786297,-3.969662021528781e-05,-3.969662021528777e-05
2.65625,0.0002782712463630575,0.000278270322491657,-4.017113060719404e-05,-4.0171130607194065e-05
2.6953125,0.0002815375666186138,0.0002815366319029026,-4.064265534899108e-05,-4.064265534899108e-05
2.734375,0.0002847833349756358,0.00028478238948384695,-4.111121322658258e-05,-4.111121322658264e-05
2.7734375,0.0002880086807479998,0.0002880077245479371,-4.157682290767039e-05,-4.157682290767039e-05
2.8125,0.0002912137324359308,0.0002912127655949715,-4.203950294249762e-05,-4.203950294249765e-05
2.8515625,0.0002943986177311221,0.0002943976403162192,-4.2499271764588346e-05,-4.249927176458837e-05
2.890625,0.0002975634635218224,0.00029756247559950793,-4.295614769148156e-05,-4.295614769148159e-05
2.9296875,0.00030070839589789157,0.0003007073975342789,-4.341014892546116e-05,-4.3410148925461176e-05
2.96875,0.0003038335401558238,0.0003038325314166102,-4.386129355428107e-05,-4.3861293554281095e-05
3.0078125,0.00030693902080373964,0.00030693800175420906,-4.430959955188595e-05,-4.4309599551885974e-05
3.046875,0.00031002496156634646,0.00031002393227137206,-4.475508477912719e-05,-4.475508477912719e-05
3.0859375,0.00031309148538986777,0.00031309044591391454,-4.519776698447453e-05,-4.51977669844745e-05
3.125,0.00031613871444694154,0.00031613766485406896,-4.563766380472321e-05,-4.5637663804723195e-05
3.1640625,0.00031916677014148754,0.00031916571049535184,-4.607479276569659e-05,-4.607479276569663e-05
3.203125,0.0003221757731135442,0.0003221747034774012,-4.650917128294452e-05,-4.650917128294457e-05
3.2421875,0.0003251658432440751,0.0003251647636807825,-4.694081666243709e-05,-4.694081666243705e-05
3.28125,0.00032813709965974486,0.000328136010231765,-4.736974610125372e-05,-4.7369746101253764e-05
3.3203125,0.0003310896607376656,0.00033108856150706773,-4.779597668826924e-05,-4.779597668826931e-05
3.359375,0.0003340236441101129,0.0003340225351385757,-4.821952540483396e-05,-4.821952540483396e-05
3.3984375,0.0003369391666692125,0.0003369380480180266,-4.86404091254502e-05,-4.864040912545023e-05
3.4375,0.00033983634457159727,0.0003398352163016677,-4.9058644618445215e-05,-4.905864461844519e-05
3.4765625,0.000342715293243035,0.0003427141554148835,-4.9474248546638465e-05,-4.947424854663849e-05
3.515625,0.00034557612738302714,0.00034557498005679453,-4.9887237468006256e-05,-4.9887237468006256e-05
3.5546875,0.00034841896096937837,0.00034841780420482725,-5.029762783634073e-05,-5.029762783634075e-05
3.59375,0.0003512439072627377,0.0003512427411192547,-5.0705436001905935e-05,-5.0705436001905894e-05
3.6328125,0.0003540510788111108,0.00035404990334770875,-5.111067821208872e-05,-5.1110678212088734e-05
3.671875,0.00035684058745434405,0.00035683940272966436,-5.151337061204666e-05,-5.1513370612046646e-05
3.7109375,0.00035961254432858013,0.0003596113504008955,-5.191352924535067e-05,-5.191352924535067e-05
3.75,0.0003623670598706861,0.00036236585679790223,-5.231117005462463e-05,-5.2311170054624646e-05
3.7890625,0.0003651042438226529,0.00036510303166231153,-5.270630888218035e-05,-5.270630888218039e-05
3.828125,0.00036782420523596797,0.0003678229840452484,-5.309896147064889e-05,-5.309896147064888e-05
3.8671875,0.00037052705247595956,0.0003705258223116817,-5.3489143463607424e-05,-5.3489143463607424e-05
3.90625,0.0003732128932261143,0.00037321165414474036,-5.387687040620292e-05,-5.3876870406202934e-05
3.9453125,0.00037588183449236746,0.00037588058655000435,-5.426215774577128e-05,-5.426215774577126e-05
3.984375,0.0003785339826073659,0.00037853272585976753,-5.4645020832452614e-05,-5.46450208324526e-05
4.0234375,0.0003811694432347046,0.0003811681777372741,-5.502547491980307e-05,-5.50254749198031e-05
4.0625,0.0003837883213731364,0.0003837870471809282,-5.540353516540246e-05,-5.5403535165402504e-05
4.1015625,0.0003863907213607552,0.00038638943852847753,-5.577921663145808e-05,-5.5779216631458115e-05
4.140625,0.0003889767468791529,0.0003889754554611695,-5.615253428540482e-05,-5.6152534285404846e-05
4.1796875,0.0003915465009575499,0.0003915452010078826,-5.65235030005015e-05,-5.6523503000501535e-05
4.21875,0.00039410008597690033,0.0003940987775492311,-5.689213755642348e-05,-5.689213755642351e-05
4.2578125,0.0003966376036739706,0.0003966362868216436,-5.725845263985143e-05,-5.725845263985142e-05
4.296875,0.0003991591551453928,0.00039915782992141645,-5.762246284505641e-05,-5.762246284505641e-05
4.3359375,0.00040166484085169245,0.0004016635073087417,-5.798418267448147e-05,-5.7984182674481464e-05
4.375,0.00040415476062129104,0.00040415341881170947,-5.83436265393193e-05,-5.83436265393193e-05
4.4140625,0.0004066290136544831,0.00040662766363028485,-5.8700808760086446e-05,-5.870080876008646e-05
4.453125,0.00040908769852738837,0.00040908634034026044,-5.905574356719386e-05,-5.905574356719388e-05
4.4921875,0.0004115309131958795,0.00041152954689718346,-5.940844510151378e-05,-5.9408445101513804e-05
4.53125,0.00041395875499948423,0.0004139573806402586,-5.975892741494321e-05,-5.975892741494322e-05
4.5703125,0.00041637132066526383,0.0004163699382962261,-6.010720447096366e-05,-6.010720447096366e-05
4.609375,0.0004187687063116666,0.000418767315983215,-6.045329014519751e-05,-6.045329014519754e-05
4.6484375,0.00042115100745235734,0.00042114960921457283,-6.079719822596093e-05,-6.079719822596092e-05
4.6875,0.00042351831900002264,0.0004235169129026714,-6.113894241481292e-05,-6.113894241481293e-05
4.7265625,0.00042587073527015234,0.0004258693213626873,-6.147853632710158e-05,-6.147853632710158e-05
4.765625,0.0004282083499847972,0.0004282069283163599,-6.181599349250622e-05,-6.181599349250623e-05
4.8046875,0.0004305312562763026,0.0004305298268957258,-6.21513273555766e-05,-6.215132735557661e-05
4.84375,0.0004328395466910193,0.00043283810964682824,-6.248455127626852e-05,-6.248455127626852e-05
4.8828125,0.0004351333131929904,0.000435131868533405,-6.2815678530476e-05,-6.281567853047597e-05
4.921875,0.0004374126471676153,0.00043741119494055227,-6.31447223105603e-05,-6.314472231056029e-05
4.9609375,0.0004396776394252906,0.0004396761796783647,-6.347169572587551e-05,-6.347169572587553e-05
5.0,0.0004419283802050278,0.0004419269129855547,-6.379661180329086e-05,-6.379661180329086e-05
5.0390625,0.00044416495917804893,0.0004441634845330463,-6.411948348770957e-05,-6.411948348770957e-05
5.078125,0.00044638746545135874,0.00044638598342754853,-6.444032364258479e-05,-6.444032364258476e-05
5.1171875,0.000448595987571295,0.0004485944982151052,-6.475914505043188e-05,-6.475914505043188e-05
5.15625,0.0004507906135270562,0.00045078911688462253,-6.507596041333788e-05,-6.507596041333788e-05
5.1953125,0.0004529714307542071,0.00045296992687137507,-6.539078235346746e-05,-6.539078235346747e-05
5.234375,0.00045513852613816207,0.00045513701506048887,-6.570362341356582e-05,-6.570362341356581e-05
5.2734375,0.00045729198601764706,0.000457290467790403,-6.601449605745828e-05,-6.60144960574583e-05
5.3125,0.00045943189618813905,0.0004594303708563096,-6.63234126705472e-05,-6.632341267054718e-05
5.3515625,0.00046155834190528435,0.0004615568095135721,-6.663038556030489e-05,-6.66303855603049e-05
5.390625,0.00046367140788829516,0.0004636698684811214,-6.693542695676453e-05,-6.693542695676452e-05
5.4296875,0.000465771178323325,0.00046576963194483136,-6.723854901300694e-05,-6.723854901300694e-05
5.46875,0.00046785773686682257,0.00046785618356087315,-6.753976380564505e-05,-6.753976380564505e-05
5.5078125,0.0004699311666488649,0.0004699296064590477,-6.783908333530495e-05,-6.783908333530496e-05
5.546875,0.00047199155027646903,0.00047198998324609774,-6.813651952710406e-05,-6.813651952710404e-05
5.5859375,0.00047403896983688347,0.00047403739600899926,-6.843208423112606e-05,-6.843208423112605e-05
5.625,0.00047607350690085834,0.0004760719263182317,-6.872578922289326e-05,-6.872578922289326e-05
5.6640625,0.00047809524252589536,0.00047809365523102755,-6.90176462038356e-05,-6.901764620383558e-05
5.703125,0.0004801042572594772,0.000480102663294602,-6.930766680175677e-05,-6.930766680175677e-05
5.7421875,0.0004821006311422765,0.0004820990305493621,-6.959586257129773e-05,-6.959586257129774e-05
5.78125,0.0004840844437113449,0.0004840828365320954,-6.988224499439675e-05,-6.988224499439676e-05
5.8203125,0.0004860557740032817,0.0004860541602791386,-7.01668254807471e-05,-7.016682548074709e-05
5.859375,0.00048801470055738277,0.000488013080329527,-7.044961536825141e-05,-7.044961536825141e-05
5.8984375,0.0004899613014187696,0.0004899596747281231,-7.073062592347358e-05,-7.073062592347358e-05
5.9375,0.000491895654141499,0.000491894021028726,-7.100986834208755e-05,-7.100986834208755e-05
5.9765625,0.0004938178357916524,0.0004938161962971611,-7.12873537493233e-05,-7.128735374932333e-05
6.015625,0.0004957279229504064,0.0004957262771143513,-7.15630932004103e-05,-7.156309320041029e-05
6.0546875,0.000497625991717084,0.0004976243395793665,-7.183709768101753e-05,-7.183709768101754e-05
6.09375,0.0004995121177121864,0.0004995104593124569,-7.210937810769166e-05,-7.210937810769168e-05
6.1328125,0.0005013863760804055,0.000501384711458065,-7.237994532829171e-05,-7.23799453282917e-05
6.171875,0.000503248841493618,0.0005032471706878196,-7.264881012242116e-05,-7.264881012242113e-05
6.2109375,0.0005050995881538605,0.0005050979112035111,-7.291598320185759e-05,-7.291598320185756e-05
6.25,0.0005069386897962855,0.0005069370067400467,-7.318147521097936e-05,-7.318147521097936e-05
6.2890625,0.0005087662196920989,0.0005087645305683896,-7.344529672718982e-05,-7.344529672718982e-05
6.328125,0.0005105822506514798,0.0005105805554984768,-7.370745826133851e-05,-7.370745826133847e-05
6.3671875,0.0005123868550264807,0.0005123851538821207,-7.396797025813995e-05,-7.396797025813995e-05
6.40625,0.0005141801047139103,0.0005141783976158914,-7.422684309659001e-05,-7.422684309659001e-05
6.4453125,0.0005159620711581981,0.000515960358143981,-7.448408709037915e-05,-7.448408709037918e-05
6.484375,0.0005177328253542404,0.0005177311064610502,-7.473971248830348e-05,-7.473971248830348e-05
6.5234375,0.0005194924378502291,0.0005194907131150568,-7.499372947467292e-05,-7.499372947467295e-05
6.5625,0.0005212409787504625,0.0005212392482100661,-7.524614816971718e-05,-7.524614816971718e-05
6.6015625,0.0005229785177181378,0.0005229767814090442,-7.549697862998866e-05,-7.54969786299887e-05
6.640625,0.0005247051239781271,0.0005247033819366333,-7.574623084876349e-05,-7.574623084876352e-05
6.6796875,0.000526420866319735,0.0005264191185819098,-7.599391475643935e-05,-7.599391475643935e-05
6.71875,0.0005281258130994394,0.0005281240597011242,-7.624004022093117e-05,-7.624004022093115e-05
6.7578125,0.0005298200322436146,0.0005298182732204258,-7.648461704806435e-05,-7.648461704806432e-05
6.796875,0.0005315035912512382,0.0005315018266385678,-7.672765498196543e-05,-7.672765498196543e-05
6.8359375,0.0005331765571965795,0.0005331747870295967,-7.696916370545032e-05,-7.696916370545032e-05
6.875,0.0005348389967318721,0.0005348372210455252,-7.720915284040994e-05,-7.720915284040994e-05
6.9140625,0.0005364909760899698,0.0005364891949189871,-7.74476319481937e-05,-7.744763194819369e-05
6.953125,0.0005381325610869848,0.0005381307744658756,-7.768461052999029e-05,-7.768461052999032e-05
6.9921875,0.0005397638171249098,0.0005397620250879669,-7.792009802720646e-05,-7.792009802720648e-05
7.03125,0.0005413848091942243,0.0005413830117755244,-7.81541038218429e-05,-7.815410382184293e-05
7.0703125,0.0005429956018764834,0.0005429937991098892,-7.838663723686818e-05,-7.838663723686822e-05
7.109375,0.0005445962593468909,0.0005445944512660514,-7.861770753659019e-05,-7.861770753659019e-05
7.1484375,0.0005461868453768559,0.0005461850320152087,-7.884732392702507e-05,-7.884732392702507e-05
7.1875,0.0005477674233365338,0.000547765604727306,-7.907549555626425e-05,-7.907549555626422e-05
7.2265625,0.0005493380561973508,0.0005493362323735605,-7.930223151483867e-05,-7.930223151483867e-05
7.265625,0.0005508988065345129,0.0005508969775289706,-7.952754083608117e-05,-7.952754083608116e-05
7.3046875,0.0005524497365294987,0.0005524479023748082,-7.975143249648611e-05,-7.975143249648614e-05
7.34375,0.0005539909079725372,0.0005539890687010973,-7.997391541606741e-05,-7.997391541606741e-05
7.3828125,0.0005555223822650689,0.0005555205379090746,-8.01949984587135e-05,-8.019499845871348e-05
7.421875,0.0005570442204221928,0.0005570423710136365,-8.04146904325406e-05,-8.04146904325406e-05
7.4609375,0.0005585564830750967,0.0005585546286457693,-8.063300009024388e-05,-8.063300009024388e-05
7.5,0.0005600592304734733,0.0005600573710549659,-8.084993612944592e-05,-8.084993612944589e-05
7.5390625,0.0005615525224879201,0.0005615506581116248,-8.106550719304315e-05,-8.106550719304315e-05
7.578125,0.000563036418612325,0.0005630345493094366,-8.127972186955055e-05,-8.127972186955056e-05
7.6171875,0.0005645109779662364,0.0005645091037677533,-8.149258869344352e-05,-8.14925886934435e-05
7.65625,0.0005659762592972188,0.0005659743802339446,-8.170411614549788e-05,-8.170411614549788e-05
7.6953125,0.0005674323209831934,0.0005674304370857376,-8.19143126531281e-05,-8.191431265312808e-05
7.734375,0.0005688792210347633,0.0005688773323335427,-8.212318659072253e-05,-8.212318659072254e-05
7.7734375,0.0005703170170975254,0.0005703151236227658,-8.233074627997756e-05,-8.233074627997757e-05
7.8125,0.0005717457664543669,0.0005717438682361037,-8.253699999022887e-05,-8.253699999022884e-05
7.8515625,0.000573165526027747,0.0005731636230958267,-8.27419559387808e-05,-8.274195593878077e-05
7.890625,0.0005745763523819654,0.0005745744447660466,-8.294562229123402e-05,-8.294562229123402e-05
7.9296875,0.0005759783017254156,0.0005759763894549702,-8.31480071618107e-05,-8.314800716181073e-05
7.96875,0.0005773714299128239,0.0005773695130171386,-8.334911861367783e-05,-8.334911861367783e-05
8.0078125,0.0005787557924474754,0.0005787538709556524,-8.354896465926831e-05,-8.354896465926831e-05
8.046875,0.0005801314444834248,0.0005801295184243835,-8.374755326060042e-05,-8.37475532606004e-05
8.0859375,0.0005814984408276939,0.0005814965102301712,-8.394489232959477e-05,-8.394489232959477e-05
8.125,0.0005828568359424551,0.0005828549008350076,-8.414098972838981e-05,-8.414098972838981e-05
8.1640625,0.0005842066839472015,0.0005842047443582061,-8.43358532696548e-05,-8.43358532696548e-05
8.203125,0.0005855480386209027,0.0005855460945785572,-8.452949071690119e-05,-8.45294907169012e-05
8.2421875,0.0005868809534041474,0.0005868790049364729,-8.4721909784792e-05,-8.472190978479198e-05
8.28125,0.000588205481401273,0.0005882035285361138,-8.491311813944895e-05,-8.491311813944893e-05
8.3203125,0.0005895216753824807,0.0005895197181475061,-8.510312339875808e-05,-8.510312339875809e-05
8.359375,0.0005908295877859383,0.0005908276262086435,-8.52919331326733e-05,-8.529193313267331e-05
8.3984375,0.0005921292707198692,0.0005921273048275762,-8.547955486351775e-05,-8.547955486351775e-05
8.4375,0.0005934207759646285,0.0005934188057844877,-8.566599606628368e-05,-8.566599606628368e-05
8.4765625,0.0005947041549747659,0.0005947021805337568,-8.585126416893018e-05,-8.585126416893018e-05
8.515625,0.0005959794588810759,0.0005959774802060081,-8.603536655267917e-05,-8.603536655267919e-05
8.5546875,0.0005972467384926345,0.0005972447556101489,-8.621831055230943e-05,-8.621831055230945e-05
8.59375,0.000598506044298824,0.0005985040572353938,-8.640010345644885e-05,-8.640010345644885e-05
8.6328125,0.0005997574264713439,0.0005997554352532762,-8.658075250786478e-05,-8.658075250786478e-05
8.671875,0.0006010009348662105,0.0006009989395196462,-8.67602649037526e-05,-8.67602649037526e-05
8.7109375,0.0006022366190257423,0.0006022346195766583,-8.69386477960225e-05,-8.69386477960225e-05
8.75,0.0006034645281805347,0.0006034625246547446,-8.71159082915844e-05,-8.71159082915844e-05
8.7890625,0.0006046847112514211,0.0006046827036745756,-8.729205345263101e-05,-8.729205345263101e-05
8.828125,0.0006058972168514217,0.0006058952052490101,-8.746709029691935e-05,-8.746709029691936e-05
8.8671875,0.0006071020932876802,0.0006071000776850319,-8.764102579805024e-05,-8.764102579805024e-05
8.90625,0.000608299388563389,0.0006082973689856734,-8.78138668857461e-05,-8.78138668857461e-05
8.9453125,0.000609489150379701,0.0006094871268519299,-8.798562044612713e-05,-8.798562044612713e-05
8.984375,0.0006106714261376306,0.000610669398684658,-8.815629332198561e-05,-8.815629332198564e-05
9.0234375,0.0006118462629399418,0.0006118442315864651,-8.832589231305856e-05,-8.832589231305856e-05
9.0625,0.0006130137075930251,0.0006130116723635866,-8.849442417629855e-05,-8.849442417629855e-05
9.1015625,0.000614173806608762,0.0006141717675277495,-8.866189562614302e-05,-8.8661895626143e-05
9.140625,0.0006153266062063782,0.0006153245632980261,-8.882831333478166e-05,-8.882831333478166e-05
9.1796875,0.0006164721523142853,0.0006164701056026753,-8.899368393242241e-05,-8.899368393242244e-05
9.21875,0.0006176104905719101,0.0006176084400809728,-8.91580140075555e-05,-8.91580140075555e-05
9.2578125,0.0006187416663315133,0.0006187396120850283,-8.932131010721585e-05,-8.932131010721585e-05
9.296875,0.0006198657246599962,0.0006198636666815936,-8.94835787372441e-05,-8.948357873724412e-05
9.3359375,0.0006209827103406963,0.0006209806486538577,-8.964482636254573e-05,-8.964482636254574e-05
9.375,0.0006220926678751713,0.0006220906025032303,-8.980505940734859e-05,-8.980505940734857e-05
9.4140625,0.0006231956414849722,0.0006231935724511159,-8.996428425545883e-05,-8.996428425545882e-05
9.453125,0.0006242916751134055,0.0006242896024406747,-9.012250725051533e-05,-9.012250725051533e-05
9.4921875,0.0006253808124272831,0.0006253787361385739,-9.027973469624237e-05,-9.027973469624238e-05
9.53125,0.0006264630968186629,0.0006264610169367272,-9.043597285670084e-05,-9.043597285670084e-05
9.5703125,0.0006275385714065768,0.0006275364879540236,-9.059122795653763e-05,-9.059122795653763e-05
9.609375,0.0006286072790387491,0.0006286051920380449,-9.074550618123388e-05,-9.074550618123388e-05
9.6484375,0.0006296692622933036,0.0006296671717667738,-9.089881367735119e-05,-9.089881367735119e-05
9.6875,0.0006307245634804597,0.0006307224694502887,-9.105115655277664e-05,-9.105115655277664e-05
9.7265625,0.000631773224644218,0.0006317711271324509,-9.120254087696607e-05,-9.120254087696608e-05
9.765625,0.0006328152875640356,0.000632813186592579,-9.135297268118598e-05,-9.135297268118596e-05
9.8046875,0.0006338507937564908,0.0006338486893471131,-9.150245795875358e-05,-9.150245795875361e-05
9.84375,0.0006348797844769365,0.0006348776766512695,-9.165100266527598e-05,-9.165100266527597e-05
9.8828125,0.0006359023007211445,0.0006359001895006836,-9.179861271888698e-05,-9.1798612718887e-05
9.921875,0.0006369183832269386,0.000636916268633044,-9.194529400048329e-05,-9.19452940004833e-05
9.9609375,0.0006379280724758172,0.0006379259545297149,-9.209105235395855e-05,-9.209105235395855e-05
10.0,0.000638931408694567,0.0006389292874173494,-9.223589358643624e-05,-9.223589358643624e-05
10.0390625,0.0006399284318568649,0.0006399263072694914,-9.237982346850106e-05,-9.237982346850106e-05
10.078125,0.0006409191816848708,0.0006409170538081691,-9.252284773442882e-05,-9.25228477344288e-05
10.1171875,0.0006419036976508102,0.0006419015665054771,-9.266497208241488e-05,-9.266497208241487e-05
10.15625,0.0006428820189785468,0.0006428798845851489,-9.28062021748012e-05,-9.28062021748012e-05
10.1953125,0.0006438541846451454,0.0006438520470241194,-9.294654363830192e-05,-9.294654363830194e-05
10.234375,0.0006448202333824244,0.000644818092554079,-9.308600206422754e-05,-9.308600206422756e-05
10.2734375,0.0006457802036784992,0.0006457780596630149,-9.322458300870764e-05,-9.322458300870765e-05
10.3125,0.0006467341337793154,0.0006467319865967458,-9.336229199291229e-05,-9.336229199291229e-05
10.3515625,0.0006476820616901725,0.0006476799113604453,-9.349913450327201e-05,-9.349913450327201e-05
10.390625,0.0006486240251772385,0.0006486218717201557,-9.363511599169632e-05,-9.363511599169632e-05
10.4296875,0.000649560061769054,0.0006495579052042933,-9.377024187579101e-05,-9.3770241875791e-05
10.46875,0.0006504902087580278,0.0006504880491051427,-9.390451753907387e-05,-9.390451753907387e-05
10.5078125,0.0006514145032019221,0.0006514123404803433,-9.403794833118934e-05,-9.403794833118934e-05
10.546875,0.0006523329819253296,0.0006523308161543658,-9.417053956812151e-05,-9.417053956812152e-05
10.5859375,0.0006532456815211402,0.0006532435127199781,-9.430229653240594e-05,-9.430229653240594e-05
10.625,0.0006541526383519988,0.0006541504665397046,-9.443322447334014e-05,-9.443322447334015e-05
10.6640625,0.0006550538885517545,0.0006550517137472746,-9.456332860719274e-05,-9.456332860719274e-05
10.703125,0.0006559494680268995,0.0006559472902490607,-9.469261411741119e-05,-9.46926141174112e-05
10.7421875,0.0006568394124580004,0.0006568372317255112,-9.482108615482845e-05,-9.482108615482844e-05
10.78125,0.000657723757301119,0.0006577215736325706,-9.4948749837868e-05,-9.4948749837868e-05
10.8203125,0.0006586025377892255,0.0006586003512030916,-9.507561025274796e-05,-9.507561025274796e-05
10.859375,0.0006594757889336019,0.0006594735994482402,-9.520167245368358e-05,-9.52016724536836e-05
10.8984375,0.000660343545525237,0.0006603413531588896,-9.532694146308871e-05,-9.532694146308872e-05
10.9375,0.0006612058421362125,0.0006612036469070067,-9.54514222717758e-05,-9.54514222717758e-05
10.9765625,0.0006620627131210801,0.0006620605150470291,-9.55751198391548e-05,-9.55751198391548e-05
11.015625,0.0006629141926182306,0.0006629119917172346,-9.569803909343074e-05,-9.569803909343074e-05
11.0546875,0.0006637603145512539,0.0006637581108410998,-9.582018493180003e-05,-9.582018493180004e-05
11.09375,0.0006646011126302902,0.0006645989061286537,-9.594156222064567e-05,-9.594156222064569e-05
11.1328125,0.0006654366203533735,0.0006654344110778188,-9.606217579573102e-05,-9.606217579573102e-05
11.171875,0.0006662668710077661,0.0006662646589757469,-9.618203046239248e-05,-9.618203046239248e-05
11.2109375,0.0006670918976712846,0.0006670896829001447,-9.630113099573101e-05,-9.630113099573101e-05
11.25,0.0006679117332136177,0.0006679095157205918,-9.641948214080231e-05,-9.641948214080231e-05
11.2890625,0.0006687264102976362,0.0006687241900998506,-9.653708861280586e-05,-9.653708861280587e-05
11.328125,0.0006695359613806936,0.0006695337384951666,-9.665395509727285e-05,-9.665395509727285e-05
11.3671875,0.00067034041871592,0.0006703381931595634,-9.677008625025273e-05,-9.677008625025275e-05
11.40625,0.0006711398143535065,0.0006711375861431251,-9.688548669849886e-05,-9.688548669849888e-05
11.4453125,0.0006719341801419823,0.0006719319492942755,-9.700016103965275e-05,-9.700016103965275e-05
11.484375,0.0006727235477294838,0.0006727213142610458,-9.711411384242719e-05,-9.711411384242719e-05
11.5234375,0.0006735079485650151,0.0006735057124923357,-9.72273496467884e-05,-9.722734964678842e-05
11.5625,0.0006742874138997012,0.0006742851752391665,-9.733987296413685e-05,-9.733987296413685e-05
11.6015625,0.000675061974788033,0.0006750597335559258,-9.745168827748694e-05,-9.745168827748692e-05
11.640625,0.0006758316620891045,0.0006758294183016055,-9.756280004164562e-05,-9.756280004164563e-05
11.6796875,0.0006765965064678422,0.00067659426014103,-9.767321268339002e-05,-9.767321268339002e-05
11.71875,0.0006773565383962271,0.0006773542895460792,-9.77829306016436e-05,-9.778293060164362e-05
11.7578125,0.0006781117881545084,0.0006781095367969018,-9.78919581676516e-05,-9.789195816765159e-05
11.796875,0.00067886228583241,0.0006788600319831219,-9.800029972515498e-05,-9.800029972515497e-05
11.8359375,0.0006796080613303293,0.0006796058050050375,-9.810795959056368e-05,-9.81079595905637e-05
11.875,0.0006803491443605286,0.0006803468855748121,-9.821494205312856e-05,-9.821494205312854e-05
11.9140625,0.0006810855644483186,0.0006810833032176586,-9.832125137511207e-05,-9.832125137511209e-05
11.953125,0.0006818173509332348,0.0006818150872730151,-9.842689179195843e-05,-9.842689179195843e-05
11.9921875,0.0006825445329702065,0.0006825422668957139,-9.853186751246202e-05,-9.853186751246202e-05
12.03125,0.0006832671395307182,0.0006832648710571439,-9.863618271893529e-05,-9.863618271893529e-05
12.0703125,0.0006839851994039643,0.0006839829285464029,-9.873984156737525e-05,-9.873984156737525e-05
12.109375,0.0006846987411979952,0.0006846964679714472,-9.884284818762918e-05,-9.884284818762918e-05
12.1484375,0.000685407793340858,0.0006854055177602294,-9.894520668355906e-05,-9.894520668355906e-05
12.1875,0.0006861123840817286,0.000686110106161831,-9.904692113320506e-05,-9.904692113320507e-05
12.2265625,0.0006868125414920369,0.0006868102612475894,-9.914799558894812e-05,-9.914799558894813e-05
12.265625,0.0006875082934665862,0.0006875060109122151,-9.924843407767135e-05,-9.924843407767135e-05
12.3046875,0.0006881996677246633,0.0006881973828749026,-9.934824060092037e-05,-9.934824060092037e-05
12.34375,0.0006888866918111438,0.0006888844046804363,-9.944741913506288e-05,-9.944741913506288e-05
12.3828125,0.0006895693930975891,0.0006895671037002867,-9.954597363144699e-05,-9.954597363144699e-05
12.421875,0.0006902477987833367,0.000690245507133701,-9.96439080165587e-05,-9.96439080165587e-05
12.4609375,0.0006909219358965846,0.0006909196420087872,-9.974122619217827e-05,-9.974122619217826e-05
12.5,0.0006915918312954671,0.0006915895351835909,-9.983793203553573e-05,-9.983793203553572e-05
12.5390625,0.0006922575116691257,0.0006922552133471646,-9.99340293994653e-05,-9.99340293994653e-05
12.578125,0.0006929190035387722,0.0006929167030206324,-0.00010002952211255896,-0.00010002952211255896
12.6171875,0.0006935763332587448,0.0006935740305582447,-0.0001001244139793189,-0.0001001244139793189
12.65625,0.0006942295270175589,0.0006942272221484299,-0.00010021870878030919,-0.00010021870878030919
12.6953125,0.0006948786108389497,0.0006948763038148372,-0.00010031241027230629,-0.00010031241027230629
12.734375,0.0006955236105829098,0.0006955213014173729,-0.0001004055221884488,-0.0001004055221884488
12.7734375,0.0006961645519467188,0.0006961622406532315,-0.00010049804823838616,-0.00010049804823838616
12.8125,0.0006968014604659673,0.0006967991470579188,-0.00010058999210842648,-0.00010058999210842648
12.8515625,0.0006974343615155743,0.0006974320460062696,-0.00010068135746168336,-0.00010068135746168338
12.890625,0.0006980632803107985,0.0006980609627134588,-0.00010077214793822188,-0.00010077214793822188
12.9296875,0.0006986882419082422,0.0006986859222360055,-0.00010086236715520355,-0.00010086236715520355
12.96875,0.0006993092712068499,0.0006993069494727718,-0.00010095201870703049,-0.0001009520187070305
13.0078125,0.0006999263929489007,0.0006999240691659543,-0.00010104110616548863,-0.00010104110616548863
13.046875,0.0007005396317209934,0.0007005373059020702,-0.00010112963307988994,-0.00010112963307988994
13.0859375,0.0007011490119550262,0.0007011466841129369,-0.00010121760297721394,-0.00010121760297721394
13.125,0.0007017545579291707,0.0007017522280766453,-0.00010130501936224814,-0.00010130501936224814
13.1640625,0.0007023562937688383,0.0007023539619185263,-0.00010139188571772771,-0.00010139188571772771
13.203125,0.0007029542434476417,0.0007029519096121135,-0.00010147820550447422,-0.00010147820550447422
13.2421875,0.0007035484307883503,0.000703546094980097,-0.00010156398216153352,-0.00010156398216153352
13.28125,0.000704138879463839,0.000704136541695273,-0.00010164921910631277,-0.00010164921910631275
13.3203125,0.0007047256129980314,0.0007047232732814872,-0.00010173391973471657,-0.00010173391973471658
13.359375,0.0007053086547668371,0.0007053063131145715,-0.00010181808742128231,-0.00010181808742128231
13.3984375,0.0007058880279990829,0.0007058856844232757,-0.00010190172551931452,-0.00010190172551931453
13.4375,0.0007064637557774384,0.0007064614102901924,-0.00010198483736101856,-0.00010198483736101856
13.4765625,0.0007070358610393356,0.0007070335136526778,-0.0001020674262576333,-0.0001020674262576333
13.515625,0.0007076043665778824,0.0007076020173037641,-0.0001021494954995631,-0.0001021494954995631
13.5546875,0.0007081692950427714,0.0007081669438930685,-0.0001022310483565089,-0.00010223104835650892
13.59375,0.0007087306689411815,0.0007087283159276954,-0.00010231208807759847,-0.00010231208807759847
13.6328125,0.0007092885106386753,0.0007092861557731329,-0.0001023926178915158,-0.0001023926178915158
13.671875,0.0007098428423600896,0.0007098404856541442,-0.00010247264100662986,-0.00010247264100662985
13.7109375,0.000710393686190421,0.0007103913276556527,-0.0001025521606111223,-0.0001025521606111223
13.75,0.0007109410640757062,0.000710938703723622,-0.0001026311798731146,-0.00010263117987311459
13.7890625,0.0007114849978238959,0.0007114826356659302,-0.00010270970194079411,-0.00010270970194079411
13.828125,0.0007120255091057234,0.0007120231451532394,-0.0001027877299425397,-0.0001027877299425397
13.8671875,0.000712562619455569,0.0007125602537198576,-0.00010286526698704616,-0.00010286526698704616
13.90625,0.0007130963502723168,0.0007130939827645983,-0.00010294231616344826,-0.00010294231616344825
13.9453125,0.0007136267228202077,0.0007136243535516317,-0.00010301888054144368,-0.00010301888054144368
13.984375,0.0007141537582296871,0.0007141513872113329,-0.0001030949631714154,-0.00010309496317141541
14.0234375,0.0007146774774982457,0.0007146751047411231,-0.0001031705670845532,-0.00010317056708455319
14.0625,0.0007151979014912571,0.0007151955270063064,-0.00010324569529297434,-0.00010324569529297434
14.1015625,0.0007157150509428081,0.0007157126747409012,-0.00010332035078984373,-0.00010332035078984371
14.140625,0.000716228946456526,0.0007162265685484658,-0.00010339453654949305,-0.00010339453654949305
14.1796875,0.0007167396085063979,0.0007167372289029198,-0.0001034682555275393,-0.0001034682555275393
14.21875,0.000717247057437588,0.0007172446761493597,-0.00010354151066100258,-0.00010354151066100258
14.2578125,0.0007177513134672469,0.0007177489305048688,-0.00010361430486842302,-0.00010361430486842302
14.296875,0.0007182523966853179,0.0007182500120593241,-0.00010368664104997711,-0.00010368664104997711
14.3359375,0.0007187503270553368,0.0007187479407761946,-0.00010375852208759326,-0.00010375852208759327
14.375,0.0007192451244152278,0.0007192427364933391,-0.00010382995084506662,-0.00010382995084506662
14.4140625,0.0007197368084780934,0.0007197344189237945,-0.00010390093016817312,-0.00010390093016817312
14.453125,0.0007202253988330002,0.0007202230076565622,-0.0001039714628847829,-0.0001039714628847829
14.4921875,0.0007207109149457588,0.0007207085221573884,-0.00010404155180497295,-0.00010404155180497295
14.53125,0.0007211933761596999,0.0007211909817695395,-0.00010411119972113906,-0.00010411119972113906
14.5703125,0.0007216728016964448,0.0007216704057145729,-0.00010418040940810713,-0.00010418040940810713
14.609375,0.0007221492106566709,0.0007221468130931025,-0.00010424918362324364,-0.00010424918362324364
14.6484375,0.0007226226220208729,0.0007226202228855604,-0.00010431752510656554,-0.00010431752510656554
14.6875,0.000723093054650119,0.0007230906539529518,-0.00010438543658084943,-0.00010438543658084945
14.7265625,0.0007235605272868026,0.0007235581250376079,-0.00010445292075174004,-0.00010445292075174004
14.765625,0.0007240250585553884,0.0007240226547639318,-0.00010451998030785797,-0.00010451998030785797
14.8046875,0.000724486666963155,0.0007244842616391405,-0.00010458661792090684,-0.00010458661792090684
14.84375,0.000724945370900932,0.0007249429640540025,-0.0001046528362457798,-0.0001046528362457798
14.8828125,0.0007254011886438325,0.0007253987802835702,-0.00010471863792066518,-0.0001047186379206652
14.921875,0.0007258541383519816,0.0007258517284879087,-0.00010478402556715169,-0.00010478402556715169
14.9609375,0.0007263042380712396,0.0007263018267128179,-0.00010484900179033281,-0.00010484900179033281
15.0,0.0007267515057339212,0.0007267490928905534,-0.00010491356917891063,-0.00010491356917891063
15.0390625,0.0007271959591595097,0.0007271935448405392,-0.00010497773030529892,-0.00010497773030529892
15.078125,0.000727637616055367,0.0007276352002700784,-0.00010504148772572572,-0.00010504148772572572
15.1171875,0.0007280764940174395,0.000728074076775059,-0.00010510484398033504,-0.00010510484398033504
15.15625,0.0007285126105309583,0.000728510191840654,-0.00010516780159328818,-0.0001051678015932882
15.1953125,0.0007289459829711366,0.0007289435628420188,-0.0001052303630728643,-0.0001052303630728643
15.234375,0.0007293766286038615,0.0007293742070449833,-0.00010529253091156022,-0.0001052925309115602
15.2734375,0.000729804564586382,0.0007298021416067397,-0.00010535430758618983,-0.00010535430758618983
15.3125,0.0007302298079679926,0.0007302273835765258,-0.00010541569555798279,-0.00010541569555798279
15.3515625,0.0007306523756907127,0.0007306499498963045,-0.0001054766972726825,-0.00010547669727268251
15.390625,0.0007310722845899612,0.000731069857401439,-0.00010553731516064361,-0.00010553731516064361
15.4296875,0.0007314895513952275,0.0007314871228213634,-0.00010559755163692882,-0.00010559755163692882
15.46875,0.0007319041927307382,0.0007319017627802484,-0.00010565740910140506,-0.00010565740910140506
15.5078125,0.0007323162251161188,0.0007323137937976655,-0.00010571688993883919,-0.0001057168899388392
15.546875,0.0007327256649670524,0.0007327232322892429,-0.00010577599651899296,-0.00010577599651899296
15.5859375,0.0007331325285959337,0.000733130094567321,-0.0001058347311967174,-0.0001058347311967174
15.625,0.0007335368322125186,0.0007335343968416023,-0.00010589309631204665,-0.00010589309631204666
15.6640625,0.0007339385919245704,0.000733936155219796,-0.00010595109419029126,-0.00010595109419029126
15.703125,0.000734337823738501,0.0007343353857082615,-0.00010600872714213073,-0.00010600872714213073
15.7421875,0.000734734543560009,0.0007347321042126442,-0.00010606599746370562,-0.00010606599746370563
15.78125,0.0007351287671947134,0.0007351263265385108,-0.00010612290743670908,-0.00010612290743670907
15.8203125,0.0007355205103487832,0.0007355180683919781,-0.00010617945932847758,-0.0001061794593284776
15.859375,0.0007359097886295633,0.0007359073453803391,-0.00010623565539208152,-0.00010623565539208151
15.8984375,0.0007362966175461959,0.0007362941730126844,-0.00010629149786641468,-0.00010629149786641467
15.9375,0.0007366810125102388,0.000736678566700521,-0.00010634698897628365,-0.00010634698897628365
15.9765625,0.0007370629888362793,0.0007370605417583851,-0.00010640213093249644,-0.00010640213093249644
16.015625,0.0007374425617425442,0.0007374401134044533,-0.00010645692593195043,-0.00010645692593195043
16.0546875,0.0007378197463515065,0.0007378172967611481,-0.00010651137615771999,-0.00010651137615772
16.09375,0.0007381945576904875,0.0007381921068557408,-0.00010656548377914352,-0.00010656548377914352
16.1328125,0.0007385670106922554,0.0007385645586209502,-0.0001066192509519097,-0.0001066192509519097
16.171875,0.0007389371201956209,0.0007389346668955376,-0.00010667267981814354,-0.00010667267981814354
16.2109375,0.0007393049009460274,0.0007393024464248976,-0.00010672577250649164,-0.00010672577250649164
16.25,0.0007396703675961395,0.0007396679118616463,-0.00010677853113220706,-0.00010677853113220705
16.2890625,0.000740033534706426,0.0007400310777662038,-0.00010683095779723346,-0.00010683095779723346
16.328125,0.0007403944167457405,0.0007403919586073758,-0.00010688305459028902,-0.00010688305459028902
16.3671875,0.0007407530280918972,0.0007407505687629289,-0.00010693482358694952,-0.00010693482358694952
16.40625,0.0007411093830322448,0.0007411069225201642,-0.00010698626684973114,-0.00010698626684973114
16.4453125,0.0007414634957642346,0.0007414610340764858,-0.0001070373864281725,-0.0001070373864281725
16.484375,0.0007418153803959868,0.0007418129175399673,-0.00010708818435891644,-0.00010708818435891644
16.5234375,0.0007421650509468523,0.000742162586929913,-0.0001071386626657911,-0.0001071386626657911
16.5625,0.0007425125213479715,0.0007425100561774168,-0.00010718882335989055,-0.00010718882335989055
16.6015625,0.000742857805442829,0.0007428553391259175,-0.00010723866843965495,-0.00010723866843965495
16.640625,0.0007432009169878052,0.0007431984495317501,-0.00010728819989095013,-0.00010728819989095013
16.6796875,0.0007435418696527248,0.0007435394010646936,-0.00010733741968714671,-0.00010733741968714671
16.71875,0.000743880677021401,0.000743878207308516,-0.00010738632978919876,-0.00010738632978919876
16.7578125,0.0007442173525921765,0.0007442148817615155,-0.00010743493214572189,-0.00010743493214572189
16.796875,0.0007445519097784617,0.0007445494378370578,-0.0001074832286930709,-0.0001074832286930709
16.8359375,0.0007448843619092691,0.0007448818888641111,-0.00010753122135541689,-0.00010753122135541689
16.875,0.0007452147222297439,0.0007452122480877768,-0.00010757891204482399,-0.000107578912044824
16.9140625,0.0007455430039016923,0.0007455405286698172,-0.0001076263026613255,-0.0001076263026613255
16.953125,0.0007458692200041053,0.0007458667436891801,-0.00010767339509299955,-0.00010767339509299955
16.9921875,0.0007461933835336803,0.0007461909061425194,-0.00010772019121604437,-0.00010772019121604439
17.03125,0.0007465155074053385,0.0007465130289447137,-0.00010776669289485309,-0.00010776669289485308
17.0703125,0.0007468356044527393,0.0007468331249293799,-0.00010781290198208785,-0.00010781290198208785
17.109375,0.0007471536874287925,0.0007471512068493851,-0.00010785882031875381,-0.00010785882031875381
17.1484375,0.0007474697690061651,0.0007474672873773547,-0.00010790444973427237,-0.00010790444973427237
17.1875,0.0007477838617777875,0.0007477813791061767,-0.00010794979204655408,-0.00010794979204655408
17.2265625,0.0007480959782573541,0.0007480934945495043,-0.00010799484906207112,-0.00010799484906207112
17.265625,0.0007484061308798225,0.000748403646142254,-0.00010803962257592919,-0.00010803962257592919
17.3046875,0.0007487143320019086,0.0007487118462411003,-0.0001080841143719391,-0.0001080841143719391
17.34375,0.0007490205939025793,0.0007490181071249695,-0.00010812832622268777,-0.00010812832622268777
17.3828125,0.0007493249287835413,0.0007493224409955279,-0.00010817225988960892,-0.00010817225988960892
17.421875,0.0007496273487697273,0.0007496248599776677,-0.00010821591712305321,-0.00010821591712305321
17.4609375,0.0007499278659097793,0.000749925376119991,-0.00010825929966235796,-0.00010825929966235796
17.5,0.0007502264921765283,0.0007502240013952892,-0.0001083024092359165,-0.0001083024092359165
17.5390625,0.0007505232394674716,0.0007505207477010199,-0.00010834524756124697,-0.00010834524756124697
17.578125,0.0007508181196052466,0.0007508156268597814,-0.00010838781634506077,-0.00010838781634506077
17.6171875,0.000751111144338102,0.0007511086506197832,-0.0001084301172833306,-0.0001084301172833306
17.65625,0.0007514023253403656,0.0007513998306553144,-0.00010847215206135795,-0.00010847215206135795
17.6953125,0.0007516916742129098,0.000751689178567209,-0.0001085139223538403,-0.0001085139223538403
17.734375,0.0007519792024836132,0.0007519767058833073,-0.00010855542982493783,-0.00010855542982493783
17.7734375,0.0007522649216078205,0.0007522624240589162,-0.0001085966761283397,-0.0001085966761283397
17.8125,0.0007525488429687988,0.0007525463444772643,-0.00010863766290732998,-0.00010863766290732998
17.8515625,0.0007528309778781907,0.0007528284784499573,-0.00010867839179485304,-0.00010867839179485305
17.890625,0.000753111337576465,0.0007531088372174264,-0.00010871886441357872,-0.00010871886441357872
17.9296875,0.0007533899332333652,0.0007533874319493781,-0.00010875908237596688,-0.00010875908237596688
17.96875,0.0007536667759483538,0.0007536642737452381,-0.00010879904728433167,-0.00010879904728433167
18.0078125,0.0007539418767510547,0.0007539393736345936,-0.0001088387607309054,-0.0001088387607309054
18.046875,0.000754215246601693,0.0007542127425776334,-0.00010887822429790194,-0.00010887822429790194
18.0859375,0.000754486896391531,0.0007544843914655835,-0.00010891743955757977,-0.00010891743955757976
18.125,0.0007547568369433026,0.0007547543311211421,-0.0001089564080723046,-0.0001089564080723046
18.1640625,0.0007550250790116445,0.0007550225722989098,-0.00010899513139461169,-0.00010899513139461169
18.203125,0.0007552916332835244,0.0007552891256858192,-0.00010903361106726756,-0.00010903361106726756
18.2421875,0.000755556510378667,0.0007555540019015594,-0.00010907184862333163,-0.00010907184862333163
18.28125,0.0007558197208499767,0.0007558172114990002,-0.00010910984558621715,-0.00010910984558621715
18.3203125,0.0007560812751839588,0.0007560787649646115,-0.00010914760346975198,-0.00010914760346975198
18.359375,0.0007563411838011363,0.0007563386727188823,-0.00010918512377823889,-0.00010918512377823889
18.3984375,0.0007565994570564662,0.000756596945116735,-0.00010922240800651543,-0.00010922240800651543
18.4375,0.0007568561052397509,0.0007568535924479376,-0.0001092594576400136,-0.0001092594576400136
18.4765625,0.0007571111385760491,0.0007571086249375152,-0.00010929627415481893,-0.00010929627415481893
18.515625,0.0007573645672260825,0.0007573620527461557,-0.00010933285901772932,-0.00010933285901772932
18.5546875,0.000757616401286641,0.0007576138859706152,-0.0001093692136863135,-0.0001093692136863135
18.59375,0.0007578666507909848,0.0007578641346441209,-0.00010940533960896908,-0.00010940533960896908
18.6328125,0.0007581153257092443,0.0007581128087367698,-0.00010944123822498024,-0.00010944123822498024
18.671875,0.0007583624359488169,0.000758359918155927,-0.0001094769109645751,-0.0001094769109645751
18.7109375,0.0007586079913547624,0.000758605472746619,-0.00010951235924898271,-0.00010951235924898273
18.75,0.0007588520017101946,0.0007588494822919271,-0.00010954758449048965,-0.00010954758449048965
18.7890625,0.0007590944767366713,0.0007590919565133773,-0.00010958258809249627,-0.00010958258809249627
18.828125,0.0007593354260945817,0.0007593329050713265,-0.00010961737144957267,-0.00010961737144957267
18.8671875,0.0007595748593835313,0.0007595723375653482,-0.0001096519359475142,-0.0001096519359475142
18.90625,0.0007598127861427241,0.0007598102635346149,-0.00010968628296339673,-0.00010968628296339673
18.9453125,0.0007600492158513428,0.0007600466924582778,-0.00010972041386563142,-0.00010972041386563142
18.984375,0.0007602841579289267,0.0007602816337558448,-0.00010975433001401936,-0.00010975433001401936
19.0234375,0.0007605176217357466,0.0007605150967875557,-0.00010978803275980566,-0.00010978803275980566
19.0625,0.0007607496165731777,0.0007607470908547548,-0.00010982152344573331,-0.00010982152344573331
19.1015625,0.0007609801516840707,0.0007609776252002621,-0.00010985480340609666,-0.00010985480340609666
19.140625,0.0007612092362531192,0.000761206709008741,-0.0001098878739667946,-0.0001098878739667946
19.1796875,0.0007614368794072266,0.0007614343514070642,-0.0001099207364453834,-0.0001099207364453834
19.21875,0.000761663090215869,0.000761660561464678,-0.00010995339215112914,-0.00010995339215112914
19.2578125,0.0007618878776914569,0.0007618853481939626,-0.00010998584238505995,-0.00010998584238505995
19.296875,0.0007621112507896939,0.0007621087205505922,-0.00011001808844001782,-0.00011001808844001782
19.3359375,0.0007623332184099339,0.0007623306874338911,-0.00011005013160071002,-0.00011005013160071002
19.375,0.0007625537893955356,0.0007625512576871885,-0.00011008197314376042,-0.00011008197314376042
19.4140625,0.0007627729725342144,0.0007627704400981707,-0.00011011361433776029,-0.00011011361433776029
19.453125,0.0007629907765583931,0.0007629882433992315,-0.00011014505644331883,-0.00011014505644331883
19.4921875,0.0007632072101455493,0.0007632046762678198,-0.0001101763007131134,-0.0001101763007131134
19.53125,0.0007634222819185616,0.0007634197473267854,-0.00011020734839193943,-0.00011020734839193943
19.5703125,0.0007636360004460526,0.0007636334651447227,-0.00011023820071676001,-0.00011023820071676001
19.609375,0.000763848374242731,0.0007638458382363118,-0.00011026885891675522,-0.00011026885891675522
19.6484375,0.0007640594117697301,0.000764056875062658,-0.00011029932421337102,-0.000110299324213371
19.6875,0.000764269121434945,0.0007642665840316286,-0.00011032959782036794,-0.00011032959782036794
19.7265625,0.0007644775115933683,0.0007644749734981885,-0.0001103596809438695,-0.0001103596809438695
19.765625,0.000764684590547422,0.0007646820517647321,-0.00011038957478241019,-0.00011038957478241019
19.8046875,0.0007648903665472889,0.0007648878270814145,-0.00011041928052698322,-0.00011041928052698322
19.84375,0.0007650948477912412,0.0007650923076464811,-0.00011044879936108802,-0.00011044879936108802
19.8828125,0.0007652980424259669,0.0007652955016065926,-0.00011047813246077737,-0.00011047813246077737
19.921875,0.0007654999585468945,0.0007654974170571508,-0.00011050728099470422,-0.00011050728099470422
19.9609375,0.0007657006041985157,0.0007656980620426206,-0.0001105362461241683,-0.00011053624612416831
20.0,0.0007658999873747055,0.0007658974445568505,-0.00011056502900316239,-0.00011056502900316239
20.0390625,0.0007660981160190413,0.0007660955725433913,-0.00011059363077841822,-0.00011059363077841822
20.078125,0.0007662949980251184,0.0007662924538958126,-0.00011062205258945223,-0.00011062205258945223
20.1171875,0.0007664906412368657,0.0007664880964580167,-0.00011065029556861099,-0.00011065029556861099
20.15625,0.0007666850534488572,0.0007666825080245522,-0.0001106783608411162,-0.0001106783608411162
20.1953125,0.0007668782424066232,0.0007668756963409233,-0.00011070624952510966,-0.00011070624952510966
20.234375,0.0007670702158069585,0.0007670676691038993,-0.0001107339627316977,-0.0001107339627316977
20.2734375,0.000767260981298229,0.000767258433961821,-0.00011076150156499554,-0.00011076150156499554
20.3125,0.0007674505464806767,0.000767447998514905,-0.0001107888671221712,-0.0001107888671221712
20.3515625,0.0007676389189067227,0.0007676363703155471,-0.00011081606049348924,-0.00011081606049348924
20.390625,0.0007678261060812674,0.000767823556868623,-0.00011084308276235424,-0.00011084308276235424
20.4296875,0.0007680121154619898,0.0007680095656317871,-0.00011086993500535394,-0.00011086993500535394
20.46875,0.0007681969544596451,0.0007681944040157697,-0.00011089661829230204,-0.00011089661829230204
20.5078125,0.0007683806304383592,0.0007683780793846725,-0.00011092313368628101,-0.00011092313368628101
20.546875,0.0007685631507159228,0.0007685605990562616,-0.00011094948224368425,-0.00011094948224368425
20.5859375,0.0007687445225640822,0.0007687419703022592,-0.00011097566501425829,-0.00011097566501425829
20.625,0.0007689247532088295,0.000768922200348634,-0.00011100168304114462,-0.00011100168304114462
20.6640625,0.0007691038498306907,0.0007691012963758874,-0.00011102753736092117,-0.00011102753736092117
20.703125,0.0007692818195650109,0.0007692792655193411,-0.0001110532290036437,-0.0001110532290036437
20.7421875,0.0007694586695022398,0.0007694561148694212,-0.00011107875899288672,-0.00011107875899288672
20.78125,0.000769634406688213,0.0007696318514719402,-0.00011110412834578442,-0.00011110412834578444
20.8203125,0.0007698090381244335,0.0007698064823283775,-0.00011112933807307111,-0.00011112933807307111
20.859375,0.0007699825707683503,0.0007699800143961593,-0.00011115438917912142,-0.00011115438917912142
20.8984375,0.0007701550115336358,0.0007701524545889346,-0.00011117928266199048,-0.00011117928266199048
20.9375,0.0007703263672904611,0.0007703238097768522,-0.00011120401951345353,-0.00011120401951345353
20.9765625,0.0007704966448657695,0.0007704940867868323,-0.00011122860071904552,-0.00011122860071904552
21.015625,0.000770665851043549,0.0007706632924028408,-0.00011125302725810036,-0.00011125302725810036
21.0546875,0.0007708339925651022,0.0007708314333661574,-0.0001112773001037899,-0.0001112773001037899
21.09375,0.0007710010761293151,0.0007709985163756464,-0.00011130142022316276,-0.00011130142022316276
21.1328125,0.0007711671083929237,0.0007711645480880213,-0.0001113253885771828,-0.0001113253885771828
21.171875,0.0007713320959707794,0.000771329535118112,-0.00011134920612076745,-0.00011134920612076745
21.2109375,0.0007714960454361128,0.0007714934840391266,-0.00011137287380282574,-0.00011137287380282574
21.25,0.0007716589633207949,0.000771656401382915,-0.0001113963925662961,-0.0001113963925662961
21.2890625,0.0007718208561155981,0.0007718182936402279,-0.00011141976334818391,-0.00011141976334818391
21.328125,0.0007719817302704543,0.0007719791672609755,-0.00011144298707959889,-0.00011144298707959889
21.3671875,0.0007721415921947118,0.0007721390286544852,-0.00011146606468579213,-0.00011146606468579213
21.40625,0.0007723004482573913,0.0007722978841897564,-0.00011148899708619298,-0.00011148899708619298
21.4453125,0.0007724583047874388,0.000772455740195714,-0.00011151178519444569,-0.00011151178519444569
21.484375,0.0007726151680739785,0.0007726126029614614,-0.0001115344299184458,-0.0001115344299184458
21.5234375,0.0007727710443665627,0.0007727684787365302,-0.00011155693216037631,-0.00011155693216037631
21.5625,0.0007729259398754214,0.0007729233737311298,-0.00011157929281674363,-0.00011157929281674363
21.6015625,0.0007730798607717092,0.0007730772941163943,-0.00011160151277841328,-0.00011160151277841328
21.640625,0.0007732328131877516,0.0007732302460246286,-0.00011162359293064543,-0.00011162359293064543
21.6796875,0.0007733848032172889,0.0007733822355495531,-0.00011164553415313009,-0.00011164553415313009
21.71875,0.0007735358369157195,0.0007735332687465459,-0.00011166733732002223,-0.00011166733732002223
21.7578125,0.0007736859203003404,0.0007736833516328841,-0.00011168900329997659,-0.00011168900329997659
21.796875,0.0007738350593505877,0.0007738324901879841,-0.00011171053295618226,-0.00011171053295618226
21.8359375,0.0007739832600082745,0.0007739806903536388,-0.0001117319271463971,-0.0001117319271463971
21.875,0.0007741305281778275,0.0007741279580342558,-0.00011175318672298187,-0.00011175318672298187
21.9140625,0.0007742768697265224,0.000774274299097091,-0.00011177431253293427,-0.00011177431253293426
21.953125,0.0007744222904847177,0.0007744197193724838,-0.0001117953054179226,-0.0001117953054179226
21.9921875,0.0007745667962460868,0.000774564224654088,-0.00011181616621431934,-0.00011181616621431934
22.03125,0.000774710392767849,0.0007747078206991041,-0.00011183689575323448,-0.00011183689575323448
22.0703125,0.0007748530857709987,0.0007748505132285074,-0.00011185749486054857,-0.00011185749486054857
22.109375,0.0007749948809405336,0.0007749923079272767,-0.0001118779643569457,-0.0001118779643569457
22.1484375,0.0007751357839256808,0.0007751332104446206,-0.00011189830505794614,-0.00011189830505794614
22.1875,0.0007752758003401224,0.0007752732263942021,-0.00011191851777393889,-0.00011191851777393889
22.2265625,0.0007754149357622186,0.0007754123613543633,-0.00011193860331021388,-0.00011193860331021388
22.265625,0.0007755531957352302,0.0007755506208683466,-0.00011195856246699414,-0.00011195856246699414
22.3046875,0.0007756905857675397,0.0007756880104445157,-0.00011197839603946764,-0.00011197839603946764
22.34375,0.0007758271113328702,0.000775824535556576,-0.00011199810481781896,-0.00011199810481781896
22.3828125,0.000775962777870504,0.0007759602016437916,-0.00011201768958726078,-0.00011201768958726078
22.421875,0.0007760975907854989,0.0007760950141112023,-0.00011203715112806522,-0.00011203715112806522
22.4609375,0.0007762315554489038,0.0007762289783298394,-0.00011205649021559483,-0.00011205649021559483
22.5,0.0007763646771979727,0.0007763620996369388,-0.00011207570762033353,-0.00011207570762033354
22.5390625,0.0007764969613363771,0.0007764943833361549,-0.00011209480410791735,-0.00011209480410791735
22.578125,0.0007766284131344176,0.0007766258346977703,-0.00011211378043916485,-0.00011211378043916485
22.6171875,0.0007767590378292337,0.0007767564589589072,-0.00011213263737010746,-0.00011213263737010745
22.65625,0.0007768888406250124,0.0007768862613237356,-0.00011215137565201963,-0.00011215137565201963
22.6953125,0.0007770178266931956,0.00077701524696368,-0.00011216999603144876,-0.00011216999603144876
22.734375,0.0007771460011726863,0.0007771434210176265,-0.0001121884992502449,-0.0001121884992502449
22.7734375,0.000777273369170053,0.0007772707885921263,-0.00011220688604559032,-0.00011220688604559032
22.8125,0.0007773999357597335,0.0007773973547616009,-0.00011222515715002894,-0.00011222515715002894
22.8515625,0.0007775257059842368,0.0007775231245685421,-0.00011224331329149542,-0.00011224331329149542
22.890625,0.0007776506848543443,0.000777648103023715,-0.00011226135519334422,-0.00011226135519334422
22.9296875,0.000777774877349309,0.0007777722951063557,-0.00011227928357437843,-0.00011227928357437843
22.96875,0.0007778982884170543,0.0007778957057643714,-0.00011229709914887834,-0.00011229709914887836
23.0078125,0.0007780209229743707,0.0007780183399145364,-0.00011231480262663,-0.00011231480262663
23.046875,0.0007781427859071122,0.000778140202442688,-0.00011233239471295338,-0.00011233239471295338
23.0859375,0.0007782638820703905,0.0007782612982039224,-0.00011234987610873057,-0.00011234987610873057
23.125,0.0007783842162887688,0.0007783816320227863,-0.00011236724751043365,-0.00011236724751043365
23.1640625,0.0007785037933564537,0.0007785012086934708,-0.00011238450961015246,-0.00011238450961015246
23.203125,0.0007786226180374864,0.0007786200329800009,-0.00011240166309562215,-0.00011240166309562215
23.2421875,0.0007787406950659324,0.0007787381096164267,-0.00011241870865025063,-0.00011241870865025063
23.28125,0.0007788580291460703,0.0007788554433070107,-0.00011243564695314572,-0.00011243564695314572
23.3203125,0.0007789746249525788,0.0007789720387264168,-0.00011245247867914229,-0.00011245247867914229
23.359375,0.0007790904871307235,0.0007790879005198945,-0.00011246920449882908,-0.00011246920449882908
23.3984375,0.0007792056202965415,0.0007792030333034659,-0.00011248582507857543,-0.00011248582507857544
23.4375,0.0007793200290370256,0.0007793174416641084,-0.00011250234108055788,-0.00011250234108055788
23.4765625,0.0007794337179103069,0.0007794311301599382,-0.00011251875316278649,-0.00011251875316278649
23.515625,0.0007795466914458365,0.0007795441033203913,-0.00011253506197913108,-0.00011253506197913108
23.5546875,0.0007796589541445657,0.000779656365646404,-0.00011255126817934726,-0.00011255126817934726
23.59375,0.0007797705104791257,0.0007797679216105925,-0.00011256737240910237,-0.00011256737240910237
23.6328125,0.0007798813648940057,0.0007798787756574315,-0.00011258337531000115,-0.00011258337531000115
23.671875,0.0007799915218057298,0.0007799889322034303,-0.00011259927751961133,-0.00011259927751961133
23.7109375,0.0007801009856030328,0.0007800983956373094,-0.00011261507967148902,-0.00011261507967148902
23.75,0.0007802097606470357,0.000780207170320175,-0.00011263078239520393,-0.00011263078239520393
23.7890625,0.0007803178512714189,0.000780315260585693,-0.00011264638631636452,-0.00011264638631636452
23.828125,0.0007804252617825948,0.0007804226707402617,-0.00011266189205664287,-0.00011266189205664285
23.8671875,0.0007805319964598798,0.0007805294050631836,-0.0001126773002337994,-0.0001126773002337994
23.90625,0.0007806380595556645,0.0007806354678068347,-0.00011269261146170763,-0.00011269261146170763
23.9453125,0.0007807434552955832,0.0007807408631968354,-0.0001127078263503785,-0.0001127078263503785
23.984375,0.0007808481878786822,0.0007808455954322182,-0.00011272294550598471,-0.00011272294550598473
24.0234375,0.0007809522614775872,0.0007809496686855948,-0.00011273796953088494,-0.00011273796953088494
24.0625,0.0007810556802386694,0.0007810530871033227,-0.00011275289902364772,-0.00011275289902364772
24.1015625,0.0007811584482822108,0.0007811558548056701,-0.00011276773457907538,-0.00011276773457907538
24.140625,0.0007812605697025682,0.0007812579758869804,-0.00011278247678822773,-0.00011278247678822773
24.1796875,0.0007813620485683366,0.000781359454415835,-0.00011279712623844558,-0.00011279712623844558
24.21875,0.000781462888922511,0.0007814602944352156,-0.00011281168351337413,-0.00011281168351337413
24.2578125,0.0007815630947826479,0.0007815604999626651,-0.00011282614919298629,-0.00011282614919298629
24.296875,0.0007816626701410246,0.0007816600749904478,-0.00011284052385360571,-0.00011284052385360571
24.3359375,0.0007817616189647992,0.0007817590234857084,-0.00011285480806792979,-0.00011285480806792979
24.375,0.000781859945196168,0.0007818573493906302,-0.00011286900240505247,-0.00011286900240505247
24.4140625,0.0007819576527525225,0.0007819550566225919,-0.00011288310743048692,-0.00011288310743048692
24.453125,0.0007820547455266062,0.0007820521490743237,-0.00011289712370618809,-0.00011289712370618809
24.4921875,0.0007821512273866688,0.0007821486306140628,-0.000112911051790575,-0.000112911051790575
24.53125,0.0007822471021766209,0.0007822445050857068,-0.00011292489223855316,-0.00011292489223855316
24.5703125,0.000782342373716187,0.0007823397763089677,-0.0001129386456015365,-0.0001129386456015365
24.609375,0.0007824370458010576,0.0007824344480795233,-0.00011295231242746946,-0.00011295231242746946
24.6484375,0.0007825311222030404,0.0007825285241691686,-0.00011296589326084874,-0.00011296589326084874
24.6875,0.0007826246066702106,0.0007826220083259667,-0.00011297938864274508,-0.00011297938864274508
24.7265625,0.0007827175029270605,0.0007827149042743976,-0.00011299279911082473,-0.00011299279911082473
24.765625,0.0007828098146746475,0.0007828072157155058,-0.00011300612519937094,-0.00011300612519937094
24.8046875,0.0007829015455907418,0.00078289894632705,-0.00011301936743930518,-0.00011301936743930518
24.84375,0.0007829926993299726,0.0007829900997636469,-0.00011303252635820835,-0.00011303252635820835
24.8828125,0.0007830832795239741,0.0007830806796569185,-0.00011304560248034177,-0.00011304560248034177
24.921875,0.0007831732897815302,0.0007831706896156371,-0.00011305859632666809,-0.00011305859632666809
24.9609375,0.0007832627336887178,0.0007832601332258674,-0.00011307150841487199,-0.00011307150841487199
25.0,0.0007833516148090501,0.000783349014051111,-0.00011308433925938089,-0.00011308433925938089
25.0390625,0.0007834399366836184,0.0007834373356324472,-0.00011309708937138538,-0.00011309708937138538
25.078125,0.0007835277028312333,0.0007835251014886751,-0.00011310975925885959,-0.00011310975925885959
25.1171875,0.0007836149167485648,0.0007836123151164529,-0.00011312234942658147,-0.00011312234942658147
25.15625,0.0007837015819102816,0.000783698979990438,-0.00011313486037615285,-0.00011313486037615285
25.1953125,0.0007837877017691895,0.0007837850995634245,-0.0001131472926060195,-0.0001131472926060195
25.234375,0.000783873279756369,0.0007838706772664819,-0.00011315964661149085,-0.00011315964661149085
25.2734375,0.0007839583192813123,0.0007839557165090906,-0.0001131719228847599,-0.0001131719228847599
25.3125,0.0007840428237320585,0.0007840402206792787,-0.00011318412191492268,-0.00011318412191492268
25.3515625,0.0007841267964753292,0.0007841241931437566,-0.0001131962441879978,-0.0001131962441879978
25.390625,0.0007842102408566621,0.0007842076372480511,-0.00011320829018694586,-0.00011320829018694586
25.4296875,0.0007842931602005449,0.0007842905563166384,-0.00011322026039168859,-0.00011322026039168859
25.46875,0.0007843755578105472,0.0007843729536530774,-0.00011323215527912802,-0.00011323215527912803
25.5078125,0.0007844574369694523,0.0007844548325401404,-0.00011324397532316553,-0.00011324397532316553
25.546875,0.000784538800939388,0.0007845361962399447,-0.00011325572099472063,-0.00011325572099472064
25.5859375,0.0007846196529619568,0.0007846170479940816,-0.00011326739276174981,-0.00011326739276174981
25.625,0.0007846999962583647,0.0007846973910237465,-0.00011327899108926512,-0.00011327899108926512
25.6640625,0.0007847798340295495,0.0007847772285298669,-0.00011329051643935274,-0.00011329051643935274
25.703125,0.0007848591694563087,0.0007848565636932294,-0.00011330196927119138,-0.00011330196927119138
25.7421875,0.0007849380056994261,0.0007849353996746073,-0.00011331335004107054,-0.00011331335004107054
25.78125,0.0007850163458997972,0.0007850137396148859,-0.00011332465920240874,-0.00011332465920240874
25.8203125,0.0007850941931785553,0.0007850915866351879,-0.00011333589720577156,-0.00011333589720577156
25.859375,0.0007851715506371949,0.0007851689438369979,-0.00011334706449888958,-0.00011334706449888958
25.8984375,0.0007852484213576961,0.0007852458143022853,-0.00011335816152667627,-0.00011335816152667627
25.9375,0.0007853248084026468,0.0007853222010936279,-0.0001133691887312456,-0.0001133691887312456
25.9765625,0.0007854007148153648,0.0007853981072543336,-0.0001133801465519298,-0.0001133801465519298
26.015625,0.0007854761436200191,0.0007854735358085613,-0.00011339103542529677,-0.00011339103542529677
26.0546875,0.0007855510978217507,0.0007855484897614421,-0.00011340185578516748,-0.00011340185578516748
26.09375,0.0007856255804067919,0.0007856229720991983,-0.00011341260806263329,-0.00011341260806263329
26.1328125,0.0007856995943425855,0.0007856969857892627,-0.0001134232926860731,-0.0001134232926860731
26.171875,0.0007857731425779029,0.000785770533780397,-0.00011343391008117043,-0.00011343391008117043
26.2109375,0.0007858462280429616,0.0007858436190028092,-0.00011344446067093036,-0.00011344446067093036
26.25,0.0007859188536495419,0.0007859162443682698,-0.00011345494487569639,-0.00011345494487569639
26.2890625,0.0007859910222911034,0.0007859884127702285,-0.0001134653631131672,-0.0001134653631131672
26.328125,0.0007860627368428994,0.0007860601270839294,-0.00011347571579841329,-0.00011347571579841329
26.3671875,0.0007861340001620922,0.0007861313901665252,-0.00011348600334389351,-0.00011348600334389351
26.40625,0.0007862048150878665,0.0007862022048571913,-0.00011349622615947147,-0.00011349622615947147
26.4453125,0.0007862751844415428,0.0007862725739772385,-0.00011350638465243192,-0.00011350638465243192
26.484375,0.0007863451110266894,0.0007863425003302261,-0.00011351647922749691,-0.00011351647922749691
26.5234375,0.0007864145976292348,0.0007864119867020733,-0.000113526510286842,-0.000113526510286842
26.5625,0.0007864836470175778,0.0007864810358611695,-0.00011353647823011219,-0.00011353647823011219
26.6015625,0.0007865522619426986,0.0007865496505584862,-0.00011354638345443793,-0.00011354638345443793
26.640625,0.0007866204451382679,0.0007866178335276846,-0.00011355622635445088,-0.00011355622635445088
26.6796875,0.0007866881993207559,0.0007866855874852261,-0.00011356600732229964,-0.00011356600732229964
26.71875,0.0007867555271895408,0.0007867529151304799,-0.00011357572674766541,-0.00011357572674766541
26.7578125,0.000786822431427016,0.0007868198191458304,-0.00011358538501777747,-0.00011358538501777747
26.796875,0.0007868889146986972,0.0007868863021967846,-0.00011359498251742862,-0.00011359498251742862
26.8359375,0.0007869549796533284,0.0007869523669320774,-0.00011360451962899056,-0.00011360451962899056
26.875,0.0007870206289229874,0.0007870180159837784,-0.00011361399673242905,-0.00011361399673242905
26.9140625,0.000787085865123191,0.0007870832519673952,-0.00011362341420531908,-0.00011362341420531908
26.953125,0.0007871506908529992,0.0007871480774819794,-0.00011363277242285993,-0.00011363277242285994
26.9921875,0.0007872151086951181,0.0007872124951102287,-0.0001136420717578901,-0.0001136420717578901
27.03125,0.0007872791212160035,0.0007872765074185898,-0.00011365131258090213,-0.00011365131258090213
27.0703125,0.0007873427309659628,0.0007873401169573623,-0.00011366049526005746,-0.00011366049526005746
27.109375,0.0007874059404792568,0.0007874033262607982,-0.000113669620161201,-0.000113669620161201
27.1484375,0.0007874687522742004,0.0007874661378472043,-0.00011367868764787571,-0.00011367868764787571
27.1875,0.0007875311688532634,0.0007875285542190418,-0.00011368769808133717,-0.00011368769808133717
27.2265625,0.0007875931927031696,0.0007875905778630264,-0.00011369665182056789,-0.00011369665182056789
27.265625,0.0007876548262949962,0.0007876522112502271,-0.00011370554922229164,-0.00011370554922229164
27.3046875,0.0007877160720842725,0.000787713456836165,-0.00011371439064098766,-0.00011371439064098766
27.34375,0.0007877769325110772,0.0007877743170609106,-0.00011372317642890478,-0.00011372317642890478
27.3828125,0.0007878374100001357,0.0007878347943491815,-0.00011373190693607546,-0.00011373190693607546
27.421875,0.0007878975069609174,0.0007878948911104389,-0.00011374058251032976,-0.00011374058251032976
27.4609375,0.0007879572257877308,0.0007879546097389836,-0.00011374920349730912,-0.00011374920349730912
27.5,0.0007880165688598192,0.0007880139526140505,-0.0001137577702404802,-0.0001137577702404802
27.5390625,0.0007880755385414556,0.0007880729220999052,-0.0001137662830811486,-0.0001137662830811486
27.578125,0.0007881341371820371,0.000788131520545937,-0.00011377474235847231,-0.00011377474235847231
27.6171875,0.0007881923671161779,0.0007881897502867521,-0.0001137831484094754,-0.0001137831484094754
27.65625,0.0007882502306638028,0.0007882476136422678,-0.00011379150156906129,-0.00011379150156906129
27.6953125,0.0007883077301302396,0.0007883051129178042,-0.00011379980217002623,-0.00011379980217002623
27.734375,0.0007883648678063106,0.0007883622504041758,-0.00011380805054307245,-0.00011380805054307245
27.7734375,0.0007884216459684242,0.0007884190283777838,-0.00011381624701682141,-0.00011381624701682141
27.8125,0.0007884780668786656,0.0007884754491007055,-0.00011382439191782683,-0.00011382439191782682
27.8515625,0.0007885341327848866,0.0007885315148207856,-0.00011383248557058776,-0.00011383248557058776
27.890625,0.0007885898459207956,0.0007885872277717246,-0.00011384052829756148,-0.00011384052829756148
27.9296875,0.000788645208506046,0.0007886425901731692,-0.00011384852041917632,-0.00011384852041917632
27.96875,0.0007887002227463255,0.0007886976042307993,-0.00011385646225384451,-0.00011385646225384451
28.0078125,0.0007887548908334432,0.0007887522721364168,-0.00011386435411797474,-0.00011386435411797474
28.046875,0.0007888092149454171,0.0007888065960680325,-0.00011387219632598488,-0.00011387219632598488
28.0859375,0.000788863197246561,0.0007888605781899531,-0.00011387998919031447,-0.00011387998919031447
28.125,0.0007889168398875709,0.0007889142206528674,-0.00011388773302143712,-0.00011388773302143712
28.1640625,0.0007889701450056104,0.0007889675255939318,-0.00011389542812787296,-0.00011389542812787296
28.203125,0.0007890231147243958,0.0007890204951368556,-0.00011390307481620085,-0.00011390307481620085
28.2421875,0.000789075751154281,0.0007890731313919858,-0.0001139106733910707,-0.0001139106733910707
28.28125,0.0007891280563923413,0.0007891254364563907,-0.00011391822415521546,-0.00011391822415521546
28.3203125,0.000789180032522457,0.0007891774124139436,-0.00011392572740946333,-0.00011392572740946334
28.359375,0.0007892316816153967,0.0007892290613354062,-0.00011393318345274966,-0.00011393318345274966
28.3984375,0.0007892830057288994,0.0007892803852785109,-0.00011394059258212887,-0.00011394059258212887
28.4375,0.000789334006907757,0.0007893313862880426,-0.00011394795509278631,-0.00011394795509278631
28.4765625,0.0007893846871838949,0.0007893820663959199,-0.00011395527127804998,-0.00011395527127804998
28.515625,0.000789435048576454,0.0007894324276212772,-0.00011396254142940227,-0.00011396254142940227
28.5546875,0.0007894850930918702,0.0007894824719705437,-0.00011396976583649153,-0.00011396976583649153
28.59375,0.0007895348227239552,0.0007895322014375244,-0.00011397694478714361,-0.00011397694478714361
28.6328125,0.0007895842394539753,0.0007895816180034789,-0.00011398407856737338,-0.00011398407856737338
28.671875,0.0007896333452507304,0.000789630723637201,-0.00011399116746139604,-0.00011399116746139604
28.7109375,0.0007896821420706329,0.0007896795202950961,-0.00011399821175163852,-0.00011399821175163852
28.75,0.0007897306318577852,0.0007897280099212604,-0.0001140052117187507,-0.0001140052117187507
28.7890625,0.000789778816544057,0.0007897761944475572,-0.00011401216764161658,-0.00011401216764161658
28.828125,0.0007898266980491629,0.0007898240757936946,-0.0001140190797973654,-0.0001140190797973654
28.8671875,0.0007898742782807386,0.0007898716558673021,-0.00011402594846138272,-0.00011402594846138272
28.90625,0.0007899215591344165,0.0007899189365640056,-0.0001140327739073213,-0.0001140327739073213
28.9453125,0.0007899685424939016,0.0007899659197675043,-0.00011403955640711211,-0.00011403955640711211
28.984375,0.0007900152302310469,0.0007900126073496445,-0.00011404629623097508,-0.00011404629623097508
29.0234375,0.0007900616242059272,0.0007900590011704949,-0.00011405299364742992,-0.00011405299364742992
29.0625,0.0007901077262669135,0.0007901051030784207,-0.00011405964892330679,-0.00011405964892330679
29.1015625,0.0007901535382507472,0.0007901509149101567,-0.00011406626232375692,-0.00011406626232375692
29.140625,0.0007901990619826123,0.0007901964384908814,-0.00011407283411226322,-0.00011407283411226322
29.1796875,0.000790244299276209,0.0007902416756342885,-0.00011407936455065072,-0.00011407936455065072
29.21875,0.0007902892519338254,0.0007902866281426604,-0.00011408585389909708,-0.00011408585389909708
29.2578125,0.0007903339217464095,0.000790331297806939,-0.00011409230241614283,-0.00011409230241614283
29.296875,0.0007903783104936406,0.0007903756864067977,-0.00011409871035870181,-0.00011409871035870181
29.3359375,0.000790422419944,0.0007904197957107119,-0.0001141050779820713,-0.0001141050779820713
29.375,0.0007904662518548418,0.00079046362747603,-0.00011411140553994226,-0.00011411140553994226
29.4140625,0.0007905098079724625,0.0007905071834490428,-0.00011411769328440942,-0.00011411769328440942
29.453125,0.000790553090032171,0.0007905504653650532,-0.00011412394146598126,-0.00011412394146598126
29.4921875,0.0007905960997583575,0.0007905934749484457,-0.0001141301503335901,-0.0001141301503335901
29.53125,0.000790638838864562,0.0007906362139127547,-0.00011413632013460194,-0.00011413632013460194
29.5703125,0.000790681309053543,0.0007906786839607331,-0.00011414245111482633,-0.00011414245111482633
29.609375,0.0007907235120173451,0.0007907208867844196,-0.00011414854351852618,-0.00011414854351852618
29.6484375,0.0007907654494373664,0.0007907628240652071,-0.00011415459758842749,-0.00011415459758842748
29.6875,0.0007908071229844255,0.0007908044974739085,-0.00011416061356572899,-0.00011416061356572898
29.7265625,0.0007908485343188284,0.0007908459086708241,-0.00011416659169011179,-0.00011416659169011179
29.765625,0.0007908896850904338,0.0007908870593058074,-0.00011417253219974889,-0.0001141725321997489
29.8046875,0.00079093057693872,0.000790927951018331,-0.00011417843533131474,-0.00011417843533131474
29.84375,0.0007909712114928491,0.0007909685854375518,-0.00011418430131999455,-0.00011418430131999455
29.8828125,0.0007910115903717326,0.0007910089641823757,-0.00011419013039949379,-0.00011419013039949379
29.921875,0.0007910517151840957,0.0007910490888615231,-0.0001141959228020474,-0.0001141959228020474
29.9609375,0.0007910915875285415,0.0007910889610735911,-0.00011420167875842909,-0.00011420167875842909
30.0,0.0007911312089936143,0.000791128582407119,-0.00011420739849796055,-0.00011420739849796055
30.0390625,0.0007911705811578636,0.0007911679544406513,-0.00011421308224852053,-0.00011421308224852053
30.078125,0.0007912097055899061,0.0007912070787427991,-0.00011421873023655399,-0.00011421873023655399
30.1171875,0.000791248583848489,0.0007912459568723047,-0.00011422434268708105,-0.00011422434268708105
30.15625,0.0007912872174825516,0.0007912845903781022,-0.00011422991982370599,-0.00011422991982370599
30.1953125,0.0007913256080312873,0.0007913229807993798,-0.00011423546186862618,-0.00011423546186862618
30.234375,0.0007913637570242046,0.0007913611296656409,-0.00011424096904264091,-0.00011424096904264091
30.2734375,0.0007914016659811884,0.0007913990384967656,-0.00011424644156516016,-0.00011424644156516016
30.3125,0.0007914393364125605,0.0007914367088030702,-0.00011425187965421338,-0.00011425187965421338
30.3515625,0.0007914767698191391,0.0007914741420853686,-0.00011425728352645817,-0.00011425728352645817
30.390625,0.0007915139676923,0.000791511339835031,-0.00011426265339718892,-0.00011426265339718892
30.4296875,0.0007915509315140344,0.0007915483035340441,-0.00011426798948034534,-0.00011426798948034534
30.46875,0.0007915876627570092,0.0007915850346550696,-0.00011427329198852104,-0.00011427329198852104
30.5078125,0.0007916241628846248,0.0007916215346615035,-0.00011427856113297199,-0.00011427856113297199
30.546875,0.0007916604333510742,0.0007916578050075336,-0.00011428379712362487,-0.00011428379712362487
30.5859375,0.0007916964756014003,0.000791693847138198,-0.00011428900016908555,-0.00011428900016908555
30.625,0.0007917322910715538,0.0007917296624894428,-0.00011429417047664731,-0.00011429417047664731
30.6640625,0.00079176788118845,0.0007917652524881783,-0.00011429930825229913,-0.00011429930825229913
30.703125,0.0007918032473700264,0.0007918006185523377,-0.00011430441370073388,-0.00011430441370073388
30.7421875,0.0007918383910252984,0.0007918357620909313,-0.00011430948702535652,-0.00011430948702535652
30.78125,0.000791873313554416,0.0007918706845041047,-0.00011431452842829215,-0.00011431452842829215
30.8203125,0.0007919080163487192,0.0007919053871831934,-0.00011431953811039408,-0.00011431953811039408
30.859375,0.0007919425007907937,0.0007919398715107782,-0.00011432451627125188,-0.00011432451627125188
30.8984375,0.000791976768254526,0.000791974138860741,-0.00011432946310919922,-0.00011432946310919922
30.9375,0.0007920108201051576,0.0007920081905983192,-0.0001143343788213219,-0.0001143343788213219
30.9765625,0.0007920446576993403,0.0007920420280801599,-0.00011433926360346564,-0.00011433926360346564
31.015625,0.0007920782823851895,0.0007920756526543738,-0.00011434411765024384,-0.00011434411765024384
31.0546875,0.0007921116955023383,0.0007921090656605897,-0.00011434894115504543,-0.00011434894115504543
31.09375,0.0007921448983819905,0.0007921422684300071,-0.0001143537343100425,-0.0001143537343100425
31.1328125,0.0007921778923469741,0.0007921752622854495,-0.00011435849730619798,-0.00011435849730619798
31.171875,0.0007922106787117938,0.0007922080485414172,-0.00011436323033327325,-0.00011436323033327325
31.2109375,0.0007922432587826832,0.0007922406285041395,-0.00011436793357983571,-0.00011436793357983571
31.25,0.0007922756338576571,0.000792273003471627,-0.00011437260723326628,-0.00011437260723326628
31.2890625,0.0007923078052265631,0.0007923051747337226,-0.00011437725147976687,-0.00011437725147976687
31.328125,0.0007923397741711329,0.0007923371435721543,-0.00011438186650436776,-0.00011438186650436776
31.3671875,0.0007923715419650336,0.0007923689112605846,-0.00011438645249093506,-0.00011438645249093506
31.40625,0.0007924031098739181,0.0007924004790646626,-0.00011439100962217793,-0.00011439100962217793
31.4453125,0.000792434479155476,0.0007924318482420732,-0.00011439553807965598,-0.00011439553807965598
31.484375,0.0007924656510594832,0.0007924630200425884,-0.00011440003804378634,-0.00011440003804378634
31.5234375,0.0007924966268278522,0.0007924939957081166,-0.00011440450969385106,-0.00011440450969385106
31.5625,0.0007925274076946809,0.0007925247764727516,-0.00011440895320800403,-0.00011440895320800403
31.6015625,0.0007925579948863025,0.0007925553635628227,-0.00011441336876327825,-0.00011441336876327825
31.640625,0.000792588389621334,0.0007925857581969424,-0.00011441775653559278,-0.00011441775653559278
31.6796875,0.0007926185931107247,0.0007926159615860564,-0.00011442211669975981,-0.00011442211669975981
31.71875,0.0007926486065578046,0.0007926459749334904,-0.00011442644942949159,-0.00011442644942949159
31.7578125,0.0007926784311583321,0.0007926757994349991,-0.00011443075489740738,-0.00011443075489740738
31.796875,0.0007927080681005421,0.0007927054362788133,-0.00011443503327504026,-0.00011443503327504026
31.8359375,0.0007927375185651927,0.0007927348866456873,-0.00011443928473284407,-0.00011443928473284407
31.875,0.0007927667837256129,0.000792764151708946,-0.0001144435094402001,-0.0001144435094402001
31.9140625,0.000792795864747749,0.0007927932326345318,-0.0001144477075654239,-0.0001144477075654239
31.953125,0.0007928247627902108,0.0007928221305810512,-0.00011445187927577198,-0.00011445187927577198
31.9921875,0.0007928534790043184,0.0007928508466998197,-0.00011445602473744843,-0.00011445602473744843
32.03125,0.0007928820145341475,0.0007928793821349098,-0.00011446014411561163,-0.00011446014411561163
32.0703125,0.0007929103705165753,0.0007929077380231947,-0.00011446423757438068,-0.0001144642375743807
32.109375,0.0007929385480813256,0.0007929359154943943,-0.00011446830527684214,-0.00011446830527684214
32.1484375,0.0007929665483510142,0.0007929639156711209,-0.00011447234738505632,-0.00011447234738505632
32.1875,0.0007929943724411929,0.0007929917396689226,-0.00011447636406006391,-0.00011447636406006391
32.2265625,0.0007930220214603947,0.0007930193885963286,-0.00011448035546189226,-0.00011448035546189226
32.265625,0.0007930494965101774,0.0007930468635548931,-0.0001144843217495619,-0.0001144843217495619
32.3046875,0.0007930767986851679,0.0007930741656392394,-0.0001144882630810927,-0.0001144882630810927
32.34375,0.0007931039290731056,0.0007931012959371032,-0.00011449217961351032,-0.00011449217961351032
32.3828125,0.0007931308887548858,0.0007931282555293763,-0.00011449607150285238,-0.00011449607150285238
32.421875,0.0007931576788046028,0.0007931550454901491,-0.00011449993890417472,-0.00011449993890417472
32.4609375,0.0007931843002895923,0.0007931816668867543,-0.00011450378197155752,-0.00011450378197155752
32.5,0.0007932107542704746,0.0007932081207798084,-0.00011450760085811152,-0.00011450760085811152
32.5390625,0.0007932370418011963,0.0007932344082232544,-0.00011451139571598407,-0.00011451139571598407
32.578125,0.0007932631639290727,0.0007932605302644044,-0.00011451516669636518,-0.00011451516669636518
32.6171875,0.0007932891216948291,0.00079328648794398,-0.00011451891394949356,-0.00011451891394949356
32.65625,0.0007933149161326427,0.000793312282296155,-0.00011452263762466264,-0.00011452263762466264
32.6953125,0.0007933405482701834,0.000793337914348596,-0.00011452633787022645,-0.00011452633787022645
32.734375,0.0007933660191286551,0.0007933633851225035,-0.00011453001483360558,-0.00011453001483360558
32.7734375,0.0007933913297228362,0.0007933886956326525,-0.00011453366866129307,-0.00011453366866129307
32.8125,0.0007934164810611199,0.0007934138468874327,-0.00011453729949886017,-0.00011453729949886017
32.8515625,0.0007934414741455546,0.0007934388398888893,-0.0001145409074909622,-0.0001145409074909622
32.890625,0.0007934663099718838,0.0007934636756327626,-0.00011454449278134433,-0.00011454449278134433
32.9296875,0.0007934909895295857,0.0007934883551085273,-0.00011454805551284722,-0.00011454805551284722
32.96875,0.0007935155138019125,0.0007935128792994327,-0.00011455159582741283,-0.00011455159582741283
33.0078125,0.00079353988376593,0.0007935372491825409,-0.00011455511386608997,-0.00011455511386608997
33.046875,0.000793564100392556,0.0007935614657287668,-0.00011455860976903996,-0.00011455860976903996
33.0859375,0.0007935881646465993,0.0007935855299029158,-0.00011456208367554224,-0.00011456208367554224
33.125,0.0007936120774867981,0.000793609442663723,-0.00011456553572399988,-0.00011456553572399988
33.1640625,0.000793635839865858,0.0007936332049638909,-0.00011456896605194511,-0.00011456896605194511
33.203125,0.0007936594527304903,0.0007936568177501276,-0.00011457237479604481,-0.00011457237479604481
33.2421875,0.0007936829170214495,0.0007936802819631844,-0.00011457576209210593,-0.00011457576209210593
33.28125,0.0007937062336735708,0.0007937035985378934,-0.0001145791280750809,-0.0001145791280750809
33.3203125,0.0007937294036158071,0.0007937267684032048,-0.00011458247287907305,-0.00011458247287907305
33.359375,0.0007937524277712667,0.0007937497924822232,-0.00011458579663734192,-0.00011458579663734192
33.3984375,0.0007937753070572493,0.0007937726716922459,-0.00011458909948230856,-0.00011458909948230856
33.4375,0.0007937980423852833,0.0007937954069447975,-0.00011459238154556083,-0.00011459238154556083
33.4765625,0.0007938206346611612,0.0007938179991456682,-0.0001145956429578586,-0.0001145956429578586
33.515625,0.0007938430847849765,0.0007938404491949481,-0.00011459888384913902,-0.00011459888384913902
33.5546875,0.0007938653936511591,0.0007938627579870645,-0.00011460210434852167,-0.00011460210434852167
33.59375,0.0007938875621485113,0.0007938849264108165,-0.00011460530458431368,-0.00011460530458431368
33.6328125,0.0007939095911602428,0.0007939069553494106,-0.00011460848468401489,-0.00011460848468401489
33.671875,0.0007939314815640061,0.0007939288456804969,-0.00011461164477432286,-0.00011461164477432286
33.7109375,0.0007939532342319316,0.0007939505982762029,-0.000114614784981138,-0.000114614784981138
33.75,0.0007939748500306621,0.000793972214003168,-0.00011461790542956856,-0.00011461790542956856
33.7890625,0.0007939963298213874,0.0007939936937225795,-0.00011462100624393554,-0.00011462100624393554
33.828125,0.0007940176744598786,0.0007940150382902058,-0.00011462408754777776,-0.00011462408754777776
33.8671875,0.0007940388847965225,0.0007940362485564305,-0.0001146271494638567,-0.0001146271494638567
33.90625,0.0007940599616763548,0.0007940573253662869,-0.0001146301921141614,-0.0001146301921141614
33.9453125,0.0007940809059390946,0.0007940782695594909,-0.0001146332156199134,-0.0001146332156199134
33.984375,0.0007941017184191772,0.0007940990819704753,-0.00011463622010157144,-0.00011463622010157144
34.0234375,0.0007941223999457875,0.0007941197634284222,-0.00011463920567883635,-0.00011463920567883635
34.0625,0.0007941429513428933,0.0007941403147572964,-0.0001146421724706558,-0.0001146421724706558
34.1015625,0.0007941633734292779,0.0007941607367758788,-0.00011464512059522903,-0.00011464512059522903
34.140625,0.0007941836670185727,0.0007941810302977983,-0.00011464805017001157,-0.00011464805017001157
34.1796875,0.0007942038329192897,0.0007942011961315636,-0.00011465096131171988,-0.00011465096131171988
34.21875,0.0007942238719348537,0.0007942212350805973,-0.00011465385413633608,-0.00011465385413633608
34.2578125,0.0007942437848636342,0.000794241147943266,-0.00011465672875911249,-0.00011465672875911249
34.296875,0.0007942635724989775,0.0007942609355129136,-0.00011465958529457626,-0.00011465958529457626
34.3359375,0.000794283235629238,0.0007942805985778919,-0.00011466242385653396,-0.00011466242385653396
34.375,0.0007943027750378098,0.0007943001379215921,-0.00011466524455807601,-0.00011466524455807601
34.4140625,0.0007943221915031578,0.0007943195543224767,-0.00011466804751158133,-0.00011466804751158133
34.453125,0.0007943414857988487,0.0007943388485541097,-0.00011467083282872172,-0.00011467083282872172
34.4921875,0.0007943606586935818,0.0007943580213851881,-0.0001146736006204663,-0.0001146736006204663
34.53125,0.0007943797109512199,0.0007943770735795719,-0.00011467635099708604,-0.00011467635099708604
34.5703125,0.0007943986433308193,0.000794396005896315,-0.00011467908406815798,-0.00011467908406815798
34.609375,0.0007944174565866604,0.0007944148190896954,-0.0001146817999425698,-0.0001146817999425698
34.6484375,0.0007944361514682776,0.0007944335139092449,-0.00011468449872852396,-0.00011468449872852396
34.6875,0.0007944547287204893,0.0007944520910997794,-0.00011468718053354216,-0.00011468718053354216
34.7265625,0.0007944731890834273,0.0007944705514014281,-0.00011468984546446955,-0.00011468984546446955
34.765625,0.0007944915332925663,0.0007944888955496637,-0.000114692493627479,-0.000114692493627479
34.8046875,0.0007945097620787537,0.0007945071242753309,-0.00011469512512807533,-0.00011469512512807533
34.84375,0.0007945278761682382,0.0007945252383046758,-0.00011469774007109951,-0.00011469774007109951
34.8828125,0.0007945458762826988,0.0007945432383593752,-0.00011470033856073288,-0.00011470033856073288
34.921875,0.0007945637631392736,0.0007945611251565651,-0.00011470292070050123,-0.00011470292070050123
34.9609375,0.0007945815374505888,0.000794578899408869,-0.00011470548659327898,-0.00011470548659327898
35.0,0.0007945991999247865,0.0007945965618244265,-0.00011470803634129323,-0.00011470803634129323
35.0390625,0.0007946167512655527,0.0007946141131069215,-0.00011471057004612789,-0.00011471057004612789
35.078125,0.0007946341921721466,0.0007946315539556108,-0.00011471308780872767,-0.00011471308780872767
35.1171875,0.0007946515233394269,0.0007946488850653511,-0.00011471558972940215,-0.00011471558972940215
35.15625,0.0007946687454578804,0.0007946661071266266,-0.00011471807590782977,-0.00011471807590782977
35.1953125,0.0007946858592136496,0.0007946832208255775,-0.00011472054644306174,-0.00011472054644306174
35.234375,0.0007947028652885594,0.0007947002268440263,-0.00011472300143352606,-0.00011472300143352606
35.2734375,0.0007947197643601448,0.0007947171258595062,-0.00011472544097703143,-0.00011472544097703143
35.3125,0.0007947365571016776,0.0007947339185452864,-0.00011472786517077111,-0.00011472786517077111
35.3515625,0.0007947532441821934,0.0007947506055704005,-0.00011473027411132682,-0.00011473027411132682
35.390625,0.0007947698262665181,0.000794767187599672,-0.00011473266789467259,-0.00011473266789467259
35.4296875,0.0007947863040152946,0.0007947836652937418,-0.00011473504661617855,-0.00011473504661617855
35.46875,0.0007948026780850089,0.0007948000393090935,-0.00011473741037061478,-0.00011473741037061478
35.5078125,0.0007948189491280164,0.0007948163102980806,-0.00011473975925215504,-0.00011473975925215504
35.546875,0.0007948351177925677,0.0007948324789089513,-0.00011474209335438058,-0.00011474209335438058
35.5859375,0.0007948511847228349,0.0007948485457858756,-0.00011474441277028377,-0.00011474441277028377
35.625,0.0007948671505589365,0.00079486451156897,-0.00011474671759227193,-0.00011474671759227193
35.6640625,0.0007948830159369636,0.0007948803768943235,-0.00011474900791217091,-0.00011474900791217091
35.703125,0.0007948987814890048,0.0007948961423940225,-0.0001147512838212288,-0.0001147512838212288
35.7421875,0.0007949144478431719,0.0007949118086961766,-0.00011475354541011952,-0.00011475354541011952
35.78125,0.0007949300156236243,0.0007949273764249434,-0.00011475579276894653,-0.00011475579276894653
35.8203125,0.000794945485450594,0.0007949428462005526,-0.00011475802598724626,-0.00011475802598724626
35.859375,0.0007949608579404108,0.0007949582186393321,-0.00011476024515399188,-0.00011476024515399188
35.8984375,0.0007949761337055263,0.0007949734943537316,-0.00011476245035759664,-0.00011476245035759664
35.9375,0.0007949913133545387,0.0007949886739523469,-0.00011476464168591754,-0.00011476464168591754
35.9765625,0.0007950063974922167,0.0007950037580399449,-0.00011476681922625876,-0.00011476681922625876
36.015625,0.0007950213867195236,0.0007950187472174871,-0.00011476898306537517,-0.00011476898306537517
36.0546875,0.0007950362816336419,0.0007950336420821537,-0.00011477113328947575,-0.00011477113328947575
36.09375,0.0007950510828279962,0.0007950484432273674,-0.00011477326998422705,-0.00011477326998422705
36.1328125,0.0007950657908922772,0.000795063151242817,-0.00011477539323475664,-0.00011477539323475664
36.171875,0.0007950804064124654,0.0007950777667144811,-0.00011477750312565644,-0.00011477750312565644
36.2109375,0.0007950949299708543,0.0007950922902246513,-0.00011477959974098607,-0.00011477959974098607
36.25,0.0007951093621460734,0.000795106722351955,-0.0001147816831642763,-0.0001147816831642763
36.2890625,0.0007951237035131117,0.0007951210636713793,-0.0001147837534785323,-0.0001147837534785323
36.328125,0.00079513795464334,0.0007951353147542932,-0.00011478581076623695,-0.00011478581076623695
36.3671875,0.0007951521161045341,0.0007951494761684707,-0.00011478785510935415,-0.00011478785510935415
36.40625,0.0007951661884608975,0.0007951635484781134,-0.00011478988658933209,-0.00011478988658933209
36.4453125,0.0007951801722730835,0.0007951775322438726,-0.00011479190528710647,-0.00011479190528710647
36.484375,0.0007951940680982179,0.0007951914280228722,-0.00011479391128310377,-0.00011479391128310377
36.5234375,0.0007952078764899207,0.0007952052363687307,-0.00011479590465724435,-0.00011479590465724435
36.5625,0.0007952215979983288,0.0007952189578315829,-0.00011479788548894579,-0.00011479788548894579
36.6015625,0.0007952352331701177,0.0007952325929581023,-0.0001147998538571259,-0.0001147998538571259
36.640625,0.0007952487825485228,0.0007952461422915231,-0.00011480180984020598,-0.00011480180984020598
36.6796875,0.0007952622466733617,0.0007952596063716604,-0.00011480375351611386,-0.00011480375351611386
36.71875,0.0007952756260810553,0.000795272985734934,-0.0001148056849622871,-0.0001148056849622871
36.7578125,0.0007952889213046494,0.0007952862809143875,-0.00011480760425567595,-0.00011480760425567595
36.796875,0.0007953021328738359,0.0007952994924397109,-0.00011480951147274651,-0.00011480951147274651
36.8359375,0.0007953152613149736,0.0007953126208372617,-0.0001148114066894838,-0.0001148114066894838
36.875,0.0007953283071511095,0.0007953256666300851,-0.00011481328998139466,-0.00011481328998139466
36.9140625,0.0007953412709019999,0.0007953386303379353,-0.00011481516142351087,-0.00011481516142351087
36.953125,0.0007953541530841303,0.0007953515124772964,-0.00011481702109039214,-0.00011481702109039214
36.9921875,0.0007953669542107366,0.0007953643135614023,-0.00011481886905612896,-0.00011481886905612896
37.03125,0.0007953796747918255,0.0007953770341002585,-0.00011482070539434572,-0.00011482070539434572
37.0703125,0.0007953923153341946,0.0007953896746006605,-0.00011482253017820352,-0.00011482253017820352
37.109375,0.0007954048763414526,0.0007954022355662155,-0.00011482434348040313,-0.00011482434348040313
37.1484375,0.0007954173583140397,0.0007954147174973619,-0.00011482614537318791,-0.00011482614537318791
37.1875,0.0007954297617492471,0.0007954271208913894,-0.00011482793592834661,-0.00011482793592834661
37.2265625,0.000795442087141237,0.0007954394462424586,-0.00011482971521721631,-0.00011482971521721631
37.265625,0.0007954543349810625,0.0007954516940416208,-0.00011483148331068525,-0.00011483148331068525
37.3046875,0.0007954665057566868,0.0007954638647768378,-0.0001148332402791956,-0.0001148332402791956
37.34375,0.0007954785999530029,0.0007954759589330005,-0.00011483498619274633,-0.00011483498619274633
37.3828125,0.0007954906180518527,0.0007954879769919497,-0.00011483672112089594,-0.00011483672112089594
37.421875,0.0007955025605320464,0.0007954999194324939,-0.00011483844513276531,-0.00011483844513276531
37.4609375,0.0007955144278693814,0.000795511786730429,-0.00011484015829704037,-0.00011484015829704037
37.5,0.0007955262205366616,0.0007955235793585569,-0.00011484186068197489,-0.00011484186068197489
37.5390625,0.0007955379390037156,0.0007955352977867052,-0.00011484355235539317,-0.00011484355235539317
37.578125,0.0007955495837374163,0.0007955469424817449,-0.00011484523338469277,-0.00011484523338469277
37.6171875,0.0007955611552016985,0.0007955585139076095,-0.00011484690383684718,-0.00011484690383684718
37.65625,0.0007955726538575782,0.0007955700125253131,-0.00011484856377840849,-0.00011484856377840849
37.6953125,0.0007955840801631707,0.0007955814387929699,-0.00011485021327550999,-0.00011485021327550999
37.734375,0.0007955954345737085,0.0007955927931658106,-0.00011485185239386895,-0.00011485185239386895
37.7734375,0.00079560671754156,0.0007956040760962023,-0.00011485348119878906,-0.00011485348119878906
37.8125,0.0007956179295162473,0.0007956152880336653,-0.00011485509975516315,-0.00011485509975516315
37.8515625,0.0007956290709444639,0.0007956264294248918,-0.00011485670812747574,-0.00011485670812747574
37.890625,0.0007956401422700928,0.0007956375007137636,-0.00011485830637980559,-0.00011485830637980559
37.9296875,0.0007956511439342239,0.0007956485023413688,-0.00011485989457582831,-0.00011485989457582831
37.96875,0.0007956620763751721,0.0007956594347460208,-0.00011486147277881882,-0.00011486147277881882
38.0078125,0.0007956729400284939,0.0007956702983632749,-0.00011486304105165393,-0.00011486304105165393
38.046875,0.0007956837353270057,0.0007956810936259458,-0.00011486459945681481,-0.00011486459945681481
38.0859375,0.0007956944627008002,0.000795691820964125,-0.00011486614805638952,-0.00011486614805638952
38.125,0.0007957051225772643,0.0007957024808051979,-0.00011486768691207543,-0.00011486768691207543
38.1640625,0.0007957157153810954,0.0007957130735738604,-0.00011486921608518174,-0.00011486921608518174
38.203125,0.000795726241534319,0.0007957235996921368,-0.00011487073563663185,-0.00011487073563663185
38.2421875,0.000795736701456305,0.0007957340595793954,-0.00011487224562696586,-0.00011487224562696586
38.28125,0.0007957470955637845,0.0007957444536523661,-0.00011487374611634291,-0.00011487374611634291
38.3203125,0.0007957574242708668,0.0007957547823251567,-0.00011487523716454365,-0.00011487523716454365
38.359375,0.0007957676879890554,0.0007957650460092692,-0.00011487671883097256,-0.00011487671883097256
38.3984375,0.0007957778871272647,0.000795775245113617,-0.00011487819117466038,-0.00011487819117466038
38.4375,0.0007957880220918359,0.0007957853800445397,-0.00011487965425426637,-0.00011487965425426637
38.4765625,0.0007957980932865538,0.0007957954512058208,-0.00011488110812808075,-0.00011488110812808075
38.515625,0.0007958081011126625,0.0007958054589987031,-0.00011488255285402696,-0.00011488255285402696
38.5546875,0.0007958180459688813,0.0007958154038219047,-0.00011488398848966397,-0.00011488398848966397
38.59375,0.0007958279282514209,0.0007958252860716346,-0.00011488541509218862,-0.00011488541509218862
38.6328125,0.0007958377483539989,0.0007958351061416094,-0.0001148868327184378,-0.0001148868327184378
38.671875,0.0007958475066678556,0.0007958448644230682,-0.00011488824142489082,-0.00011488824142489082
38.7109375,0.0007958572035817697,0.0007958545613047882,-0.00011488964126767163,-0.00011488964126767163
38.75,0.0007958668394820736,0.0007958641971731004,-0.00011489103230255104,-0.00011489103230255104
38.7890625,0.0007958764147526689,0.0007958737724119056,-0.00011489241458494891,-0.00011489241458494891
38.828125,0.0007958859297750417,0.000795883287402688,-0.00011489378816993645,-0.00011489378816993645
38.8671875,0.0007958953849282775,0.0007958927425245324,-0.0001148951531122383,-0.0001148951531122383
38.90625,0.000795904780589077,0.000795902138154138,-0.00011489650946623482,-0.00011489650946623482
38.9453125,0.0007959141171317705,0.0007959114746658337,-0.00011489785728596416,-0.00011489785728596416
38.984375,0.0007959233949283328,0.0007959207524315934,-0.00011489919662512449,-0.00011489919662512449
39.0234375,0.0007959326143483984,0.0007959299718210501,-0.00011490052753707612,-0.00011490052753707612
39.0625,0.000795941775759276,0.0007959391332015115,-0.00011490185007484357,-0.00011490185007484357
39.1015625,0.0007959508795259633,0.0007959482369379739,-0.00011490316429111776,-0.00011490316429111776
39.140625,0.000795959926011161,0.0007959572833931369,-0.00011490447023825806,-0.00011490447023825806
39.1796875,0.0007959689155752882,0.0007959662729274185,-0.0001149057679682944,-0.0001149057679682944
39.21875,0.0007959778485764958,0.0007959752058989681,-0.00011490705753292931,-0.00011490705753292931
39.2578125,0.0007959867253706814,0.0007959840826636823,-0.00011490833898354005,-0.00011490833898354005
39.296875,0.0007959955463115033,0.0007959929035752184,-0.00011490961237118059,-0.00011490961237118059
39.3359375,0.0007960043117503944,0.0007960016689850079,-0.00011491087774658364,-0.00011491087774658364
39.375,0.0007960130220365764,0.0007960103792422714,-0.00011491213516016271,-0.00011491213516016271
39.4140625,0.0007960216775170737,0.0007960190346940323,-0.00011491338466201413,-0.00011491338466201413
39.453125,0.0007960302785367274,0.0007960276356851302,-0.00011491462630191901,-0.00011491462630191901
39.4921875,0.0007960388254382086,0.0007960361825582353,-0.00011491586012934521,-0.00011491586012934521
39.53125,0.0007960473185620321,0.0007960446756538615,-0.00011491708619344936,-0.00011491708619344936
39.5703125,0.0007960557582465707,0.0007960531153103801,-0.00011491830454307877,-0.00011491830454307877
39.609375,0.0007960641448280678,0.0007960615018640333,-0.00011491951522677344,-0.00011491951522677344
39.6484375,0.0007960724786406511,0.0007960698356489479,-0.00011492071829276791,-0.00011492071829276791
39.6875,0.000796080760016346,0.0007960781169971483,-0.00011492191378899325,-0.00011492191378899325
39.7265625,0.0007960889892850888,0.0007960863462385697,-0.00011492310176307893,-0.00011492310176307893
39.765625,0.0007960971667747398,0.0007960945237010711,-0.00011492428226235474,-0.00011492428226235474
39.8046875,0.0007961052928110965,0.0007961026497104491,-0.00011492545533385268,-0.00011492545533385268
39.84375,0.0007961133677179063,0.00079611072459045,-0.0001149266210243088,-0.0001149266210243088
39.8828125,0.0007961213918168797,0.0007961187486627829,-0.0001149277793801651,-0.0001149277793801651
39.921875,0.0007961293654277028,0.0007961267222471333,-0.00011492893044757133,-0.00011492893044757133
39.9609375,0.0007961372888680503,0.0007961346456611746,-0.00011493007427238693,-0.00011493007427238693
40.0,0.000796145162453598,0.0007961425192205818,-0.00011493121090018274,-0.00011493121090018274
40.0390625,0.0007961529864980358,0.0007961503432390434,-0.00011493234037624285,-0.00011493234037624285
40.078125,0.0007961607613130793,0.0007961581180282743,-0.00011493346274556645,-0.00011493346274556645
40.1171875,0.0007961684872084832,0.0007961658438980279,-0.00011493457805286962,-0.0001149345780528696
40.15625,0.0007961761644920529,0.0007961735211561088,-0.000114935686342587,-0.000114935686342587
40.1953125,0.0007961837934696574,0.0007961811501083847,-0.00011493678765887374,-0.00011493678765887374
40.234375,0.0007961913744452408,0.000796188731058799,-0.00011493788204560707,-0.00011493788204560707
40.2734375,0.0007961989077208349,0.0007961962643093824,-0.00011493896954638823,-0.00011493896954638823
40.3125,0.0007962063935965713,0.0007962037501602654,-0.00011494005020454407,-0.00011494005020454407
40.3515625,0.0007962138323706928,0.00079621118890969,-0.00011494112406312881,-0.00011494112406312881
40.390625,0.000796221224339566,0.0007962185808540215,-0.00011494219116492582,-0.00011494219116492582
40.4296875,0.0007962285697976924,0.0007962259262877606,-0.00011494325155244923,-0.00011494325155244923
40.46875,0.0007962358690377206,0.0007962332255035552,-0.00011494430526794568,-0.00011494430526794568
40.5078125,0.0007962431223504581,0.0007962404787922113,-0.00011494535235339599,-0.00011494535235339599
40.546875,0.0007962503300248821,0.0007962476864427056,-0.00011494639285051685,-0.00011494639285051685
40.5859375,0.0007962574923481519,0.0007962548487421961,-0.00011494742680076248,-0.00011494742680076248
40.625,0.00079626460960562,0.0007962619659760348,-0.00011494845424532619,-0.00011494845424532619
40.6640625,0.0007962716820808433,0.0007962690384277772,-0.0001149494752251422,-0.0001149494752251422
40.703125,0.0007962787100555946,0.0007962760663791953,-0.0001149504897808871,-0.0001149504897808871
40.7421875,0.0007962856938098737,0.000796283050110288,-0.00011495149795298156,-0.00011495149795298156
40.78125,0.0007962926336219187,0.0007962899898992926,-0.00011495249978159192,-0.00011495249978159192
40.8203125,0.0007962995297682169,0.0007962968860226954,-0.0001149534953066318,-0.0001149534953066318
40.859375,0.0007963063825235161,0.0007963037387552431,-0.00011495448456776368,-0.00011495448456776368
40.8984375,0.0007963131921608353,0.0007963105483699541,-0.00011495546760440046,-0.00011495546760440046
40.9375,0.0007963199589514756,0.0007963173151381283,-0.00011495644445570706,-0.00011495644445570706
40.9765625,0.000796326683165031,0.000796324039329359,-0.00011495741516060201,-0.00011495741516060201
41.015625,0.0007963333650693994,0.0007963307212115433,-0.0001149583797577589,-0.0001149583797577589
41.0546875,0.0007963400049307928,0.0007963373610508921,-0.00011495933828560803,-0.00011495933828560803
41.09375,0.0007963466030137485,0.0007963439591119418,-0.00011496029078233786,-0.00011496029078233786
41.1328125,0.000796353159581139,0.0007963505156575643,-0.0001149612372858966,-0.0001149612372858966
41.171875,0.0007963596748941829,0.0007963570309489771,-0.00011496217783399367,-0.00011496217783399367
41.2109375,0.0007963661492124553,0.0007963635052457545,-0.0001149631124641012,-0.0001149631124641012
41.25,0.0007963725827938979,0.0007963699388058374,-0.00011496404121345559,-0.00011496404121345559
41.2890625,0.0007963789758948296,0.0007963763318855438,-0.00011496496411905891,-0.00011496496411905891
41.328125,0.0007963853287699563,0.0007963826847395787,-0.00011496588121768042,-0.00011496588121768042
41.3671875,0.0007963916416723813,0.0007963889976210446,-0.00011496679254585801,-0.00011496679254585801
41.40625,0.0007963979148536155,0.0007963952707814516,-0.0001149676981398997,-0.0001149676981398997
41.4453125,0.0007964041485635872,0.0007964015044707272,-0.00011496859803588506,-0.00011496859803588506
41.484375,0.0007964103430506522,0.0007964076989372262,-0.0001149694922696666,-0.0001149694922696666
41.5234375,0.0007964164985616034,0.0007964138544277408,-0.0001149703808768713,-0.0001149703808768713
41.5625,0.0007964226153416812,0.0007964199711875108,-0.00011497126389290192,-0.00011497126389290192
41.6015625,0.0007964286936345828,0.0007964260494602322,-0.00011497214135293852,-0.00011497214135293852
41.640625,0.0007964347336824718,0.0007964320894880678,-0.00011497301329193975,-0.00011497301329193975
41.6796875,0.0007964407357259884,0.0007964380915116576,-0.00011497387974464432,-0.00011497387974464432
41.71875,0.0007964467000042586,0.000796444055770126,-0.00011497474074557237,-0.00011497474074557237
41.7578125,0.0007964526267549037,0.0007964499825010942,-0.00011497559632902684,-0.00011497559632902684
41.796875,0.0007964585162140501,0.0007964558719406872,-0.00011497644652909482,-0.00011497644652909482
41.8359375,0.0007964643686163382,0.0007964617243235452,-0.00011497729137964892,-0.00011497729137964892
41.875,0.0007964701841949322,0.0007964675398828311,-0.00011497813091434863,-0.00011497813091434863
41.9140625,0.000796475963181529,0.0007964733188502416,-0.00011497896516664165,-0.00011497896516664165
41.953125,0.0007964817058063681,0.000796479061456015,-0.00011497979416976523,-0.00011497979416976523
41.9921875,0.0007964874122982398,0.0007964847679289408,-0.00011498061795674747,-0.00011498061795674747
42.03125,0.0007964930828844953,0.0007964904384963697,-0.0001149814365604087,-0.0001149814365604087
42.0703125,0.0007964987177910548,0.0007964960733842211,-0.00011498225001336268,-0.00011498225001336268
42.109375,0.0007965043172424174,0.0007965016728169933,-0.000114983058348018,-0.000114983058348018
42.1484375,0.0007965098814616695,0.000796507237017772,-0.00011498386159657934,-0.00011498386159657934
42.1875,0.0007965154106704938,0.000796512766208239,-0.00011498465979104872,-0.00011498465979104872
42.2265625,0.0007965209050891782,0.0007965182606086817,-0.00011498545296322682,-0.00011498545296322682
42.265625,0.0007965263649366244,0.0007965237204380011,-0.00011498624114471421,-0.00011498624114471421
42.3046875,0.000796531790430357,0.0007965291459137208,-0.00011498702436691266,-0.00011498702436691265
42.34375,0.0007965371817865317,0.000796534537251996,-0.00011498780266102632,-0.00011498780266102632
42.3828125,0.0007965425392199443,0.0007965398946676219,-0.00011498857605806302,-0.00011498857605806302
42.421875,0.000796547862944039,0.0007965452183740416,-0.0001149893445888355,-0.0001149893445888355
42.4609375,0.000796553153170917,0.0007965505085833557,-0.00011499010828396259,-0.00011499010828396259
42.5,0.000796558410111345,0.0007965557655063304,-0.0001149908671738705,-0.0001149908671738705
42.5390625,0.0007965636339747634,0.0007965609893524054,-0.00011499162128879397,-0.00011499162128879397
42.578125,0.000796568824969295,0.0007965661803297026,-0.00011499237065877751,-0.00011499237065877751
42.6171875,0.0007965739833017529,0.0007965713386450346,-0.0001149931153136766,-0.0001149931153136766
42.65625,0.000796579109177649,0.0007965764645039126,-0.00011499385528315885,-0.00011499385528315885
42.6953125,0.000796584202801202,0.0007965815581105545,-0.0001149945905967052,-0.0001149945905967052
42.734375,0.0007965892643753457,0.0007965866196678937,-0.00011499532128361112,-0.00011499532128361112
42.7734375,0.0007965942941017373,0.0007965916493775863,-0.0001149960473729877,-0.0001149960473729877
42.8125,0.0007965992921807648,0.00079659664744002,-0.00011499676889376292,-0.00011499676889376292
42.8515625,0.0007966042588115553,0.0007966016140543213,-0.0001149974858746827,-0.0001149974858746827
42.890625,0.0007966091941919834,0.0007966065494183636,-0.00011499819834431212,-0.00011499819834431212
42.9296875,0.0007966140985186783,0.0007966114537287759,-0.00011499890633103649,-0.00011499890633103649
42.96875,0.0007966189719870321,0.0007966163271809496,-0.00011499960986306256,-0.00011499960986306256
43.0078125,0.0007966238147912075,0.0007966211699690466,-0.00011500030896841956,-0.00011500030896841956
43.046875,0.0007966286271241454,0.0007966259822860074,-0.00011500100367496039,-0.00011500100367496039
43.0859375,0.0007966334091775729,0.0007966307643235583,-0.0001150016940103627,-0.0001150016940103627
43.125,0.0007966381611420107,0.0007966355162722194,-0.00011500238000212995,-0.00011500238000212995
43.1640625,0.0007966428832067805,0.0007966402383213117,-0.00011500306167759258,-0.00011500306167759258
43.203125,0.000796647575560013,0.0007966449306589654,-0.00011500373906390907,-0.00011500373906390907
43.2421875,0.0007966522383886552,0.0007966495934721268,-0.00011500441218806699,-0.00011500441218806699
43.28125,0.0007966568718784776,0.0007966542269465659,-0.00011500508107688413,-0.00011500508107688413
43.3203125,0.000796661476214082,0.0007966588312668837,-0.00011500574575700952,-0.00011500574575700952
43.359375,0.0007966660515789087,0.0007966634066165199,-0.00011500640625492452,-0.00011500640625492452
43.3984375,0.0007966705981552436,0.0007966679531777601,-0.00011500706259694388,-0.00011500706259694388
43.4375,0.000796675116124226,0.0007966724711317426,-0.00011500771480921676,-0.00011500771480921676
43.4765625,0.0007966796056658549,0.0007966769606584661,-0.00011500836291772779,-0.00011500836291772779
43.515625,0.0007966840669589972,0.0007966814219367967,-0.00011500900694829811,-0.00011500900694829811
43.5546875,0.0007966885001813943,0.0007966858551444752,-0.00011500964692658637,-0.00011500964692658637
43.59375,0.0007966929055096689,0.0007966902604581241,-0.0001150102828780898,-0.0001150102828780898
43.6328125,0.0007966972831193327,0.000796694638053254,-0.00011501091482814522,-0.00011501091482814522
43.671875,0.0007967016331847931,0.0007966989881042721,-0.00011501154280192995,-0.00011501154280192995
43.7109375,0.00079670595587936,0.0007967033107844876,-0.00011501216682446297,-0.00011501216682446297
43.75,0.0007967102513752528,0.0007967076062661192,-0.00011501278692060582,-0.00011501278692060582
43.7890625,0.0007967145198436074,0.0007967118747203022,-0.00011501340311506356,-0.00011501340311506356
43.828125,0.0007967187614544827,0.0007967161163170953,-0.0001150140154323859,-0.0001150140154323859
43.8671875,0.0007967229763768677,0.0007967203312254865,-0.000115014623896968,-0.000115014623896968
43.90625,0.0007967271647786882,0.0007967245196134014,-0.00011501522853305156,-0.00011501522853305156
43.9453125,0.0007967313268268132,0.0007967286816477082,-0.00011501582936472572,-0.00011501582936472572
43.984375,0.000796735462687062,0.0007967328174942258,-0.00011501642641592808,-0.00011501642641592808
44.0234375,0.0007967395725242102,0.0007967369273177292,-0.00011501701971044562,-0.00011501701971044562
44.0625,0.000796743656501997,0.000796741011281957,-0.00011501760927191566,-0.00011501760927191566
44.1015625,0.0007967477147831312,0.0007967450695496175,-0.00011501819512382674,-0.00011501819512382674
44.140625,0.0007967517475292977,0.0007967491022823953,-0.00011501877728951967,-0.00011501877728951967
44.1796875,0.0007967557549011643,0.0007967531096409571,-0.00011501935579218836,-0.00011501935579218836
44.21875,0.0007967597370583875,0.0007967570917849594,-0.0001150199306548808,-0.0001150199306548808
44.2578125,0.0007967636941596197,0.0007967610488730539,-0.00011502050190049997,-0.00011502050190049997
44.296875,0.0007967676263625147,0.0007967649810628938,-0.0001150210695518047,-0.0001150210695518047
44.3359375,0.0007967715338237345,0.0007967688885111406,-0.00011502163363141068,-0.00011502163363141068
44.375,0.0007967754166989553,0.0007967727713734703,-0.00011502219416179126,-0.00011502219416179126
44.4140625,0.0007967792751428738,0.0007967766298045785,-0.00011502275116527839,-0.00011502275116527839
44.453125,0.0007967831093092134,0.0007967804639581886,-0.00011502330466406351,-0.00011502330466406351
44.4921875,0.00079678691935073,0.0007967842739870557,-0.00011502385468019843,-0.00011502385468019843
44.53125,0.0007967907054192188,0.0007967880600429746,-0.00011502440123559622,-0.00011502440123559622
44.5703125,0.0007967944676655196,0.0007967918222767845,-0.00011502494435203207,-0.00011502494435203207
44.609375,0.000796798206239523,0.0007967955608383756,-0.00011502548405114413,-0.00011502548405114413
44.6484375,0.0007968019212901767,0.0007967992758766952,-0.00011502602035443444,-0.00011502602035443444
44.6875,0.0007968056129654911,0.0007968029675397533,-0.00011502655328326971,-0.00011502655328326971
44.7265625,0.0007968092814125455,0.0007968066359746282,-0.00011502708285888225,-0.00011502708285888225
44.765625,0.0007968129267774934,0.0007968102813274734,-0.00011502760910237075,-0.00011502760910237075
44.8046875,0.0007968165492055691,0.0007968139037435225,-0.00011502813203470115,-0.00011502813203470115
44.84375,0.0007968201488410928,0.0007968175033670952,-0.00011502865167670745,-0.00011502865167670745
44.8828125,0.0007968237258274767,0.0007968210803416033,-0.00011502916804909263,-0.00011502916804909263
44.921875,0.0007968272803072306,0.0007968246348095563,-0.0001150296811724293,-0.0001150296811724293
44.9609375,0.0007968308124219678,0.0007968281669125667,-0.00011503019106716074,-0.00011503019106716074
45.0,0.0007968343223124104,0.0007968316767913563,-0.0001150306977536015,-0.0001150306977536015
45.0390625,0.0007968378101183951,0.0007968351645857612,-0.00011503120125193836,-0.00011503120125193836
45.078125,0.0007968412759788787,0.0007968386304347381,-0.0001150317015822311,-0.0001150317015822311
45.1171875,0.0007968447200319437,0.0007968420744763687,-0.00011503219876441323,-0.00011503219876441323
45.15625,0.0007968481424148039,0.0007968454968478664,-0.0001150326928182929,-0.0001150326928182929
45.1953125,0.0007968515432638095,0.000796848897685581,-0.00011503318376355355,-0.00011503318376355355
45.234375,0.000796854922714453,0.0007968522771250046,-0.00011503367161975483,-0.00011503367161975483
45.2734375,0.0007968582809013741,0.0007968556353007765,-0.00011503415640633332,-0.00011503415640633332
45.3125,0.0007968616179583657,0.000796858972346689,-0.00011503463814260325,-0.00011503463814260325
45.3515625,0.0007968649340183787,0.0007968622883956924,-0.0001150351168477574,-0.0001150351168477574
45.390625,0.0007968682292135273,0.0007968655835799009,-0.0001150355925408677,-0.0001150355925408677
45.4296875,0.0007968715036750948,0.000796868858030597,-0.00011503606524088617,-0.00011503606524088617
45.46875,0.000796874757533538,0.0007968721118782374,-0.00011503653496664551,-0.00011503653496664551
45.5078125,0.0007968779909184933,0.0007968753452524576,-0.00011503700173685997,-0.00011503700173685997
45.546875,0.000796881203958781,0.0007968785582820779,-0.000115037465570126,-0.000115037465570126
45.5859375,0.0007968843967824113,0.0007968817510951079,-0.0001150379264849231,-0.0001150379264849231
45.625,0.0007968875695165884,0.0007968849238187515,-0.00011503838449961444,-0.00011503838449961444
45.6640625,0.0007968907222877168,0.0007968880765794125,-0.00011503883963244771,-0.00011503883963244771
45.703125,0.0007968938552214051,0.0007968912095026992,-0.00011503929190155571,-0.00011503929190155571
45.7421875,0.0007968969684424718,0.0007968943227134299,-0.0001150397413249572,-0.0001150397413249572
45.78125,0.0007969000620749499,0.000796897416335637,-0.00011504018792055756,-0.00011504018792055756
45.8203125,0.0007969031362420922,0.000796900490492573,-0.00011504063170614946,-0.00011504063170614946
45.859375,0.0007969061910663758,0.0007969035453067143,-0.00011504107269941371,-0.00011504107269941371
45.8984375,0.0007969092266695072,0.0007969065808997676,-0.00011504151091791977,-0.00011504151091791977
45.9375,0.0007969122431724272,0.0007969095973926725,-0.00011504194637912662,-0.00011504194637912662
45.9765625,0.0007969152406953154,0.0007969125949056088,-0.00011504237910038337,-0.00011504237910038337
46.015625,0.0007969182193575955,0.0007969155735579997,-0.00011504280909892995,-0.00011504280909892995
46.0546875,0.0007969211792779397,0.000796918533468517,-0.00011504323639189783,-0.00011504323639189783
46.09375,0.0007969241205742735,0.0007969214747550855,-0.0001150436609963107,-0.0001150436609963107
46.1328125,0.0007969270433637803,0.0007969243975348885,-0.0001150440829290851,-0.0001150440829290851
46.171875,0.0007969299477629063,0.0007969273019243717,-0.00011504450220703116,-0.00011504450220703116
46.2109375,0.000796932833887365,0.0007969301880392484,-0.00011504491884685325,-0.00011504491884685325
46.25,0.0007969357018521416,0.0007969330559945033,-0.0001150453328651506,-0.0001150453328651506
46.2890625,0.0007969385517714982,0.000796935905904398,-0.00011504574427841801,-0.00011504574427841801
46.328125,0.0007969413837589777,0.0007969387378824752,-0.00011504615310304651,-0.00011504615310304651
46.3671875,0.0007969441979274086,0.0007969415520415629,-0.00011504655935532398,-0.00011504655935532398
46.40625,0.0007969469943889095,0.0007969443484937795,-0.00011504696305143581,-0.00011504696305143581
46.4453125,0.0007969497732548936,0.0007969471273505376,-0.00011504736420746556,-0.00011504736420746556
46.484375,0.000796952534636073,0.000796949888722549,-0.0001150477628393956,-0.0001150477628393956
46.5234375,0.0007969552786424632,0.0007969526327198291,-0.00011504815896310773,-0.00011504815896310773
46.5625,0.0007969580053833875,0.0007969553594517005,-0.00011504855259438381,-0.00011504855259438381
46.6015625,0.0007969607149674814,0.0007969580690267986,-0.00011504894374890643,-0.00011504894374890643
46.640625,0.0007969634075026967,0.0007969607615530745,-0.00011504933244225946,-0.00011504933244225946
46.6796875,0.0007969660830963061,0.0007969634371378009,-0.00011504971868992874,-0.00011504971868992874
46.71875,0.0007969687418549073,0.0007969660958875749,-0.00011505010250730267,-0.00011505010250730267
46.7578125,0.0007969713838844272,0.0007969687379083232,-0.00011505048390967285,-0.00011505048390967285
46.796875,0.0007969740092901264,0.0007969713633053059,-0.0001150508629122346,-0.0001150508629122346
46.8359375,0.0007969766181766028,0.0007969739721831208,-0.0001150512395300877,-0.0001150512395300877
46.875,0.0007969792106477967,0.0007969765646457075,-0.0001150516137782369,-0.0001150516137782369
46.9140625,0.0007969817868069939,0.0007969791407963518,-0.0001150519856715925,-0.0001150519856715925
46.953125,0.0007969843467568306,0.0007969817007376895,-0.00011505235522497103,-0.00011505235522497103
46.9921875,0.0007969868905992973,0.0007969842445717105,-0.00011505272245309577,-0.00011505272245309577
47.03125,0.0007969894184357424,0.000796986772399763,-0.00011505308737059738,-0.00011505308737059738
47.0703125,0.000796991930366877,0.0007969892843225579,-0.00011505344999201443,-0.00011505344999201443
47.109375,0.0007969944264927782,0.000796991780440172,-0.00011505381033179405,-0.00011505381033179405
47.1484375,0.0007969969069128936,0.0007969942608520522,-0.00011505416840429245,-0.00011505416840429245
47.1875,0.0007969993717260451,0.0007969967256570205,-0.00011505452422377551,-0.00011505452422377551
47.2265625,0.0007970018210304326,0.0007969991749532761,-0.00011505487780441934,-0.00011505487780441934
47.265625,0.0007970042549236383,0.0007970016088384012,-0.00011505522916031086,-0.00011505522916031086
47.3046875,0.0007970066735026305,0.0007970040274093635,-0.00011505557830544837,-0.00011505557830544837
47.34375,0.000797009076863767,0.0007970064307625208,-0.00011505592525374206,-0.00011505592525374206
47.3828125,0.0007970114651027996,0.0007970088189936243,-0.00011505627001901463,-0.00011505627001901463
47.421875,0.0007970138383148775,0.0007970111921978231,-0.00011505661261500177,-0.00011505661261500177
47.4609375,0.0007970161965945514,0.0007970135504696674,-0.00011505695305535278,-0.00011505695305535278
47.5,0.0007970185400357769,0.0007970158939031126,-0.00011505729135363107,-0.00011505729135363107
47.5390625,0.0007970208687319185,0.0007970182225915229,-0.00011505762752331468,-0.00011505762752331468
47.578125,0.0007970231827757532,0.0007970205366276749,-0.00011505796157779687,-0.00011505796157779687
47.6171875,0.0007970254822594743,0.0007970228361037615,-0.00011505829353038664,-0.00011505829353038664
47.65625,0.0007970277672746948,0.0007970251211113958,-0.00011505862339430922,-0.00011505862339430922
47.6953125,0.0007970300379124517,0.000797027391741614,-0.00011505895118270664,-0.00011505895118270664
47.734375,0.0007970322942632088,0.0007970296480848799,-0.00011505927690863824,-0.00011505927690863824
47.7734375,0.0007970345364168608,0.0007970318902310879,-0.00011505960058508119,-0.00011505960058508119
47.8125,0.0007970367644627368,0.0007970341182695667,-0.000115059922224931,-0.000115059922224931
47.8515625,0.0007970389784896039,0.0007970363322890834,-0.00011506024184100204,-0.00011506024184100204
47.890625,0.0007970411785856707,0.0007970385323778457,-0.00011506055944602808,-0.00011506055944602808
47.9296875,0.0007970433648385906,0.0007970407186235071,-0.00011506087505266274,-0.00011506087505266274
47.96875,0.0007970455373354655,0.0007970428911131692,-0.00011506118867348,-0.00011506118867348
48.0078125,0.0007970476961628494,0.0007970450499333858,-0.00011506150032097478,-0.00011506150032097478
48.046875,0.0007970498414067517,0.0007970471951701659,-0.00011506181000756334,-0.00011506181000756334
48.0859375,0.0007970519731526404,0.0007970493269089771,-0.00011506211774558385,-0.00011506211774558385
48.125,0.000797054091485446,0.0007970514452347497,-0.0001150624235472968,-0.0001150624235472968
48.1640625,0.0007970561964895644,0.0007970535502318794,-0.00011506272742488556,-0.00011506272742488556
48.203125,0.0007970582882488606,0.0007970556419842308,-0.00011506302939045687,-0.00011506302939045687
48.2421875,0.0007970603668466718,0.000797057720575141,-0.00011506332945604124,-0.00011506332945604124
48.28125,0.0007970624323658111,0.0007970597860874227,-0.00011506362763359354,-0.00011506362763359354
48.3203125,0.0007970644848885702,0.0007970618386033675,-0.00011506392393499338,-0.00011506392393499338
48.359375,0.0007970665244967231,0.0007970638782047487,-0.0001150642183720456,-0.0001150642183720456
48.3984375,0.0007970685512715296,0.0007970659049728262,-0.00011506451095648086,-0.00011506451095648086
48.4375,0.0007970705652937377,0.0007970679189883476,-0.00011506480169995587,-0.00011506480169995587
48.4765625,0.0007970725666435876,0.0007970699203315531,-0.00011506509061405414,-0.00011506509061405414
48.515625,0.0007970745554008148,0.0007970719090821776,-0.00011506537771028618,-0.00011506537771028618
48.5546875,0.0007970765316446528,0.0007970738853194543,-0.00011506566300009016,-0.00011506566300009016
48.59375,0.0007970784954538365,0.0007970758491221181,-0.0001150659464948322,-0.0001150659464948322
48.6328125,0.0007970804469066057,0.0007970778005684084,-0.00011506622820580698,-0.00011506622820580698
48.671875,0.0007970823860807077,0.0007970797397360722,-0.00011506650814423806,-0.00011506650814423806
48.7109375,0.0007970843130534007,0.0007970816667023675,-0.00011506678632127841,-0.00011506678632127841
48.75,0.0007970862279014567,0.0007970835815440662,-0.00011506706274801081,-0.00011506706274801081
48.7890625,0.0007970881307011648,0.0007970854843374571,-0.0001150673374354483,-0.0001150673374354483
48.828125,0.0007970900215283339,0.0007970873751583485,-0.00011506761039453467,-0.00011506761039453467
48.8671875,0.000797091900458296,0.0007970892540820725,-0.00011506788163614477,-0.00011506788163614477
48.90625,0.0007970937675659092,0.000797091121183487,-0.00011506815117108512,-0.00011506815117108512
48.9453125,0.0007970956229255604,0.0007970929765369781,-0.00011506841901009416,-0.00011506841901009416
48.984375,0.0007970974666111685,0.0007970948202164653,-0.00011506868516384282,-0.00011506868516384282
49.0234375,0.0007970992986961875,0.0007970966522954016,-0.00011506894964293486,-0.00011506894964293486
49.0625,0.0007971011192536089,0.0007970984728467786,-0.00011506921245790732,-0.00011506921245790732
49.1015625,0.0007971029283559651,0.0007971002819431285,-0.00011506947361923097,-0.00011506947361923097
49.140625,0.0007971047260753321,0.000797102079656527,-0.00011506973313731066,-0.00011506973313731066
49.1796875,0.0007971065124833325,0.0007971038660585965,-0.00011506999102248577,-0.00011506999102248577
49.21875,0.0007971082876511381,0.0007971056412205084,-0.00011507024728503069,-0.00011507024728503069
49.2578125,0.0007971100516494729,0.0007971074052129867,-0.00011507050193515507,-0.00011507050193515507
49.296875,0.0007971118045486159,0.00079710915810631,-0.00011507075498300437,-0.00011507075498300437
49.3359375,0.000797113546418404,0.0007971108999703151,-0.00011507100643866023,-0.00011507100643866023
49.375,0.0007971152773282346,0.000797112630874399,-0.00011507125631214082,-0.00011507125631214082
49.4140625,0.0007971169973470686,0.0007971143508875225,-0.0001150715046134013,-0.0001150715046134013
49.453125,0.0007971187065434327,0.0007971160600782119,-0.00011507175135233416,-0.00011507175135233416
49.4921875,0.0007971204049854226,0.0007971177585145629,-0.00011507199653876967,-0.00011507199653876967
49.53125,0.0007971220927407055,0.0007971194462642425,-0.00011507224018247627,-0.00011507224018247627
49.5703125,0.0007971237698765228,0.0007971211233944916,-0.00011507248229316089,-0.00011507248229316089
49.609375,0.000797125436459693,0.0007971227899721288,-0.0001150727228804694,-0.0001150727228804694
49.6484375,0.0007971270925566141,0.0007971244460635514,-0.00011507296195398699,-0.00011507296195398699
49.6875,0.000797128738233266,0.0007971260917347398,-0.00011507319952323854,-0.00011507319952323854
49.7265625,0.000797130373555214,0.0007971277270512584,-0.00011507343559768897,-0.00011507343559768897
49.765625,0.0007971319985876102,0.0007971293520782595,-0.00011507367018674367,-0.00011507367018674367
49.8046875,0.0007971336133951975,0.0007971309668804856,-0.00011507390329974884,-0.00011507390329974884
49.84375,0.0007971352180423109,0.0007971325715222714,-0.0001150741349459919,-0.0001150741349459919
49.8828125,0.0007971368125928807,0.0007971341660675473,-0.00011507436513470179,-0.00011507436513470179
49.921875,0.0007971383971104351,0.000797135750579841,-0.00011507459387504941,-0.00011507459387504941
49.9609375,0.0007971399716581025,0.0007971373251222809,-0.00011507482117614797,-0.00011507482117614797
50.0,0.000797141536298614,0.0007971388897575978,-0.0001150750470470533,-0.0001150750470470533
50.0390625,0.0007971430910943062,0.0007971404445481279,-0.00011507527149676426,-0.00011507527149676426
50.078125,0.0007971446361071231,0.0007971419895558153,-0.00011507549453422311,-0.00011507549453422311
50.1171875,0.0007971461713986194,0.0007971435248422143,-0.00011507571616831582,-0.00011507571616831582
50.15625,0.0007971476970299621,0.000797145050468492,-0.00011507593640787247,-0.00011507593640787247
50.1953125,0.0007971492130619337,0.0007971465664954303,-0.00011507615526166757,-0.00011507615526166757
50.234375,0.0007971507195549339,0.0007971480729834288,-0.00011507637273842043,-0.00011507637273842043
50.2734375,0.0007971522165689827,0.0007971495699925075,-0.00011507658884679547,-0.00011507658884679547
50.3125,0.0007971537041637221,0.000797151057582308,-0.00011507680359540263,-0.00011507680359540263
50.3515625,0.0007971551823984191,0.0007971525358120972,-0.00011507701699279764,-0.00011507701699279764
50.390625,0.0007971566513319677,0.0007971540047407689,-0.00011507722904748243,-0.00011507722904748243
50.4296875,0.0007971581110228913,0.0007971554644268462,-0.00011507743976790541,-0.00011507743976790541
50.46875,0.000797159561529345,0.0007971569149284842,-0.00011507764916246185,-0.00011507764916246185
50.5078125,0.0007971610029091183,0.000797158356303472,-0.00011507785723949418,-0.00011507785723949418
50.546875,0.0007971624352196366,0.0007971597886092351,-0.00011507806400729236,-0.00011507806400729236
50.5859375,0.0007971638585179644,0.0007971612119028377,-0.00011507826947409415,-0.00011507826947409415
50.625,0.000797165272860807,0.0007971626262409845,-0.00011507847364808553,-0.00011507847364808553
50.6640625,0.0007971666783045129,0.0007971640316800244,-0.00011507867653740093,-0.00011507867653740093
50.703125,0.000797168074905076,0.0007971654282759507,-0.00011507887815012362,-0.00011507887815012362
50.7421875,0.0007971694627181379,0.0007971668160844051,-0.00011507907849428601,-0.00011507907849428601
50.78125,0.0007971708417989903,0.0007971681951606788,-0.00011507927757786995,-0.00011507927757786995
50.8203125,0.0007971722122025765,0.0007971695655597153,-0.0001150794754088071,-0.0001150794754088071
50.859375,0.0007971735739834947,0.0007971709273361122,-0.00011507967199497918,-0.00011507967199497918
50.8984375,0.0007971749271959992,0.0007971722805441241,-0.00011507986734421834,-0.00011507986734421834
50.9375,0.000797176271894003,0.0007971736252376634,-0.00011508006146430744,-0.00011508006146430744
50.9765625,0.0007971776081310798,0.000797174961470304,-0.00011508025436298036,-0.00011508025436298036
51.015625,0.0007971789359604665,0.000797176289295282,-0.00011508044604792236,-0.00011508044604792236
51.0546875,0.0007971802554350647,0.0007971776087654995,-0.00011508063652677027,-0.00011508063652677027
51.09375,0.0007971815666074433,0.000797178919933525,-0.00011508082580711295,-0.00011508082580711295
51.1328125,0.0007971828695298403,0.0007971802228515963,-0.00011508101389649145,-0.00011508101389649145
51.171875,0.0007971841642541653,0.0007971815175716228,-0.00011508120080239941,-0.00011508120080239941
51.2109375,0.000797185450832001,0.0007971828041451871,-0.00011508138653228329,-0.00011508138653228329
51.25,0.0007971867293146057,0.0007971840826235472,-0.00011508157109354273,-0.00011508157109354273
51.2890625,0.0007971879997529151,0.0007971853530576385,-0.00011508175449353075,-0.00011508175449353075
51.328125,0.0007971892621975443,0.0007971866154980764,-0.00011508193673955419,-0.00011508193673955419
51.3671875,0.0007971905166987902,0.0007971878699951574,-0.00011508211783887384,-0.00011508211783887384
51.40625,0.0007971917633066331,0.0007971891165988613,-0.00011508229779870485,-0.00011508229779870485
51.4453125,0.0007971930020707387,0.0007971903553588541,-0.00011508247662621696,-0.00011508247662621696
51.484375,0.0007971942330404604,0.000797191586324489,-0.00011508265432853478,-0.00011508265432853478
51.5234375,0.0007971954562648408,0.0007971928095448082,-0.0001150828309127381,-0.0001150828309127381
51.5625,0.0007971966717926142,0.000797194025068546,-0.00011508300638586219,-0.00011508300638586219
51.6015625,0.0007971978796722082,0.0007971952329441298,-0.00011508318075489801,-0.00011508318075489801
51.640625,0.0007971990799517455,0.0007971964332196821,-0.00011508335402679258,-0.00011508335402679258
51.6796875,0.0007972002726790463,0.000797197625943023,-0.00011508352620844917,-0.00011508352620844917
51.71875,0.0007972014579016297,0.0007971988111616714,-0.00011508369730672761,-0.00011508369730672761
51.7578125,0.0007972026356667159,0.0007971999889228474,-0.00011508386732844463,-0.00011508386732844463
51.796875,0.0007972038060212279,0.0007972011592734737,-0.00011508403628037398,-0.00011508403628037398
51.8359375,0.0007972049690117935,0.0007972023222601782,-0.00011508420416924686,-0.00011508420416924686
51.875,0.0007972061246847472,0.000797203477929295,-0.00011508437100175208,-0.00011508437100175208
51.9140625,0.0007972072730861318,0.0007972046263268668,-0.00011508453678453637,-0.00011508453678453637
51.953125,0.0007972084142617006,0.0007972057674986468,-0.00011508470152420465,-0.00011508470152420465
51.9921875,0.0007972095482569187,0.0007972069014901001,-0.00011508486522732026,-0.00011508486522732026
52.03125,0.0007972106751169655,0.0007972080283464057,-0.0001150850279004053,-0.0001150850279004053
52.0703125,0.000797211794886736,0.0007972091481124584,-0.00011508518954994073,-0.00011508518954994073
52.109375,0.0007972129076108425,0.0007972102608328707,-0.00011508535018236681,-0.00011508535018236681
52.1484375,0.000797214013333617,0.0007972113665519741,-0.00011508550980408328,-0.00011508550980408328
52.1875,0.0007972151120991121,0.0007972124653138215,-0.00011508566842144956,-0.00011508566842144956
52.2265625,0.0007972162039511036,0.0007972135571621879,-0.00011508582604078512,-0.00011508582604078512
52.265625,0.0007972172889330917,0.0007972146421405738,-0.00011508598266836961,-0.00011508598266836961
52.3046875,0.0007972183670883028,0.0007972157202922055,-0.00011508613831044319,-0.00011508613831044319
52.34375,0.0007972194384596916,0.0007972167916600372,-0.00011508629297320677,-0.00011508629297320677
52.3828125,0.0007972205030899422,0.0007972178562867533,-0.00011508644666282222,-0.00011508644666282222
52.421875,0.0007972215610214704,0.0007972189142147691,-0.00011508659938541267,-0.00011508659938541267
52.4609375,0.0007972226122964248,0.0007972199654862333,-0.0001150867511470627,-0.0001150867511470627
52.5,0.0007972236569566893,0.0007972210101430293,-0.00011508690195381859,-0.00011508690195381859
52.5390625,0.0007972246950438836,0.0007972220482267773,-0.0001150870518116886,-0.0001150870518116886
52.578125,0.0007972257265993661,0.000797223079778835,-0.0001150872007266432,-0.0001150872007266432
52.6171875,0.0007972267516642348,0.0007972241048403004,-0.00011508734870461526,-0.00011508734870461526
52.65625,0.000797227770279329,0.0007972251234520126,-0.00011508749575150033,-0.00011508749575150033
52.6953125,0.000797228782485231,0.0007972261356545542,-0.0001150876418731569,-0.0001150876418731569
52.734375,0.0007972297883222679,0.0007972271414882516,-0.00011508778707540652,-0.00011508778707540652
52.7734375,0.0007972307878305131,0.0007972281409931784,-0.0001150879313640342,-0.0001150879313640342
52.8125,0.0007972317810497877,0.0007972291342091554,-0.00011508807474478849,-0.00011508807474478849
52.8515625,0.0007972327680196623,0.0007972301211757533,-0.0001150882172233818,-0.0001150882172233818
52.890625,0.0007972337487794585,0.0007972311019322934,-0.00011508835880549056,-0.00011508835880549056
52.9296875,0.0007972347233682506,0.0007972320765178498,-0.00011508849949675553,-0.00011508849949675553
52.96875,0.0007972356918248669,0.0007972330449712507,-0.00011508863930278196,-0.00011508863930278196
53.0078125,0.0007972366541878915,0.0007972340073310804,-0.0001150887782291398,-0.0001150887782291398
53.046875,0.0007972376104956655,0.0007972349636356794,-0.00011508891628136401,-0.00011508891628136401
53.0859375,0.0007972385607862892,0.0007972359139231481,-0.0001150890534649547,-0.0001150890534649547
53.125,0.0007972395050976227,0.0007972368582313464,-0.00011508918978537734,-0.00011508918978537734
53.1640625,0.0007972404434672882,0.0007972377965978966,-0.00011508932524806306,-0.00011508932524806306
53.203125,0.000797241375932671,0.0007972387290601835,-0.00011508945985840878,-0.00011508945985840878
53.2421875,0.0007972423025309213,0.0007972396556553574,-0.0001150895936217775,-0.0001150895936217775
53.28125,0.0007972432232989554,0.0007972405764203345,-0.00011508972654349844,-0.00011508972654349844
53.3203125,0.0007972441382734574,0.0007972414913917987,-0.00011508985862886732,-0.00011508985862886732
53.359375,0.0007972450474908805,0.0007972424006062031,-0.00011508998988314649,-0.00011508998988314649
53.3984375,0.0007972459509874488,0.0007972433040997719,-0.00011509012031156523,-0.00011509012031156523
53.4375,0.0007972468487991581,0.0007972442019085005,-0.00011509024991931994,-0.00011509024991931994
53.4765625,0.000797247740961778,0.0007972450940681585,-0.00011509037871157424,-0.00011509037871157424
53.515625,0.0007972486275108529,0.0007972459806142901,-0.00011509050669345935,-0.00011509050669345935
53.5546875,0.0007972495084817038,0.0007972468615822159,-0.00011509063387007414,-0.00011509063387007414
53.59375,0.000797250383909429,0.0007972477370070347,-0.00011509076024648546,-0.00011509076024648546
53.6328125,0.0007972512538289063,0.0007972486069236237,-0.0001150908858277282,-0.0001150908858277282
53.671875,0.0007972521182747939,0.0007972494713666413,-0.00011509101061880563,-0.00011509101061880563
53.7109375,0.0007972529772815319,0.0007972503303705274,-0.00011509113462468953,-0.00011509113462468953
53.75,0.0007972538308833439,0.0007972511839695054,-0.00011509125785032036,-0.00011509125785032036
53.7890625,0.0007972546791142381,0.0007972520321975835,-0.00011509138030060756,-0.00011509138030060756
53.828125,0.0007972555220080086,0.0007972528750885555,-0.00011509150198042962,-0.00011509150198042962
53.8671875,0.0007972563595982369,0.000797253712676003,-0.00011509162289463436,-0.00011509162289463436
53.90625,0.0007972571919182932,0.000797254544993296,-0.0001150917430480391,-0.0001150917430480391
53.9453125,0.0007972580190013378,0.0007972553720735947,-0.00011509186244543083,-0.00011509186244543083
53.984375,0.0007972588408803224,0.0007972561939498506,-0.00011509198109156644,-0.00011509198109156644
54.0234375,0.0007972596575879913,0.000797257010654808,-0.00011509209899117289,-0.00011509209899117289
54.0625,0.0007972604691568826,0.0007972578222210048,-0.00011509221614894738,-0.00011509221614894738
54.1015625,0.0007972612756193298,0.0007972586286807744,-0.00011509233256955756,-0.00011509233256955756
54.140625,0.0007972620770074632,0.0007972594300662472,-0.00011509244825764173,-0.00011509244825764173
54.1796875,0.0007972628733532105,0.0007972602264093506,-0.00011509256321780898,-0.00011509256321780898
54.21875,0.0007972636646882987,0.0007972610177418118,-0.00011509267745463943,-0.00011509267745463943
54.2578125,0.0007972644510442554,0.0007972618040951577,-0.00011509279097268432,-0.00011509279097268432
54.296875,0.0007972652324524096,0.0007972625855007175,-0.00011509290377646635,-0.00011509290377646635
54.3359375,0.000797266008943893,0.0007972633619896228,-0.00011509301587047966,-0.00011509301587047966
54.375,0.0007972667805496417,0.0007972641335928098,-0.00011509312725919018,-0.00011509312725919018
54.4140625,0.000797267547300397,0.0007972649003410195,-0.00011509323794703572,-0.00011509323794703572
54.453125,0.000797268309226707,0.0007972656622647999,-0.00011509334793842619,-0.00011509334793842619
54.4921875,0.0007972690663589273,0.0007972664193945065,-0.00011509345723774368,-0.00011509345723774368
54.53125,0.0007972698187272227,0.000797267171760304,-0.00011509356584934281,-0.00011509356584934281
54.5703125,0.000797270566361568,0.000797267919392167,-0.00011509367377755072,-0.00011509367377755072
54.609375,0.0007972713092917496,0.0007972686623198822,-0.00011509378102666735,-0.00011509378102666735
54.6484375,0.0007972720475473663,0.0007972694005730479,-0.0001150938876009656,-0.0001150938876009656
54.6875,0.000797272781157831,0.0007972701341810769,-0.00011509399350469147,-0.00011509399350469147
54.7265625,0.0007972735101523711,0.0007972708631731969,-0.00011509409874206424,-0.00011509409874206424
54.765625,0.0007972742345600304,0.000797271587578451,-0.00011509420331727664,-0.00011509420331727664
54.8046875,0.0007972749544096698,0.0007972723074257006,-0.00011509430723449503,-0.00011509430723449503
54.84375,0.0007972756697299687,0.0007972730227436244,-0.00011509441049785956,-0.00011509441049785956
54.8828125,0.0007972763805494259,0.0007972737335607216,-0.00011509451311148431,-0.00011509451311148431
54.921875,0.0007972770868963611,0.0007972744399053118,-0.00011509461507945749,-0.00011509461507945749
54.9609375,0.0007972777887989156,0.0007972751418055359,-0.00011509471640584158,-0.00011509471640584158
55.0,0.0007972784862850538,0.0007972758392893585,-0.0001150948170946735,-0.0001150948170946735
55.0390625,0.0007972791793825641,0.0007972765323845676,-0.00011509491714996477,-0.00011509491714996477
55.078125,0.0007972798681190598,0.0007972772211187768,-0.00011509501657570168,-0.00011509501657570168
55.1171875,0.000797280552521981,0.0007972779055194257,-0.0001150951153758454,-0.0001150951153758454
55.15625,0.0007972812326185947,0.0007972785856137814,-0.00011509521355433223,-0.00011509521355433223
55.1953125,0.0007972819084359965,0.0007972792614289396,-0.00011509531111507367,-0.00011509531111507367
55.234375,0.0007972825800011114,0.0007972799329918249,-0.00011509540806195659,-0.00011509540806195659
55.2734375,0.0007972832473406952,0.0007972806003291931,-0.00011509550439884345,-0.00011509550439884345
55.3125,0.000797283910481335,0.0007972812634676312,-0.00011509560012957239,-0.00011509560012957239
55.3515625,0.0007972845694494511,0.0007972819224335595,-0.00011509569525795738,-0.00011509569525795738
55.390625,0.0007972852242712971,0.0007972825772532314,-0.00011509578978778841,-0.00011509578978778841
55.4296875,0.0007972858749729616,0.0007972832279527355,-0.00011509588372283162,-0.00011509588372283162
55.46875,0.0007972865215803691,0.0007972838745579964,-0.00011509597706682946,-0.00011509597706682946
55.5078125,0.0007972871641192809,0.000797284517094775,-0.00011509606982350082,-0.00011509606982350082
55.546875,0.0007972878026152963,0.0007972851555886705,-0.0001150961619965412,-0.0001150961619965412
55.5859375,0.0007972884370938535,0.0007972857900651212,-0.00011509625358962285,-0.00011509625358962285
55.625,0.0007972890675802304,0.000797286420549405,-0.00011509634460639489,-0.00011509634460639489
55.6640625,0.0007972896940995464,0.0007972870470666408,-0.00011509643505048351,-0.00011509643505048351
55.703125,0.0007972903166767622,0.0007972876696417895,-0.00011509652492549207,-0.00011509652492549207
55.7421875,0.0007972909353366818,0.0007972882882996553,-0.00011509661423500125,-0.00011509661423500125
55.78125,0.0007972915501039532,0.0007972889030648855,-0.00011509670298256922,-0.00011509670298256922
55.8203125,0.0007972921610030691,0.0007972895139619732,-0.00011509679117173175,-0.00011509679117173175
55.859375,0.0007972927680583681,0.0007972901210152568,-0.00011509687880600234,-0.00011509687880600234
55.8984375,0.0007972933712940359,0.0007972907242489219,-0.00011509696588887245,-0.00011509696588887245
55.9375,0.0007972939707341059,0.0007972913236870018,-0.0001150970524238115,-0.0001150970524238115
55.9765625,0.0007972945664024601,0.0007972919193533784,-0.0001150971384142671,-0.0001150971384142671
56.015625,0.0007972951583228305,0.0007972925112717835,-0.00011509722386366518,-0.00011509722386366518
56.0546875,0.0007972957465187995,0.0007972930994657998,-0.00011509730877541013,-0.00011509730877541013
56.09375,0.0007972963310138015,0.0007972936839588611,-0.00011509739315288488,-0.00011509739315288488
56.1328125,0.000797296911831123,0.0007972942647742544,-0.00011509747699945109,-0.00011509747699945109
56.171875,0.0007972974889939044,0.0007972948419351195,-0.00011509756031844928,-0.00011509756031844928
56.2109375,0.0007972980625251401,0.0007972954154644512,-0.00011509764311319894,-0.00011509764311319894
56.25,0.0007972986324476803,0.0007972959853850991,-0.00011509772538699868,-0.00011509772538699868
56.2890625,0.0007972991987842308,0.0007972965517197694,-0.00011509780714312633,-0.00011509780714312633
56.328125,0.0007972997615573552,0.0007972971144910254,-0.00011509788838483914,-0.00011509788838483914
56.3671875,0.0007973003207894745,0.000797297673721288,-0.00011509796911537383,-0.00011509796911537383
56.40625,0.0007973008765028692,0.0007972982294328377,-0.00011509804933794677,-0.00011509804933794677
56.4453125,0.0007973014287196793,0.0007972987816478145,-0.00011509812905575408,-0.00011509812905575408
56.484375,0.0007973019774619054,0.0007972993303882186,-0.0001150982082719718,-0.0001150982082719718
56.5234375,0.0007973025227514099,0.0007972998756759129,-0.00011509828698975594,-0.00011509828698975594
56.5625,0.0007973030646099175,0.0007973004175326215,-0.00011509836521224269,-0.00011509836521224269
56.6015625,0.0007973036030590163,0.0007973009559799327,-0.00011509844294254849,-0.00011509844294254849
56.640625,0.0007973041381201585,0.0007973014910392983,-0.00011509852018377016,-0.00011509852018377016
56.6796875,0.0007973046698146614,0.000797302022732036,-0.00011509859693898507,-0.00011509859693898507
56.71875,0.000797305198163708,0.0007973025510793285,-0.0001150986732112512,-0.0001150986732112512
56.7578125,0.0007973057231883482,0.0007973030761022256,-0.0001150987490036073,-0.0001150987490036073
56.796875,0.0007973062449094994,0.0007973035978216447,-0.00011509882431907298,-0.00011509882431907298
56.8359375,0.0007973067633479473,0.0007973041162583714,-0.00011509889916064887,-0.00011509889916064887
56.875,0.000797307278524347,0.0007973046314330607,-0.00011509897353131672,-0.00011509897353131672
56.9140625,0.0007973077904592234,0.0007973051433662374,-0.00011509904743403952,-0.00011509904743403952
56.953125,0.0007973082991729724,0.0007973056520782974,-0.00011509912087176159,-0.00011509912087176159
56.9921875,0.0007973088046858615,0.0007973061575895082,-0.00011509919384740876,-0.00011509919384740876
57.03125,0.0007973093070180309,0.0007973066599200098,-0.00011509926636388844,-0.00011509926636388844
57.0703125,0.0007973098061894936,0.0007973071590898154,-0.00011509933842408973,-0.00011509933842408973
57.109375,0.0007973103022201372,0.0007973076551188121,-0.00011509941003088357,-0.00011509941003088357
57.1484375,0.000797310795129724,0.0007973081480267623,-0.00011509948118712283,-0.00011509948118712283
57.1875,0.0007973112849378916,0.0007973086378333037,-0.00011509955189564242,-0.00011509955189564242
57.2265625,0.0007973117716641545,0.0007973091245579508,-0.00011509962215925943,-0.00011509962215925943
57.265625,0.0007973122553279043,0.0007973096082200948,-0.00011509969198077321,-0.00011509969198077321
57.3046875,0.0007973127359484105,0.0007973100888390052,-0.00011509976136296552,-0.00011509976136296552
57.34375,0.0007973132135448213,0.0007973105664338305,-0.00011509983030860056,-0.00011509983030860056
57.3828125,0.0007973136881361646,0.000797311041023598,-0.00011509989882042521,-0.00011509989882042521
57.421875,0.0007973141597413484,0.0007973115126272162,-0.00011509996690116902,-0.00011509996690116902
57.4609375,0.0007973146283791619,0.0007973119812634737,-0.00011510003455354438,-0.00011510003455354438
57.5,0.0007973150940682759,0.0007973124469510417,-0.00011510010178024663,-0.00011510010178024663
57.5390625,0.0007973155568272439,0.0007973129097084732,-0.00011510016858395411,-0.00011510016858395411
57.578125,0.0007973160166745024,0.0007973133695542051,-0.00011510023496732833,-0.00011510023496732833
57.6171875,0.0007973164736283723,0.0007973138265065578,-0.00011510030093301406,-0.00011510030093301406
57.65625,0.0007973169277070588,0.0007973142805837367,-0.00011510036648363943,-0.00011510036648363943
57.6953125,0.0007973173789286529,0.0007973147318038326,-0.00011510043162181601,-0.00011510043162181601
57.734375,0.0007973178273111314,0.0007973151801848225,-0.00011510049635013899,-0.00011510049635013899
57.7734375,0.0007973182728723583,0.0007973156257445701,-0.00011510056067118715,-0.00011510056067118715
57.8125,0.0007973187156300851,0.000797316068500827,-0.00011510062458752312,-0.00011510062458752312
57.8515625,0.0007973191556019517,0.0007973165084712327,-0.00011510068810169336,-0.00011510068810169336
57.890625,0.0007973195928054868,0.0007973169456733163,-0.00011510075121622832,-0.00011510075121622832
57.9296875,0.0007973200272581089,0.0007973173801244962,-0.00011510081393364255,-0.00011510081393364255
57.96875,0.0007973204589771269,0.0007973178118420809,-0.00011510087625643475,-0.00011510087625643475
58.0078125,0.0007973208879797411,0.0007973182408432708,-0.0001151009381870879,-0.0001151009381870879
58.046875,0.000797321314283043,0.0007973186671451572,-0.00011510099972806939,-0.00011510099972806939
58.0859375,0.0007973217379040169,0.0007973190907647247,-0.00011510106088183102,-0.00011510106088183102
58.125,0.0007973221588595402,0.0007973195117188505,-0.00011510112165080923,-0.00011510112165080923
58.1640625,0.0007973225771663841,0.0007973199300243054,-0.00011510118203742509,-0.00011510118203742509
58.203125,0.0007973229928412142,0.0007973203456977555,-0.00011510124204408445,-0.00011510124204408445
58.2421875,0.0007973234059005914,0.0007973207587557614,-0.00011510130167317804,-0.00011510130167317804
58.28125,0.0007973238163609723,0.0007973211692147795,-0.0001151013609270815,-0.0001151013609270815
58.3203125,0.0007973242242387098,0.0007973215770911629,-0.00011510141980815556,-0.00011510141980815556
58.359375,0.0007973246295500542,0.0007973219824011616,-0.0001151014783187461,-0.0001151014783187461
58.3984375,0.0007973250323111534,0.0007973223851609237,-0.0001151015364611842,-0.0001151015364611842
58.4375,0.0007973254325380536,0.000797322785386495,-0.00011510159423778633,-0.00011510159423778633
58.4765625,0.0007973258302467004,0.0007973231830938215,-0.00011510165165085433,-0.00011510165165085433
58.515625,0.0007973262254529385,0.0007973235782987475,-0.00011510170870267559,-0.00011510170870267559
58.5546875,0.0007973266181725135,0.0007973239710170186,-0.0001151017653955231,-0.0001151017653955231
58.59375,0.0007973270084210715,0.0007973243612642808,-0.00011510182173165555,-0.00011510182173165555
58.6328125,0.0007973273962141602,0.0007973247490560821,-0.00011510187771331739,-0.00011510187771331739
58.671875,0.0007973277815672298,0.0007973251344078722,-0.000115101933342739,-0.000115101933342739
58.7109375,0.0007973281644956329,0.0007973255173350039,-0.00011510198862213668,-0.00011510198862213668
58.75,0.0007973285450146256,0.0007973258978527333,-0.00011510204355371281,-0.00011510204355371281
58.7890625,0.0007973289231393682,0.0007973262759762205,-0.00011510209813965592,-0.00011510209813965592
58.828125,0.0007973292988849254,0.0007973266517205303,-0.00011510215238214073,-0.00011510215238214073
58.8671875,0.0007973296722662673,0.0007973270251006325,-0.00011510220628332832,-0.00011510220628332832
58.90625,0.0007973300432982697,0.000797327396131403,-0.00011510225984536614,-0.00011510225984536614
58.9453125,0.0007973304119957145,0.0007973277648276238,-0.00011510231307038816,-0.00011510231307038816
58.984375,0.0007973307783732912,0.000797328131203984,-0.00011510236596051489,-0.00011510236596051489
59.0234375,0.0007973311424455965,0.0007973284952750806,-0.00011510241851785351,-0.00011510241851785351
59.0625,0.0007973315042271353,0.0007973288570554183,-0.00011510247074449796,-0.00011510247074449796
59.1015625,0.0007973318637323212,0.0007973292165594105,-0.00011510252264252898,-0.00011510252264252898
59.140625,0.0007973322209754772,0.0007973295738013804,-0.00011510257421401424,-0.00011510257421401424
59.1796875,0.0007973325759708361,0.0007973299287955607,-0.00011510262546100837,-0.00011510262546100837
59.21875,0.0007973329287325413,0.0007973302815560947,-0.00011510267638555309,-0.00011510267638555309
59.2578125,0.0007973332792746469,0.0007973306320970366,-0.00011510272698967728,-0.00011510272698967728
59.296875,0.0007973336276111189,0.0007973309804323521,-0.00011510277727539704,-0.00011510277727539704
59.3359375,0.0007973339737558353,0.0007973313265759192,-0.00011510282724471579,-0.00011510282724471579
59.375,0.0007973343177225868,0.0007973316705415286,-0.00011510287689962436,-0.00011510287689962436
59.4140625,0.0007973346595250771,0.0007973320123428842,-0.00011510292624210103,-0.00011510292624210103
59.453125,0.000797334999176924,0.0007973323519936034,-0.00011510297527411164,-0.00011510297527411164
59.4921875,0.0007973353366916596,0.0007973326895072185,-0.00011510302399760967,-0.00011510302399760967
59.53125,0.0007973356720827305,0.0007973330248971759,-0.00011510307241453628,-0.00011510307241453628
59.5703125,0.0007973360053634992,0.0007973333581768381,-0.00011510312052682047,-0.00011510312052682047
59.609375,0.0007973363365472437,0.0007973336893594829,-0.00011510316833637904,-0.00011510316833637904
59.6484375,0.0007973366656471585,0.0007973340184583051,-0.00011510321584511679,-0.00011510321584511679
59.6875,0.0007973369926763554,0.0007973343454864164,-0.00011510326305492647,-0.00011510326305492647
59.7265625,0.0007973373176478635,0.0007973346704568454,-0.00011510330996768898,-0.00011510330996768898
59.765625,0.0007973376405746298,0.0007973349933825397,-0.00011510335658527334,-0.00011510335658527334
59.8046875,0.0007973379614695198,0.0007973353142763643,-0.00011510340290953686,-0.00011510340290953686
59.84375,0.0007973382803453185,0.0007973356331511045,-0.00011510344894232509,-0.00011510344894232509
59.8828125,0.0007973385972147301,0.0007973359500194638,-0.00011510349468547205,-0.00011510349468547205
59.921875,0.0007973389120903788,0.0007973362648940671,-0.00011510354014080017,-0.00011510354014080017
59.9609375,0.0007973392249848095,0.0007973365777874591,-0.00011510358531012041,-0.00011510358531012041
60.0,0.0007973395359104882,0.0007973368887121056,-0.00011510363019523237,-0.00011510363019523237
60.0390625,0.0007973398448798024,0.0007973371976803939,-0.0001151036747979243,-0.0001151036747979243
60.078125,0.0007973401519050617,0.000797337504704634,-0.0001151037191199732,-0.0001151037191199732
60.1171875,0.0007973404569984981,0.0007973378097970574,-0.0001151037631631449,-0.0001151037631631449
60.15625,0.0007973407601722668,0.0007973381129698197,-0.00011510380692919412,-0.00011510380692919412
60.1953125,0.0007973410614384467,0.0007973384142349994,-0.00011510385041986452,-0.00011510385041986452
60.234375,0.0007973413608090402,0.0007973387136045988,-0.0001151038936368888,-0.0001151038936368888
60.2734375,0.0007973416582959746,0.0007973390110905455,-0.00011510393658198878,-0.00011510393658198878
60.3125,0.0007973419539111019,0.0007973393067046914,-0.00011510397925687539,-0.00011510397925687539
60.3515625,0.0007973422476661998,0.0007973396004588138,-0.00011510402166324886,-0.00011510402166324886
60.390625,0.0007973425395729714,0.0007973398923646164,-0.00011510406380279868,-0.00011510406380279868
60.4296875,0.0007973428296430468,0.0007973401824337287,-0.00011510410567720374,-0.00011510410567720374
60.46875,0.0007973431178879825,0.0007973404706777074,-0.00011510414728813231,-0.00011510414728813231
60.5078125,0.0007973434043192624,0.0007973407571080363,-0.00011510418863724223,-0.00011510418863724223
60.546875,0.0007973436889482981,0.0007973410417361271,-0.00011510422972618088,-0.00011510422972618088
60.5859375,0.0007973439717864295,0.0007973413245733194,-0.00011510427055658526,-0.00011510427055658526
60.625,0.0007973442528449251,0.0007973416056308818,-0.0001151043111300821,-0.0001151043111300821
60.6640625,0.0007973445321349824,0.000797341884920012,-0.00011510435144828787,-0.00011510435144828787
60.703125,0.0007973448096677287,0.0007973421624518367,-0.00011510439151280887,-0.00011510439151280887
60.7421875,0.0007973450854542208,0.0007973424382374133,-0.00011510443132524131,-0.00011510443132524131
60.78125,0.0007973453595054465,0.0007973427122877292,-0.00011510447088717135,-0.00011510447088717135
60.8203125,0.0007973456318323242,0.0007973429846137028,-0.00011510451020017517,-0.00011510451020017517
60.859375,0.0007973459024457035,0.0007973432552261836,-0.00011510454926581903,-0.00011510454926581903
60.8984375,0.0007973461713563659,0.0007973435241359532,-0.00011510458808565931,-0.00011510458808565931
60.9375,0.000797346438575025,0.000797343791353725,-0.00011510462666124266,-0.00011510462666124266
60.9765625,0.000797346704112327,0.0007973440568901454,-0.00011510466499410592,-0.00011510466499410592
61.015625,0.0007973469679788511,0.0007973443207557935,-0.00011510470308577634,-0.00011510470308577634
61.0546875,0.00079734723018511,0.0007973445829611819,-0.0001151047409377715,-0.0001151047409377715
61.09375,0.0007973474907415502,0.0007973448435167568,-0.00011510477855159947,-0.00011510477855159947
61.1328125,0.0007973477496585523,0.0007973451024328994,-0.00011510481592875878,-0.00011510481592875878
61.171875,0.0007973480069464318,0.0007973453597199247,-0.00011510485307073859,-0.00011510485307073859
61.2109375,0.0007973482626154394,0.0007973456153880835,-0.00011510488997901865,-0.00011510488997901865
61.25,0.000797348516675761,0.0007973458694475617,-0.00011510492665506942,-0.00011510492665506942
61.2890625,0.0007973487691375187,0.000797346121908481,-0.00011510496310035212,-0.00011510496310035212
61.328125,0.0007973490200107705,0.0007973463727809001,-0.00011510499931631873,-0.00011510499931631873
61.3671875,0.0007973492693055116,0.0007973466220748135,-0.00011510503530441213,-0.00011510503530441213
61.40625,0.0007973495170316741,0.0007973468698001536,-0.00011510507106606613,-0.00011510507106606613
61.4453125,0.0007973497631991275,0.0007973471159667898,-0.00011510510660270548,-0.00011510510660270548
61.484375,0.0007973500078176794,0.0007973473605845296,-0.00011510514191574599,-0.00011510514191574599
61.5234375,0.0007973502508970755,0.0007973476036631184,-0.00011510517700659458,-0.00011510517700659458
61.5625,0.0007973504924470003,0.0007973478452122415,-0.00011510521187664926,-0.00011510521187664926
61.6015625,0.0007973507324770774,0.0007973480852415215,-0.00011510524652729931,-0.00011510524652729931
61.640625,0.0007973509709968697,0.000797348323760522,-0.00011510528095992521,-0.00011510528095992521
61.6796875,0.00079735120801588,0.0007973485607787454,-0.00011510531517589881,-0.00011510531517589881
61.71875,0.0007973514435435514,0.0007973487963056347,-0.0001151053491765833,-0.0001151053491765833
61.7578125,0.0007973516775892673,0.0007973490303505735,-0.00011510538296333326,-0.00011510538296333326
61.796875,0.0007973519101623525,0.0007973492629228867,-0.00011510541653749481,-0.00011510541653749481
61.8359375,0.0007973521412720727,0.0007973494940318396,-0.00011510544990040556,-0.00011510544990040556
61.875,0.0007973523709276356,0.0007973497236866402,-0.00011510548305339472,-0.00011510548305339472
61.9140625,0.0007973525991381909,0.0007973499518964377,-0.00011510551599778312,-0.00011510551599778312
61.953125,0.0007973528259128305,0.0007973501786703245,-0.0001151055487348833,-0.0001151055487348833
61.9921875,0.0007973530512605895,0.0007973504040173353,-0.00011510558126599953,-0.00011510558126599953
62.03125,0.0007973532751904458,0.000797350627946448,-0.00011510561359242786,-0.00011510561359242786
62.0703125,0.0007973534977113209,0.0007973508504665845,-0.00011510564571545622,-0.00011510564571545622
62.109375,0.0007973537188320803,0.0007973510715866096,-0.0001151056776363644,-0.0001151056776363644
62.1484375,0.0007973539385615336,0.0007973512913153334,-0.00011510570935642416,-0.00011510570935642416
62.1875,0.0007973541569084349,0.0007973515096615098,-0.00011510574087689925,-0.00011510574087689925
62.2265625,0.0007973543738814834,0.0007973517266338378,-0.00011510577219904547,-0.00011510577219904547
62.265625,0.0007973545894893234,0.0007973519422409621,-0.00011510580332411071,-0.00011510580332411071
62.3046875,0.0007973548037405448,0.0007973521564914722,-0.00011510583425333504,-0.00011510583425333504
62.34375,0.0007973550166436837,0.0007973523693939042,-0.00011510586498795068,-0.00011510586498795068
62.3828125,0.0007973552282072224,0.0007973525809567404,-0.00011510589552918213,-0.00011510589552918213
62.421875,0.0007973554384395895,0.0007973527911884097,-0.00011510592587824617,-0.00011510592587824617
62.4609375,0.0007973556473491608,0.0007973530000972874,-0.00011510595603635194,-0.00011510595603635194
62.5,0.0007973558549442597,0.0007973532076916971,-0.00011510598600470095,-0.00011510598600470095
62.5390625,0.0007973560612331568,0.0007973534139799093,-0.00011510601578448717,-0.00011510601578448717
62.578125,0.0007973562662240708,0.0007973536189701427,-0.00011510604537689704,-0.00011510604537689704
62.6171875,0.0007973564699251687,0.0007973538226705643,-0.00011510607478310956,-0.00011510607478310956
62.65625,0.0007973566723445661,0.0007973540250892897,-0.00011510610400429628,-0.00011510610400429628
62.6953125,0.0007973568734903275,0.0007973542262343832,-0.00011510613304162141,-0.00011510613304162141
62.734375,0.0007973570733704668,0.0007973544261138589,-0.0001151061618962418,-0.0001151061618962418
62.7734375,0.0007973572719929473,0.0007973546247356802,-0.00011510619056930707,-0.00011510619056930707
62.8125,0.0007973574693656823,0.0007973548221077598,-0.00011510621906195954,-0.00011510621906195954
62.8515625,0.0007973576654965353,0.0007973550182379615,-0.0001151062473753344,-0.0001151062473753344
62.890625,0.0007973578603933202,0.0007973552131340994,-0.00011510627551055967,-0.00011510627551055967
62.9296875,0.000797358054063802,0.0007973554068039382,-0.00011510630346875629,-0.00011510630346875629
62.96875,0.0007973582465156966,0.0007973555992551938,-0.0001151063312510381,-0.0001151063312510381
63.0078125,0.0007973584377566714,0.0007973557904955336,-0.00011510635885851203,-0.00011510635885851203
63.046875,0.0007973586277943456,0.0007973559805325769,-0.00011510638629227793,-0.00011510638629227793
63.0859375,0.0007973588166362903,0.0007973561693738947,-0.0001151064135534288,-0.0001151064135534288
63.125,0.0007973590042900295,0.0007973563570270108,-0.00011510644064305074,-0.00011510644064305074
63.1640625,0.000797359190763039,0.0007973565434994013,-0.00011510646756222302,-0.00011510646756222302
63.203125,0.0007973593760627484,0.0007973567287984954,-0.00011510649431201814,-0.00011510649431201814
63.2421875,0.00079735956019654,0.0007973569129316756,-0.0001151065208935018,-0.0001151065208935018
63.28125,0.0007973597431717498,0.0007973570959062781,-0.00011510654730773305,-0.00011510654730773305
63.3203125,0.0007973599249956678,0.0007973572777295924,-0.00011510657355576425,-0.00011510657355576425
63.359375,0.000797360105675538,0.0007973574584088626,-0.00011510659963864114,-0.00011510659963864114
63.3984375,0.0007973602852185586,0.0007973576379512872,-0.00011510662555740288,-0.00011510662555740288
63.4375,0.000797360463631883,0.0007973578163640191,-0.00011510665131308209,-0.00011510665131308209
63.4765625,0.0007973606409226191,0.0007973579936541667,-0.00011510667690670489,-0.00011510667690670489
63.515625,0.0007973608170978305,0.0007973581698287932,-0.00011510670233929097,-0.00011510670233929097
63.5546875,0.000797360992164536,0.0007973583448949175,-0.00011510672761185357,-0.00011510672761185357
63.59375,0.0007973611661297105,0.0007973585188595145,-0.00011510675272539957,-0.00011510675272539957
63.6328125,0.0007973613390002848,0.0007973586917295149,-0.0001151067776809295,-0.0001151067776809295
63.671875,0.0007973615107831463,0.000797358863511806,-0.00011510680247943764,-0.00011510680247943764
63.7109375,0.0007973616814851388,0.0007973590342132318,-0.00011510682712191196,-0.00011510682712191196
63.75,0.0007973618511130635,0.0007973592038405933,-0.00011510685160933422,-0.00011510685160933422
63.7890625,0.0007973620196736783,0.0007973593724006485,-0.00011510687594268005,-0.00011510687594268005
63.828125,0.0007973621871736988,0.0007973595399001128,-0.00011510690012291887,-0.00011510690012291887
63.8671875,0.0007973623536197982,0.0007973597063456597,-0.00011510692415101409,-0.00011510692415101409
63.90625,0.0007973625190186081,0.0007973598717439203,-0.00011510694802792296,-0.00011510694802792296
63.9453125,0.0007973626833767179,0.0007973600361014844,-0.00011510697175459677,-0.00011510697175459677
63.984375,0.0007973628467006759,0.0007973601994249002,-0.00011510699533198082,-0.00011510699533198082
64.0234375,0.0007973630089969889,0.0007973603617206744,-0.00011510701876101445,-0.00011510701876101445
64.0625,0.0007973631702721229,0.0007973605229952731,-0.00011510704204263108,-0.00011510704204263108
64.1015625,0.0007973633305325034,0.0007973606832551216,-0.00011510706517775826,-0.00011510706517775826
64.140625,0.0007973634897845153,0.0007973608425066046,-0.00011510708816731773,-0.00011510708816731773
64.1796875,0.0007973636480345032,0.0007973610007560671,-0.00011510711101222541,-0.00011510711101222541
64.21875,0.0007973638052887719,0.0007973611580098138,-0.00011510713371339144,-0.00011510713371339144
64.2578125,0.0007973639615535866,0.0007973613142741095,-0.00011510715627172028,-0.00011510715627172028
64.296875,0.0007973641168351729,0.0007973614695551803,-0.00011510717868811063,-0.00011510717868811063
64.3359375,0.0007973642711397174,0.0007973616238592125,-0.00011510720096345561,-0.00011510720096345561
64.375,0.0007973644244733678,0.0007973617771923538,-0.00011510722309864269,-0.00011510722309864269
64.4140625,0.0007973645768422329,0.0007973619295607129,-0.00011510724509455372,-0.00011510724509455372
64.453125,0.0007973647282523833,0.0007973620809703607,-0.00011510726695206508,-0.00011510726695206508
64.4921875,0.0007973648787098511,0.0007973622314273289,-0.00011510728867204754,-0.00011510728867204754
64.53125,0.0007973650282206309,0.0007973623809376123,-0.00011510731025536646,-0.00011510731025536646
64.5703125,0.0007973651767906791,0.0007973625295071674,-0.00011510733170288176,-0.00011510733170288176
64.609375,0.0007973653244259149,0.000797362677141913,-0.0001151073530154479,-0.0001151073530154479
64.6484375,0.0007973654711322203,0.0007973628238477313,-0.00011510737419391398,-0.00011510737419391398
64.6875,0.0007973656169154401,0.0007973629696304671,-0.00011510739523912379,-0.00011510739523912379
64.7265625,0.0007973657617813825,0.0007973631144959285,-0.00011510741615191578,-0.00011510741615191578
64.765625,0.000797365905735819,0.0007973632584498872,-0.00011510743693312313,-0.00011510743693312313
64.8046875,0.0007973660487844848,0.000797363401498078,-0.00011510745758357377,-0.00011510745758357377
64.84375,0.0007973661909330791,0.0007973635436462004,-0.00011510747810409044,-0.00011510747810409044
64.8828125,0.0007973663321872653,0.0007973636848999177,-0.00011510749849549069,-0.00011510749849549069
64.921875,0.000797366472552671,0.0007973638252648574,-0.00011510751875858693,-0.00011510751875858693
64.9609375,0.0007973666120348886,0.0007973639647466119,-0.00011510753889418646,-0.00011510753889418646
65.0,0.0007973667506394749,0.000797364103350738,-0.00011510755890309149,-0.00011510755890309149
65.0390625,0.0007973668883719523,0.0007973642410827581,-0.0001151075787860992,-0.0001151075787860992
65.078125,0.0007973670252378079,0.0007973643779481593,-0.00011510759854400172,-0.00011510759854400172
65.1171875,0.0007973671612424947,0.0007973645139523946,-0.00011510761817758626,-0.00011510761817758626
65.15625,0.0007973672963914313,0.0007973646491008824,-0.000115107637687635,-0.000115107637687635
65.1953125,0.0007973674306900019,0.0007973647833990072,-0.00011510765707492527,-0.00011510765707492527
65.234375,0.0007973675641435573,0.0007973649168521196,-0.00011510767634022944,-0.00011510767634022944
65.2734375,0.0007973676967574142,0.0007973650494655363,-0.00011510769548431507,-0.00011510769548431507
65.3125,0.0007973678285368562,0.0007973651812445407,-0.00011510771450794487,-0.00011510771450794487
65.3515625,0.0007973679594871334,0.0007973653121943832,-0.00011510773341187676,-0.00011510773341187676
65.390625,0.000797368089613463,0.0007973654423202807,-0.00011510775219686389,-0.00011510775219686389
65.4296875,0.0007973682189210293,0.0007973655716274177,-0.00011510777086365467,-0.00011510777086365467
65.46875,0.0007973683474149841,0.0007973657001209459,-0.00011510778941299279,-0.00011510778941299279
65.5078125,0.0007973684751004465,0.0007973658278059844,-0.00011510780784561726,-0.00011510780784561726
65.546875,0.0007973686019825038,0.0007973659546876204,-0.00011510782616226248,-0.00011510782616226248
65.5859375,0.000797368728066211,0.0007973660807709088,-0.00011510784436365817,-0.00011510784436365817
65.625,0.0007973688533565912,0.0007973662060608732,-0.00011510786245052951,-0.00011510786245052951
65.6640625,0.0007973689778586363,0.000797366330562505,-0.00011510788042359709,-0.00011510788042359709
65.703125,0.0007973691015773065,0.0007973664542807645,-0.00011510789828357695,-0.00011510789828357695
65.7421875,0.0007973692245175308,0.0007973665772205805,-0.00011510791603118067,-0.00011510791603118067
65.78125,0.0007973693466842072,0.0007973666993868514,-0.00011510793366711531,-0.00011510793366711531
65.8203125,0.000797369468082203,0.000797366820784444,-0.00011510795119208352,-0.00011510795119208352
65.859375,0.0007973695887163548,0.0007973669414181953,-0.00011510796860678348,-0.00011510796860678348
65.8984375,0.0007973697085914686,0.0007973670612929112,-0.00011510798591190903,-0.00011510798591190903
65.9375,0.0007973698277123205,0.0007973671804133674,-0.00011510800310814961,-0.00011510800310814961
65.9765625,0.0007973699460836562,0.0007973672987843102,-0.00011510802019619032,-0.00011510802019619032
66.015625,0.0007973700637101919,0.0007973674164104554,-0.00011510803717671198,-0.00011510803717671198
66.0546875,0.0007973701805966138,0.0007973675332964891,-0.00011510805405039111,-0.00011510805405039111
66.09375,0.0007973702967475787,0.0007973676494470684,-0.00011510807081789995,-0.00011510807081789995
66.1328125,0.0007973704121677143,0.0007973677648668207,-0.00011510808747990652,-0.00011510808747990652
66.171875,0.0007973705268616188,0.0007973678795603446,-0.00011510810403707469,-0.00011510810403707469
66.2109375,0.0007973706408338619,0.0007973679935322092,-0.00011510812049006408,-0.00011510812049006408
66.25,0.0007973707540889843,0.0007973681067869556,-0.00011510813683953018,-0.00011510813683953018
66.2890625,0.0007973708666314982,0.0007973682193290958,-0.00011510815308612441,-0.00011510815308612441
66.328125,0.0007973709784658871,0.0007973683311631134,-0.000115108169230494,-0.000115108169230494
66.3671875,0.0007973710895966069,0.0007973684422934643,-0.00011510818527328216,-0.00011510818527328216
66.40625,0.000797371200028085,0.0007973685527245759,-0.00011510820121512808,-0.00011510820121512808
66.4453125,0.0007973713097647211,0.0007973686624608476,-0.00011510821705666685,-0.00011510821705666685
66.484375,0.0007973714188108872,0.0007973687715066517,-0.00011510823279852965,-0.00011510823279852965
66.5234375,0.0007973715271709277,0.0007973688798663324,-0.00011510824844134363,-0.00011510824844134363
66.5625,0.0007973716348491598,0.000797368987544207,-0.000115108263985732,-0.000115108263985732
66.6015625,0.0007973717418498736,0.0007973690945445656,-0.00011510827943231409,-0.00011510827943231409
66.640625,0.0007973718481773319,0.0007973692008716709,-0.00011510829478170527,-0.00011510829478170527
66.6796875,0.000797371953835771,0.0007973693065297592,-0.00011510831003451708,-0.00011510831003451708
66.71875,0.0007973720588294003,0.00079736941152304,-0.00011510832519135722,-0.00011510832519135722
66.7578125,0.0007973721631624029,0.0007973695158556962,-0.00011510834025282956,-0.00011510834025282956
66.796875,0.0007973722668389356,0.0007973696195318846,-0.00011510835521953411,-0.00011510835521953411
66.8359375,0.0007973723698631287,0.0007973697225557357,-0.0001151083700920672,-0.0001151083700920672
66.875,0.000797372472239087,0.000797369824931354,-0.00011510838487102135,-0.00011510838487102135
66.9140625,0.0007973725739708891,0.0007973699266628184,-0.00011510839955698537,-0.00011510839955698537
66.953125,0.0007973726750625882,0.0007973700277541818,-0.00011510841415054434,-0.00011510841415054434
66.9921875,0.0007973727755182117,0.0007973701282094718,-0.0001151084286522797,-0.0001151084286522797
67.03125,0.0007973728753417619,0.0007973702280326906,-0.0001151084430627692,-0.0001151084430627692
67.0703125,0.0007973729745372159,0.0007973703272278153,-0.00011510845738258696,-0.00011510845738258696
67.109375,0.0007973730731085256,0.0007973704257987978,-0.0001151084716123035,-0.0001151084716123035
67.1484375,0.0007973731710596183,0.0007973705237495654,-0.00011510848575248576,-0.00011510848575248576
67.1875,0.0007973732683943963,0.0007973706210840202,-0.00011510849980369706,-0.00011510849980369706
67.2265625,0.0007973733651167377,0.0007973707178060405,-0.00011510851376649724,-0.00011510851376649724
67.265625,0.0007973734612304958,0.0007973708139194795,-0.00011510852764144257,-0.00011510852764144257
67.3046875,0.0007973735567395,0.0007973709094281665,-0.00011510854142908585,-0.00011510854142908585
67.34375,0.0007973736516475552,0.0007973710043359068,-0.00011510855512997638,-0.00011510855512997638
67.3828125,0.0007973737459584429,0.0007973710986464812,-0.00011510856874466002,-0.00011510856874466002
67.421875,0.0007973738396759204,0.0007973711923636476,-0.00011510858227367919,-0.00011510858227367919
67.4609375,0.0007973739328037214,0.0007973712854911394,-0.0001151085957175729,-0.0001151085957175729
67.5,0.0007973740253455563,0.0007973713780326671,-0.00011510860907687675,-0.00011510860907687675
67.5390625,0.0007973741173051119,0.0007973714699919173,-0.000115108622352123,-0.000115108622352123
67.578125,0.000797374208686052,0.0007973715613725542,-0.00011510863554384055,-0.00011510863554384055
67.6171875,0.0007973742994920174,0.000797371652178218,-0.00011510864865255495,-0.00011510864865255495
67.65625,0.0007973743897266259,0.0007973717424125268,-0.00011510866167878847,-0.00011510866167878847
67.6953125,0.0007973744793934722,0.0007973718320790755,-0.00011510867462306009,-0.00011510867462306009
67.734375,0.000797374568496129,0.0007973719211814363,-0.00011510868748588552,-0.00011510868748588552
67.7734375,0.000797374657038146,0.0007973720097231594,-0.0001151087002677772,-0.0001151087002677772
67.8125,0.000797374745023051,0.0007973720977077724,-0.0001151087129692444,-0.0001151087129692444
67.8515625,0.0007973748324543492,0.0007973721851387804,-0.00011510872559079316,-0.00011510872559079316
67.890625,0.000797374919335524,0.0007973722720196667,-0.0001151087381329263,-0.0001151087381329263
67.9296875,0.0007973750056700369,0.0007973723583538931,-0.00011510875059614353,-0.00011510875059614353
67.96875,0.0007973750914613275,0.0007973724441448988,-0.0001151087629809414,-0.0001151087629809414
68.0078125,0.0007973751767128137,0.0007973725293961019,-0.00011510877528781331,-0.00011510877528781331
68.046875,0.0007973752614278919,0.0007973726141108988,-0.00011510878751724958,-0.00011510878751724958
68.0859375,0.0007973753456099375,0.000797372698292665,-0.00011510879966973746,-0.00011510879966973746
68.125,0.0007973754292623042,0.0007973727819447538,-0.0001151088117457611,-0.0001151088117457611
68.1640625,0.0007973755123883248,0.0007973728650704986,-0.0001151088237458016,-0.0001151088237458016
68.203125,0.0007973755949913111,0.0007973729476732106,-0.00011510883567033708,-0.00011510883567033708
68.2421875,0.000797375677074554,0.000797373029756181,-0.0001151088475198426,-0.0001151088475198426
68.28125,0.0007973757586413238,0.00079737311132268,-0.00011510885929479028,-0.00011510885929479028
68.3203125,0.0007973758396948703,0.0007973731923759574,-0.00011510887099564922,-0.00011510887099564922
68.359375,0.0007973759202384226,0.0007973732729192423,-0.0001151088826228856,-0.0001151088826228856
68.3984375,0.0007973760002751896,0.0007973733529557436,-0.00011510889417696265,-0.00011510889417696265
68.4375,0.0007973760798083601,0.00079737343248865,-0.0001151089056583407,-0.0001151089056583407
68.4765625,0.0007973761588411028,0.0007973735115211302,-0.00011510891706747718,-0.00011510891706747718
68.515625,0.0007973762373765664,0.000797373590056333,-0.00011510892840482663,-0.00011510892840482663
68.5546875,0.0007973763154178797,0.0007973736680973872,-0.00011510893967084075,-0.00011510893967084075
68.59375,0.000797376392968152,0.0007973737456474021,-0.00011510895086596837,-0.00011510895086596837
68.6328125,0.0007973764700304729,0.0007973738227094673,-0.00011510896199065553,-0.00011510896199065553
68.671875,0.0007973765466079127,0.0007973738992866528,-0.00011510897304534544,-0.00011510897304534544
68.7109375,0.0007973766227035223,0.0007973739753820098,-0.00011510898403047852,-0.00011510898403047852
68.75,0.0007973766983203334,0.00079737405099857,-0.00011510899494649243,-0.00011510899494649243
68.7890625,0.0007973767734613587,0.0007973741261393457,-0.00011510900579382209,-0.00011510900579382209
68.828125,0.0007973768481295918,0.0007973742008073309,-0.00011510901657289963,-0.00011510901657289963
68.8671875,0.0007973769223280075,0.0007973742750055004,-0.00011510902728415452,-0.00011510902728415452
68.90625,0.000797376996059562,0.00079737434873681,-0.0001151090379280135,-0.0001151090379280135
68.9453125,0.0007973770693271928,0.0007973744220041975,-0.00011510904850490063,-0.00011510904850490063
68.984375,0.0007973771421338189,0.0007973744948105818,-0.0001151090590152373,-0.0001151090590152373
69.0234375,0.000797377214482341,0.0007973745671588638,-0.00011510906945944227,-0.00011510906945944227
69.0625,0.0007973772863756416,0.0007973746390519257,-0.0001151090798379316,-0.0001151090798379316
69.1015625,0.0007973773578165848,0.0007973747104926316,-0.00011510909015111881,-0.00011510909015111881
69.140625,0.0007973774288080169,0.0007973747814838282,-0.00011510910039941479,-0.00011510910039941479
69.1796875,0.0007973774993527664,0.0007973748520283434,-0.00011510911058322782,-0.00011510911058322782
69.21875,0.0007973775694536438,0.000797374922128988,-0.00011510912070296364,-0.00011510912070296364
69.2578125,0.0007973776391134419,0.0007973749917885548,-0.00011510913075902543,-0.00011510913075902543
69.296875,0.000797377708334936,0.0007973750610098191,-0.00011510914075181382,-0.00011510914075181382
69.3359375,0.000797377777120884,0.0007973751297955387,-0.00011510915068172695,-0.00011510915068172695
69.375,0.0007973778454740263,0.0007973751981484541,-0.00011510916054916042,-0.00011510916054916042
69.4140625,0.0007973779133970863,0.0007973752660712886,-0.00011510917035450735,-0.00011510917035450735
69.453125,0.0007973779808927699,0.0007973753335667482,-0.00011510918009815842,-0.00011510918009815842
69.4921875,0.0007973780479637664,0.000797375400637522,-0.00011510918978050179,-0.00011510918978050179
69.53125,0.0007973781146127477,0.0007973754672862822,-0.00011510919940192324,-0.00011510919940192324
69.5703125,0.0007973781808423695,0.000797375533515684,-0.00011510920896280607,-0.00011510920896280607
69.609375,0.0007973782466552701,0.000797375599328366,-0.00011510921846353121,-0.00011510921846353121
69.6484375,0.0007973783120540717,0.0007973756647269506,-0.00011510922790447718,-0.00011510922790447718
69.6875,0.0007973783770413797,0.0007973757297140429,-0.00011510923728602011,-0.00011510923728602011
69.7265625,0.0007973784416197834,0.0007973757942922323,-0.00011510924660853375,-0.00011510924660853375
69.765625,0.0007973785057918557,0.0007973758584640915,-0.00011510925587238955,-0.00011510925587238955
69.8046875,0.0007973785695601531,0.0007973759222321771,-0.00011510926507795655,-0.00011510926507795655
69.84375,0.0007973786329272163,0.00079737598559903,-0.00011510927422560153,-0.00011510927422560153
69.8828125,0.0007973786958955699,0.0007973760485671744,-0.00011510928331568894,-0.00011510928331568894
69.921875,0.0007973787584677224,0.0007973761111391193,-0.00011510929234858093,-0.00011510929234858093
69.9609375,0.0007973788206461669,0.0007973761733173574,-0.00011510930132463739,-0.00011510930132463739
70.0,0.0007973788824333806,0.0007973762351043658,-0.0001151093102442159,-0.0001151093102442159
70.0390625,0.0007973789438318251,0.0007973762965026068,-0.00011510931910767186,-0.00011510931910767186
70.078125,0.0007973790048439467,0.0007973763575145257,-0.00011510932791535837,-0.00011510932791535837
70.1171875,0.000797379065472176,0.0007973764181425537,-0.00011510933666762635,-0.00011510933666762635
70.15625,0.0007973791257189286,0.0007973764783891065,-0.0001151093453648245,-0.0001151093453648245
70.1953125,0.0007973791855866048,0.0007973765382565836,-0.00011510935400729932,-0.00011510935400729932
70.234375,0.0007973792450775896,0.0007973765977473711,-0.00011510936259539511,-0.00011510936259539511
70.2734375,0.0007973793041942533,0.0007973766568638385,-0.00011510937112945406,-0.00011510937112945406
70.3125,0.0007973793629389511,0.0007973767156083414,-0.00011510937960981615,-0.00011510937960981615
70.3515625,0.0007973794213140235,0.0007973767739832199,-0.00011510938803681927,-0.00011510938803681927
70.390625,0.0007973794793217961,0.0007973768319908,-0.00011510939641079912,-0.00011510939641079912
70.4296875,0.0007973795369645801,0.0007973768896333927,-0.00011510940473208935,-0.00011510940473208935
70.46875,0.000797379594244672,0.0007973769469132943,-0.0001151094130010215,-0.0001151094130010215
70.5078125,0.0007973796511643539,0.0007973770038327872,-0.00011510942121792497,-0.00011510942121792497
70.546875,0.0007973797077258934,0.0007973770603941388,-0.00011510942938312717,-0.00011510942938312717
70.5859375,0.000797379763931544,0.000797377116599603,-0.00011510943749695338,-0.00011510943749695338
70.625,0.000797379819783545,0.0007973771724514185,-0.00011510944555972688,-0.00011510944555972688
70.6640625,0.0007973798752841217,0.0007973772279518109,-0.00011510945357176887,-0.00011510945357176887
70.703125,0.0007973799304354851,0.0007973772831029913,-0.00011510946153339859,-0.00011510946153339859
70.7421875,0.0007973799852398326,0.0007973773379071568,-0.0001151094694449332,-0.0001151094694449332
70.78125,0.0007973800396993475,0.0007973773923664909,-0.00011510947730668795,-0.00011510947730668795
70.8203125,0.0007973800938161997,0.0007973774464831635,-0.00011510948511897601,-0.00011510948511897601
70.859375,0.0007973801475925452,0.0007973775002593303,-0.00011510949288210865,-0.00011510949288210865
70.8984375,0.0007973802010305263,0.0007973775536971342,-0.00011510950059639516,-0.00011510950059639516
70.9375,0.0007973802541322723,0.0007973776067987038,-0.00011510950826214288,-0.00011510950826214288
70.9765625,0.0007973803068998986,0.0007973776595661549,-0.00011510951587965721,-0.00011510951587965721
71.015625,0.0007973803593355076,0.0007973777120015898,-0.00011510952344924166,-0.00011510952344924166
71.0546875,0.0007973804114411884,0.0007973777641070975,-0.0001151095309711978,-0.0001151095309711978
71.09375,0.0007973804632190168,0.0007973778158847541,-0.00011510953844582528,-0.00011510953844582528
71.1328125,0.0007973805146710559,0.0007973778673366223,-0.00011510954587342193,-0.00011510954587342193
71.171875,0.0007973805657993553,0.000797377918464752,-0.00011510955325428367,-0.00011510955325428367
71.2109375,0.0007973806166059522,0.0007973779692711802,-0.00011510956058870455,-0.00011510956058870455
71.25,0.0007973806670928706,0.0007973780197579309,-0.00011510956787697676,-0.00011510956787697676
71.2890625,0.0007973807172621221,0.000797378069927016,-0.00011510957511939071,-0.00011510957511939071
71.328125,0.0007973807671157054,0.0007973781197804338,-0.00011510958231623492,-0.00011510958231623492
71.3671875,0.0007973808166556067,0.0007973781693201706,-0.0001151095894677961,-0.0001151095894677961
71.40625,0.0007973808658837999,0.0007973782185482003,-0.00011510959657435922,-0.00011510959657435922
71.4453125,0.000797380914802246,0.0007973782674664839,-0.00011510960363620738,-0.00011510960363620738
71.484375,0.000797380963412894,0.0007973783160769706,-0.00011510961065362193,-0.00011510961065362193
71.5234375,0.0007973810117176808,0.0007973783643815969,-0.00011510961762688244,-0.00011510961762688244
71.5625,0.0007973810597185307,0.0007973784123822876,-0.00011510962455626677,-0.00011510962455626677
71.6015625,0.0007973811074173562,0.0007973784600809546,-0.00011510963144205095,-0.00011510963144205095
71.640625,0.0007973811548160574,0.0007973785074794986,-0.00011510963828450932,-0.00011510963828450932
71.6796875,0.0007973812019165231,0.0007973785545798077,-0.00011510964508391452,-0.00011510964508391452
71.71875,0.0007973812487206296,0.0007973786013837589,-0.00011510965184053741,-0.00011510965184053741
71.7578125,0.0007973812952302416,0.0007973786478932165,-0.00011510965855464719,-0.00011510965855464719
71.796875,0.0007973813414472121,0.0007973786941100334,-0.00011510966522651135,-0.00011510966522651135
71.8359375,0.0007973813873733824,0.0007973787400360514,-0.00011510967185639572,-0.00011510967185639572
71.875,0.0007973814330105823,0.0007973787856730998,-0.00011510967844456443,-0.00011510967844456443
71.9140625,0.00079738147836063,0.0007973788310229968,-0.00011510968499127995,-0.00011510968499127995
71.953125,0.0007973815234253322,0.0007973788760875494,-0.00011510969149680312,-0.00011510969149680312
71.9921875,0.0007973815682064844,0.000797378920868553,-0.00011510969796139311,-0.00011510969796139311
72.03125,0.0007973816127058706,0.0007973789653677916,-0.00011510970438530749,-0.00011510970438530749
72.0703125,0.0007973816569252639,0.0007973790095870381,-0.00011510971076880217,-0.00011510971076880217
72.109375,0.0007973817008664259,0.000797379053528054,-0.0001151097171121315,-0.0001151097171121315
72.1484375,0.0007973817445311072,0.0007973790971925905,-0.00011510972341554818,-0.00011510972341554818
72.1875,0.0007973817879210476,0.0007973791405823868,-0.00011510972967930336,-0.00011510972967930336
72.2265625,0.0007973818310379756,0.0007973791836991717,-0.0001151097359036466,-0.0001151097359036466
72.265625,0.0007973818738836091,0.000797379226544663,-0.00011510974208882585,-0.00011510974208882585
72.3046875,0.0007973819164596551,0.0007973792691205677,-0.00011510974823508756,-0.00011510974823508756
72.34375,0.0007973819587678099,0.000797379311428582,-0.00011510975434267659,-0.00011510975434267659
72.3828125,0.0007973820008097591,0.0007973793534703915,-0.00011510976041183628,-0.00011510976041183628
72.421875,0.0007973820425871775,0.0007973793952476715,-0.00011510976644280842,-0.00011510976644280842
72.4609375,0.0007973820841017297,0.0007973794367620858,-0.0001151097724358333,-0.0001151097724358333
72.5,0.0007973821253550698,0.0007973794780152889,-0.00011510977839114967,-0.00011510977839114967
72.5390625,0.0007973821663488411,0.000797379519008924,-0.0001151097843089948,-0.0001151097843089948
72.578125,0.0007973822070846769,0.0007973795597446246,-0.00011510979018960448,-0.00011510979018960448
72.6171875,0.0007973822475642003,0.0007973796002240137,-0.00011510979603321296,-0.00011510979603321296
72.65625,0.0007973822877890239,0.0007973796404487037,-0.00011510980184005311,-0.00011510980184005311
72.6953125,0.0007973823277607502,0.0007973796804202973,-0.00011510980761035622,-0.00011510980761035622
72.734375,0.0007973823674809719,0.0007973797201403871,-0.00011510981334435222,-0.00011510981334435222
72.7734375,0.0007973824069512713,0.0007973797596105556,-0.00011510981904226954,-0.00011510981904226954
72.8125,0.0007973824461732211,0.0007973797988323752,-0.0001151098247043352,-0.0001151098247043352
72.8515625,0.0007973824851483838,0.0007973798378074085,-0.00011510983033077477,-0.00011510983033077477
72.890625,0.0007973825238783123,0.0007973798765372085,-0.00011510983592181243,-0.00011510983592181243
72.9296875,0.0007973825623645496,0.0007973799150233179,-0.00011510984147767091,-0.00011510984147767091
72.96875,0.0007973826006086289,0.0007973799532672703,-0.00011510984699857157,-0.00011510984699857157
73.0078125,0.000797382638612074,0.0007973799912705893,-0.00011510985248473437,-0.00011510985248473437
73.046875,0.000797382676376399,0.000797380029034789,-0.00011510985793637788,-0.00011510985793637788
73.0859375,0.0007973827139031085,0.0007973800665613739,-0.00011510986335371928,-0.00011510986335371928
73.125,0.0007973827511936974,0.000797380103851839,-0.00011510986873697443,-0.00011510986873697443
73.1640625,0.0007973827882496515,0.0007973801409076701,-0.00011510987408635779,-0.00011510987408635779
73.203125,0.0007973828250724472,0.0007973801777303434,-0.00011510987940208248,-0.00011510987940208248
73.2421875,0.0007973828616635515,0.0007973802143213263,-0.00011510988468436029,-0.00011510988468436029
73.28125,0.0007973828980244222,0.0007973802506820763,-0.00011510988993340165,-0.00011510988993340165
73.3203125,0.0007973829341565079,0.000797380286814042,-0.00011510989514941573,-0.00011510989514941573
73.359375,0.0007973829700612483,0.0007973803227186632,-0.00011510990033261029,-0.00011510990033261029
73.3984375,0.0007973830057400736,0.00079738035839737,-0.00011510990548319187,-0.00011510990548319187
73.4375,0.0007973830411944054,0.0007973803938515843,-0.00011510991060136564,-0.00011510991060136564
73.4765625,0.0007973830764256564,0.0007973804290827182,-0.00011510991568733554,-0.00011510991568733554
73.515625,0.00079738311143523,0.0007973804640921756,-0.00011510992074130419,-0.00011510992074130419
73.5546875,0.0007973831462245211,0.0007973804988813511,-0.00011510992576347293,-0.00011510992576347293
73.59375,0.0007973831807949157,0.000797380533451631,-0.00011510993075404187,-0.00011510993075404187
73.6328125,0.0007973832151477912,0.0007973805678043925,-0.00011510993571320982,-0.00011510993571320982
73.671875,0.0007973832492845161,0.0007973806019410041,-0.00011510994064117437,-0.00011510994064117437
73.7109375,0.0007973832832064506,0.0007973806358628259,-0.00011510994553813185,-0.00011510994553813185
73.75,0.0007973833169149461,0.0007973806695712096,-0.00011510995040427736,-0.00011510995040427736
73.7890625,0.0007973833504113456,0.0007973807030674978,-0.00011510995523980475,-0.00011510995523980475
73.828125,0.0007973833836969835,0.0007973807363530252,-0.0001151099600449067,-0.0001151099600449067
73.8671875,0.000797383416773186,0.0007973807694291178,-0.00011510996481977464,-0.00011510996481977464
73.90625,0.0007973834496412709,0.0007973808022970935,-0.0001151099695645988,-0.0001151099695645988
73.9453125,0.0007973834823025477,0.000797380834958262,-0.00011510997427956821,-0.00011510997427956821
73.984375,0.0007973835147583176,0.0007973808674139242,-0.00011510997896487073,-0.00011510997896487073
74.0234375,0.0007973835470098737,0.0007973808996653733,-0.00011510998362069303,-0.00011510998362069303
74.0625,0.0007973835790585009,0.0007973809317138941,-0.0001151099882472206,-0.0001151099882472206
74.1015625,0.0007973836109054762,0.0007973809635607636,-0.00011510999284463775,-0.00011510999284463775
74.140625,0.0007973836425520682,0.0007973809952072504,-0.00011510999741312765,-0.00011510999741312765
74.1796875,0.0007973836739995379,0.0007973810266546156,-0.00011511000195287233,-0.00011511000195287233
74.21875,0.0007973837052491379,0.000797381057904112,-0.00011511000646405263,-0.00011511000646405263
74.2578125,0.0007973837363021134,0.0007973810889569844,-0.00011511001094684829,-0.00011511001094684829
74.296875,0.0007973837671597016,0.0007973811198144702,-0.00011511001540143791,-0.00011511001540143791
74.3359375,0.0007973837978231318,0.0007973811504777986,-0.00011511001982799897,-0.00011511001982799897
74.375,0.0007973838282936258,0.0007973811809481914,-0.00011511002422670781,-0.00011511002422670781
74.4140625,0.0007973838585723975,0.0007973812112268626,-0.00011511002859773971,-0.00011511002859773971
74.453125,0.0007973838886606531,0.0007973812413150184,-0.00011511003294126877,-0.00011511003294126877
74.4921875,0.0007973839185595916,0.0007973812712138576,-0.00011511003725746808,-0.00011511003725746808
74.53125,0.000797383948270404,0.0007973813009245713,-0.00011511004154650959,-0.00011511004154650959
74.5703125,0.000797383977794274,0.0007973813304483433,-0.00011511004580856415,-0.00011511004580856415
74.609375,0.0007973840071323779,0.0007973813597863498,-0.00011511005004380161,-0.00011511005004380161
74.6484375,0.0007973840362858845,0.0007973813889397596,-0.00011511005425239067,-0.00011511005425239067
74.6875,0.0007973840652559554,0.0007973814179097344,-0.00011511005843449902,-0.00011511005843449902
74.7265625,0.0007973840940437447,0.0007973814466974281,-0.00011511006259029327,-0.00011511006259029327
74.765625,0.0007973841226503994,0.0007973814753039879,-0.000115110066719939,-0.000115110066719939
74.8046875,0.0007973841510770592,0.0007973815037305534,-0.00011511007082360071,-0.00011511007082360071
74.84375,0.0007973841793248567,0.0007973815319782569,-0.00011511007490144194,-0.00011511007490144194
74.8828125,0.000797384207394917,0.0007973815600482242,-0.00011511007895362512,-0.00011511007895362512
74.921875,0.0007973842352883588,0.0007973815879415734,-0.0001151100829803117,-0.0001151100829803117
74.9609375,0.0007973842630062933,0.0007973816156594158,-0.00011511008698166211,-0.00011511008698166211
75.0,0.0007973842905498247,0.0007973816432028558,-0.00011511009095783576,-0.00011511009095783576
75.0390625,0.0007973843179200505,0.0007973816705729906,-0.00011511009490899107,-0.00011511009490899107
75.078125,0.000797384345118061,0.0007973816977709108,-0.00011511009883528546,-0.00011511009883528546
75.1171875,0.0007973843721449399,0.0007973817247976999,-0.00011511010273687534,-0.00011511010273687534
75.15625,0.0007973843990017639,0.0007973817516544348,-0.00011511010661391617,-0.00011511010661391617
75.1953125,0.000797384425689603,0.0007973817783421852,-0.00011511011046656241,-0.00011511011046656241
75.234375,0.0007973844522095204,0.0007973818048620147,-0.00011511011429496755,-0.00011511011429496755
75.2734375,0.0007973844785625729,0.0007973818312149797,-0.00011511011809928411,-0.00011511011809928411
75.3125,0.0007973845047498102,0.0007973818574021301,-0.00011511012187966367,-0.00011511012187966367
75.3515625,0.0007973845307722758,0.0007973818834245093,-0.00011511012563625684,-0.00011511012563625684
75.390625,0.0007973845566310063,0.000797381909283154,-0.00011511012936921327,-0.00011511012936921327
75.4296875,0.000797384582327032,0.0007973819349790944,-0.00011511013307868172,-0.00011511013307868172
75.46875,0.0007973846078613766,0.0007973819605133542,-0.00011511013676480994,-0.00011511013676480994
75.5078125,0.0007973846332350575,0.0007973819858869509,-0.00011511014042774479,-0.00011511014042774479
75.546875,0.0007973846584490856,0.0007973820111008952,-0.00011511014406763224,-0.00011511014406763224
75.5859375,0.0007973846835044653,0.0007973820361561918,-0.00011511014768461726,-0.00011511014768461726
75.625,0.000797384708402195,0.0007973820610538389,-0.000115110151278844,-0.000115110151278844
75.6640625,0.0007973847331432666,0.0007973820857948283,-0.00011511015485045562,-0.00011511015485045562
75.703125,0.0007973847577286658,0.0007973821103801457,-0.00011511015839959443,-0.00011511015839959443
75.7421875,0.000797384782159372,0.0007973821348107709,-0.00011511016192640183,-0.00011511016192640183
75.78125,0.0007973848064363587,0.0007973821590876769,-0.00011511016543101832,-0.00011511016543101832
75.8203125,0.000797384830560593,0.0007973821832118311,-0.00011511016891358355,-0.00011511016891358355
75.859375,0.0007973848545330361,0.0007973822071841944,-0.00011511017237423624,-0.00011511017237423624
75.8984375,0.000797384878354643,0.0007973822310057223,-0.00011511017581311428,-0.00011511017581311428
75.9375,0.0007973849020263627,0.0007973822546773634,-0.00011511017923035469,-0.00011511017923035469
75.9765625,0.0007973849255491385,0.0007973822782000611,-0.0001151101826260936,-0.0001151101826260936
76.015625,0.0007973849489239074,0.0007973823015747525,-0.00011511018600046629,-0.00011511018600046629
76.0546875,0.0007973849721516008,0.0007973823248023688,-0.00011511018935360722,-0.00011511018935360722
76.09375,0.000797384995233144,0.0007973823478838353,-0.00011511019268564996,-0.00011511019268564996
76.1328125,0.0007973850181694567,0.0007973823708200717,-0.00011511019599672729,-0.00011511019599672729
76.171875,0.0007973850409614526,0.0007973823936119921,-0.00011511019928697108,-0.00011511019928697108
76.2109375,0.0007973850636100398,0.000797382416260504,-0.00011511020255651246,-0.00011511020255651246
76.25,0.0007973850861161206,0.0007973824387665102,-0.00011511020580548167,-0.00011511020580548167
76.2890625,0.0007973851084805917,0.0007973824611309069,-0.00011511020903400816,-0.00011511020903400816
76.328125,0.000797385130704344,0.0007973824833545855,-0.00011511021224222054,-0.00011511021224222054
76.3671875,0.0007973851527882631,0.0007973825054384313,-0.00011511021543024665,-0.00011511021543024665
76.40625,0.0007973851747332288,0.0007973825273833241,-0.00011511021859821349,-0.00011511021859821349
76.4453125,0.0007973851965401153,0.0007973825491901383,-0.00011511022174624729,-0.00011511022174624729
76.484375,0.0007973852182097914,0.0007973825708597425,-0.00011511022487447344,-0.00011511022487447344
76.5234375,0.0007973852397431206,0.0007973825923930001,-0.0001151102279830166,-0.0001151102279830166
76.5625,0.0007973852611409607,0.0007973826137907692,-0.00011511023107200059,-0.00011511023107200059
76.6015625,0.0007973852824041641,0.000797382635053902,-0.0001151102341415485,-0.0001151102341415485
76.640625,0.0007973853035335781,0.0007973826561832459,-0.00011511023719178263,-0.00011511023719178263
76.6796875,0.0007973853245300445,0.0007973826771796426,-0.00011511024022282448,-0.00011511024022282448
76.71875,0.0007973853453943998,0.0007973826980439284,-0.00011511024323479481,-0.00011511024323479481
76.7578125,0.0007973853661274752,0.0007973827187769351,-0.00011511024622781364,-0.00011511024622781364
76.796875,0.0007973853867300967,0.0007973827393794882,-0.0001151102492020002,-0.0001151102492020002
76.8359375,0.0007973854072030852,0.0007973827598524087,-0.00011511025215747298,-0.00011511025215747298
76.875,0.0007973854275472563,0.0007973827801965122,-0.00011511025509434972,-0.00011511025509434972
76.9140625,0.0007973854477634206,0.0007973828004126095,-0.00011511025801274747,-0.00011511025801274747
76.953125,0.0007973854678523834,0.0007973828205015055,-0.00011511026091278246,-0.00011511026091278246
76.9921875,0.0007973854878149452,0.000797382840464001,-0.00011511026379457024,-0.00011511026379457024
77.03125,0.0007973855076519013,0.0007973828603008913,-0.00011511026665822563,-0.00011511026665822563
77.0703125,0.0007973855273640419,0.0007973828800129665,-0.00011511026950386271,-0.00011511026950386271
77.109375,0.0007973855469521526,0.0007973828996010121,-0.00011511027233159486,-0.00011511027233159486
77.1484375,0.0007973855664170135,0.0007973829190658084,-0.00011511027514153472,-0.00011511027514153472
77.1875,0.0007973855857594003,0.000797382938408131,-0.00011511027793379428,-0.00011511027793379428
77.2265625,0.0007973856049800835,0.0007973829576287503,-0.00011511028070848475,-0.00011511028070848475
77.265625,0.0007973856240798289,0.0007973829767284324,-0.0001151102834657167,-0.0001151102834657167
77.3046875,0.0007973856430593975,0.000797382995707938,-0.00011511028620559995,-0.00011511028620559995
77.34375,0.0007973856619195454,0.0007973830145680234,-0.00011511028892824369,-0.00011511028892824369
77.3828125,0.000797385680661024,0.0007973830333094399,-0.00011511029163375637,-0.00011511029163375637
77.421875,0.0007973856992845801,0.000797383051932934,-0.00011511029432224579,-0.00011511029432224579
77.4609375,0.0007973857177909555,0.000797383070439248,-0.00011511029699381906,-0.00011511029699381906
77.5,0.0007973857361808877,0.0007973830888291191,-0.00011511029964858263,-0.00011511029964858263
77.5390625,0.0007973857544551091,0.0007973831071032799,-0.00011511030228664225,-0.00011511030228664225
77.578125,0.000797385772614348,0.0007973831252624585,-0.00011511030490810303,-0.00011511030490810303
77.6171875,0.0007973857906593278,0.0007973831433073785,-0.0001151103075130694,-0.0001151103075130694
77.65625,0.0007973858085907674,0.0007973831612387584,-0.00011511031010164516,-0.00011511031010164516
77.6953125,0.0007973858264093813,0.0007973831790573132,-0.00011511031267393343,-0.00011511031267393343
77.734375,0.0007973858441158793,0.0007973831967637524,-0.0001151103152300367,-0.0001151103152300367
77.7734375,0.0007973858617109668,0.0007973832143587814,-0.0001151103177700568,-0.0001151103177700568
77.8125,0.0007973858791953448,0.0007973832318431015,-0.00011511032029409493,-0.00011511032029409493
77.8515625,0.0007973858965697101,0.000797383249217409,-0.00011511032280225165,-0.00011511032280225165
77.890625,0.0007973859138347548,0.0007973832664823963,-0.00011511032529462689,-0.00011511032529462689
77.9296875,0.0007973859309911666,0.0007973832836387513,-0.00011511032777131993,-0.00011511032777131993
77.96875,0.0007973859480396292,0.0007973833006871573,-0.00011511033023242947,-0.00011511033023242947
78.0078125,0.0007973859649808218,0.0007973833176282936,-0.00011511033267805354,-0.00011511033267805354
78.046875,0.0007973859818154193,0.0007973833344628352,-0.00011511033510828959,-0.00011511033510828959
78.0859375,0.0007973859985440924,0.0007973833511914527,-0.00011511033752323443,-0.00011511033752323443
78.125,0.0007973860151675076,0.0007973833678148127,-0.00011511033992298429,-0.00011511033992298429
78.1640625,0.0007973860316863273,0.0007973833843335776,-0.00011511034230763477,-0.00011511034230763477
78.203125,0.0007973860481012094,0.0007973834007484052,-0.00011511034467728087,-0.00011511034467728087
78.2421875,0.0007973860644128081,0.0007973834170599497,-0.000115110347032017,-0.000115110347032017
78.28125,0.000797386080621773,0.0007973834332688607,-0.00011511034937193698,-0.00011511034937193698
78.3203125,0.0007973860967287501,0.0007973834493757846,-0.00011511035169713404,-0.00011511035169713404
78.359375,0.000797386112734381,0.0007973834653813623,-0.0001151103540077008,-0.0001151103540077008
78.3984375,0.0007973861286393036,0.000797383481286232,-0.00011511035630372933,-0.00011511035630372933
78.4375,0.0007973861444441514,0.0007973834970910273,-0.00011511035858531109,-0.00011511035858531109
78.4765625,0.000797386160149554,0.0007973835127963778,-0.00011511036085253701,-0.00011511036085253701
78.515625,0.0007973861757561372,0.000797383528402909,-0.00011511036310549737,-0.00011511036310549737
78.5546875,0.0007973861912645227,0.0007973835439112432,-0.00011511036534428198,-0.00011511036534428198
78.59375,0.0007973862066753285,0.0007973835593219978,-0.00011511036756898,-0.00011511036756898
78.6328125,0.0007973862219891686,0.000797383574635787,-0.00011511036977968009,-0.00011511036977968009
78.671875,0.0007973862372066528,0.0007973835898532207,-0.0001151103719764703,-0.0001151103719764703
78.7109375,0.0007973862523283878,0.0007973836049749055,-0.00011511037415943816,-0.00011511037415943816
78.75,0.0007973862673549758,0.0007973836200014437,-0.00011511037632867066,-0.00011511037632867066
78.7890625,0.0007973862822870156,0.0007973836349334338,-0.00011511037848425419,-0.00011511037848425419
78.828125,0.000797386297125102,0.0007973836497714708,-0.00011511038062627467,-0.00011511038062627467
78.8671875,0.0007973863118698262,0.0007973836645161461,-0.0001151103827548174,-0.0001151103827548174
78.90625,0.0007973863265217755,0.0007973836791680468,-0.00011511038486996721,-0.00011511038486996721
78.9453125,0.0007973863410815339,0.0007973836937277569,-0.00011511038697180836,-0.00011511038697180836
78.984375,0.0007973863555496814,0.0007973837081958563,-0.00011511038906042458,-0.00011511038906042458
79.0234375,0.0007973863699267942,0.0007973837225729216,-0.0001151103911358991,-0.0001151103911358991
79.0625,0.0007973863842134454,0.0007973837368595253,-0.0001151103931983146,-0.0001151103931983146
79.1015625,0.0007973863984102041,0.0007973837510562369,-0.00011511039524775326,-0.00011511039524775326
79.140625,0.0007973864125176359,0.0007973837651636217,-0.0001151103972842967,-0.0001151103972842967
79.1796875,0.0007973864265363028,0.0007973837791822421,-0.00011511039930802608,-0.00011511039930802608
79.21875,0.0007973864404667633,0.0007973837931126564,-0.00011511040131902203,-0.00011511040131902203
79.2578125,0.0007973864543095725,0.0007973838069554195,-0.00011511040331736467,-0.00011511040331736467
79.296875,0.0007973864680652818,0.0007973838207110832,-0.0001151104053031336,-0.0001151104053031336
79.3359375,0.0007973864817344393,0.0007973838343801953,-0.00011511040727640794,-0.00011511040727640794
79.375,0.0007973864953175895,0.0007973838479633005,-0.00011511040923726631,-0.00011511040923726631
79.4140625,0.0007973865088152737,0.0007973838614609398,-0.00011511041118578684,-0.00011511041118578684
79.453125,0.0007973865222280297,0.0007973838748736512,-0.00011511041312204714,-0.00011511041312204714
79.4921875,0.0007973865355563916,0.0007973838882019689,-0.00011511041504612437,-0.00011511041504612437
79.53125,0.0007973865488008907,0.000797383901446424,-0.0001151104169580952,-0.0001151104169580952
79.5703125,0.0007973865619620544,0.0007973839146075441,-0.00011511041885803575,-0.00011511041885803575
79.609375,0.0007973865750404074,0.0007973839276858537,-0.00011511042074602178,-0.00011511042074602178
79.6484375,0.0007973865880364705,0.0007973839406818737,-0.00011511042262212847,-0.00011511042262212847
79.6875,0.0007973866009507616,0.0007973839535961217,-0.00011511042448643057,-0.00011511042448643057
79.7265625,0.000797386613783795,0.0007973839664291126,-0.00011511042633900238,-0.00011511042633900238
79.765625,0.0007973866265360822,0.0007973839791813573,-0.00011511042817991767,-0.00011511042817991767
79.8046875,0.0007973866392081312,0.0007973839918533642,-0.00011511043000924981,-0.00011511043000924981
79.84375,0.0007973866518004468,0.0007973840044456381,-0.00011511043182707166,-0.00011511043182707166
79.8828125,0.0007973866643135307,0.0007973840169586804,-0.00011511043363345567,-0.00011511043363345567
79.921875,0.0007973866767478814,0.0007973840293929899,-0.0001151104354284738,-0.0001151104354284738
79.9609375,0.0007973866891039945,0.000797384041749062,-0.00011511043721219754,-0.00011511043721219754
80.0,0.0007973867013823621,0.0007973840540273888,-0.00011511043898469799,-0.00011511043898469799
80.0390625,0.0007973867135834734,0.0007973840662284596,-0.00011511044074604575,-0.00011511044074604575
80.078125,0.0007973867257078146,0.0007973840783527605,-0.000115110442496311,-0.000115110442496311
80.1171875,0.0007973867377558685,0.0007973840904007746,-0.00011511044423556346,-0.00011511044423556346
80.15625,0.0007973867497281154,0.0007973841023729817,-0.00011511044596387243,-0.00011511044596387243
80.1953125,0.0007973867616250321,0.0007973841142698589,-0.00011511044768130677,-0.00011511044768130677
80.234375,0.0007973867734470927,0.00079738412609188,-0.0001151104493879349,-0.0001151104493879349
80.2734375,0.000797386785194768,0.0007973841378395164,-0.00011511045108382482,-0.00011511045108382482
80.3125,0.0007973867968685262,0.0007973841495132359,-0.0001151104527690441,-0.0001151104527690441
80.3515625,0.0007973868084688324,0.0007973841611135036,-0.00011511045444365985,-0.00011511045444365985
80.390625,0.0007973868199961488,0.0007973841726407816,-0.00011511045610773883,-0.00011511045610773883
80.4296875,0.0007973868314509344,0.0007973841840955293,-0.0001151104577613473,-0.0001151104577613473
80.46875,0.0007973868428336458,0.0007973841954782029,-0.00011511045940455117,-0.00011511045940455117
80.5078125,0.0007973868541447365,0.0007973842067892561,-0.00011511046103741589,-0.00011511046103741589
80.546875,0.000797386865384657,0.0007973842180291393,-0.00011511046266000653,-0.00011511046266000653
80.5859375,0.0007973868765538553,0.0007973842291983005,-0.0001151104642723877,-0.0001151104642723877
80.625,0.0007973868876527762,0.0007973842402971845,-0.00011511046587462368,-0.00011511046587462368
80.6640625,0.0007973868986818621,0.0007973842513262337,-0.00011511046746677829,-0.00011511046746677829
80.703125,0.0007973869096415522,0.0007973842622858875,-0.00011511046904891496,-0.00011511046904891496
80.7421875,0.0007973869205322832,0.0007973842731765823,-0.00011511047062109671,-0.00011511047062109671
80.78125,0.000797386931354489,0.0007973842839987522,-0.00011511047218338621,-0.00011511047218338621
80.8203125,0.0007973869421086008,0.0007973842947528283,-0.00011511047373584566,-0.00011511047373584566
80.859375,0.000797386952795047,0.0007973843054392392,-0.00011511047527853696,-0.00011511047527853696
80.8984375,0.0007973869634142535,0.0007973843160584102,-0.00011511047681152153,-0.00011511047681152153
80.9375,0.0007973869739666432,0.0007973843266107648,-0.00011511047833486046,-0.00011511047833486046
80.9765625,0.0007973869844526366,0.0007973843370967234,-0.00011511047984861446,-0.00011511047984861446
81.015625,0.0007973869948726514,0.0007973843475167037,-0.0001151104813528438,-0.0001151104813528438
81.0546875,0.0007973870052271028,0.0007973843578711208,-0.00011511048284760844,-0.00011511048284760844
81.09375,0.0007973870155164034,0.0007973843681603872,-0.00011511048433296794,-0.00011511048433296794
81.1328125,0.000797387025740963,0.0007973843783849128,-0.00011511048580898144,-0.00011511048580898144
81.171875,0.0007973870359011889,0.000797384388545105,-0.00011511048727570778,-0.00011511048727570778
81.2109375,0.0007973870459974861,0.0007973843986413687,-0.00011511048873320538,-0.00011511048873320538
81.25,0.0007973870560302567,0.0007973844086741061,-0.0001151104901815323,-0.0001151104901815323
81.2890625,0.0007973870659999005,0.0007973844186437166,-0.00011511049162074627,-0.00011511049162074627
81.328125,0.0007973870759068147,0.000797384428550598,-0.0001151104930509046,-0.0001151104930509046
81.3671875,0.0007973870857513939,0.0007973844383951445,-0.00011511049447206429,-0.00011511049447206429
81.40625,0.0007973870955340304,0.0007973844481777484,-0.00011511049588428195,-0.00011511049588428195
81.4453125,0.000797387105255114,0.0007973844578987998,-0.00011511049728761384,-0.00011511049728761384
81.484375,0.0007973871149150318,0.0007973844675586855,-0.00011511049868211588,-0.00011511049868211588
81.5234375,0.0007973871245141688,0.0007973844771577905,-0.00011511050006784362,-0.00011511050006784362
81.5625,0.0007973871340529074,0.0007973844866964975,-0.00011511050144485228,-0.00011511050144485228
81.6015625,0.0007973871435316277,0.0007973844961751863,-0.00011511050281319669,-0.00011511050281319669
81.640625,0.0007973871529507072,0.0007973845055942345,-0.0001151105041729314,-0.0001151105041729314
81.6796875,0.0007973871623105212,0.0007973845149540175,-0.00011511050552411058,-0.00011511050552411058
81.71875,0.0007973871716114427,0.0007973845242549081,-0.00011511050686678804,-0.00011511050686678804
81.7578125,0.0007973871808538422,0.0007973845334972769,-0.0001151105082010173,-0.0001151105082010173
81.796875,0.0007973871900380879,0.0007973845426814922,-0.0001151105095268515,-0.0001151105095268515
81.8359375,0.0007973871991645457,0.0007973845518079196,-0.00011511051084434346,-0.00011511051084434346
81.875,0.0007973872082335793,0.0007973845608769231,-0.00011511051215354568,-0.00011511051215354568
81.9140625,0.00079738721724555,0.0007973845698888639,-0.0001151105134545103,-0.0001151105134545103
81.953125,0.0007973872262008167,0.0007973845788441008,-0.00011511051474728919,-0.00011511051474728919
81.9921875,0.0007973872350997363,0.0007973845877429908,-0.00011511051603193382,-0.00011511051603193382
82.03125,0.0007973872439426634,0.0007973845965858887,-0.00011511051730849537,-0.00011511051730849537
82.0703125,0.0007973872527299501,0.0007973846053731463,-0.00011511051857702473,-0.00011511051857702473
82.109375,0.0007973872614619467,0.0007973846141051137,-0.00011511051983757242,-0.00011511051983757242
82.1484375,0.000797387270139001,0.0007973846227821394,-0.00011511052109018866,-0.00011511052109018866
82.1875,0.0007973872787614587,0.0007973846314045684,-0.00011511052233492335,-0.00011511052233492335
82.2265625,0.0007973872873296633,0.0007973846399727447,-0.0001151105235718261,-0.0001151105235718261
82.265625,0.0007973872958439563,0.0007973846484870094,-0.00011511052480094616,-0.00011511052480094616
82.3046875,0.0007973873043046768,0.0007973846569477017,-0.00011511052602233253,-0.00011511052602233253
82.34375,0.0007973873127121619,0.0007973846653551588,-0.00011511052723603386,-0.00011511052723603386
82.3828125,0.0007973873210667465,0.0007973846737097158,-0.0001151105284420985,-0.0001151105284420985
82.421875,0.0007973873293687636,0.0007973846820117053,-0.00011511052964057451,-0.00011511052964057451
82.4609375,0.0007973873376185438,0.0007973846902614581,-0.00011511053083150962,-0.00011511053083150962
82.5,0.0007973873458164159,0.0007973846984593029,-0.0001151105320149513,-0.0001151105320149513
82.5390625,0.0007973873539627064,0.0007973847066055663,-0.00011511053319094668,-0.00011511053319094668
82.578125,0.0007973873620577399,0.000797384714700573,-0.00011511053435954262,-0.00011511053435954262
82.6171875,0.0007973873701018389,0.0007973847227446454,-0.00011511053552078568,-0.00011511053552078568
82.65625,0.000797387378095324,0.000797384730738104,-0.00011511053667472212,-0.00011511053667472212
82.6953125,0.0007973873860385135,0.000797384738681267,-0.00011511053782139793,-0.00011511053782139793
82.734375,0.000797387393931724,0.0007973847465744514,-0.00011511053896085877,-0.00011511053896085877
82.7734375,0.0007973874017752699,0.0007973847544179713,-0.00011511054009315005,-0.00011511054009315005
82.8125,0.0007973874095694637,0.0007973847622121392,-0.00011511054121831688,-0.00011511054121831688
82.8515625,0.0007973874173146159,0.0007973847699572656,-0.0001151105423364041,-0.0001151105423364041
82.890625,0.0007973874250110351,0.0007973847776536593,-0.00011511054344745623,-0.00011511054344745623
82.9296875,0.000797387432659028,0.0007973847853016267,-0.00011511054455151754,-0.00011511054455151754
82.96875,0.0007973874402588991,0.0007973847929014727,-0.00011511054564863205,-0.00011511054564863205
83.0078125,0.0007973874478109514,0.0007973848004535,-0.00011511054673884342,-0.00011511054673884342
83.046875,0.0007973874553154857,0.0007973848079580094,-0.00011511054782219512,-0.00011511054782219512
83.0859375,0.000797387462772801,0.0007973848154153,-0.0001151105488987303,-0.0001151105488987303
83.125,0.0007973874701831943,0.0007973848228256685,-0.00011511054996849185,-0.00011511054996849185
83.1640625,0.0007973874775469611,0.0007973848301894109,-0.0001151105510315224,-0.0001151105510315224
83.203125,0.0007973874848643945,0.00079738483750682,-0.00011511055208786428,-0.00011511055208786428
83.2421875,0.0007973874921357861,0.0007973848447781874,-0.00011511055313755959,-0.00011511055313755959
83.28125,0.0007973874993614257,0.0007973848520038032,-0.00011511055418065016,-0.00011511055418065016
83.3203125,0.0007973875065416011,0.0007973848591839547,-0.00011511055521717752,-0.00011511055521717752
83.359375,0.0007973875136765983,0.0007973848663189282,-0.000115110556247183,-0.000115110556247183
83.3984375,0.0007973875207667017,0.000797384873409008,-0.00011511055727070761,-0.00011511055727070761
83.4375,0.0007973875278121937,0.0007973848804544767,-0.00011511055828779214,-0.00011511055828779214
83.4765625,0.0007973875348133549,0.0007973848874556146,-0.00011511055929847711,-0.00011511055929847711
83.515625,0.0007973875417704645,0.0007973848944127012,-0.00011511056030280277,-0.00011511056030280277
83.5546875,0.0007973875486837994,0.0007973849013260131,-0.00011511056130080916,-0.00011511056130080916
83.59375,0.0007973875555536353,0.0007973849081958261,-0.00011511056229253603,-0.00011511056229253603
83.6328125,0.0007973875623802457,0.0007973849150224138,-0.00011511056327802289,-0.00011511056327802289
83.671875,0.0007973875691639025,0.0007973849218060483,-0.000115110564257309,-0.000115110564257309
83.7109375,0.0007973875759048762,0.0007973849285469994,-0.00011511056523043338,-0.00011511056523043338
83.75,0.0007973875826034352,0.0007973849352455363,-0.00011511056619743479,-0.00011511056619743479
83.7890625,0.0007973875892598465,0.0007973849419019255,-0.00011511056715835178,-0.00011511056715835178
83.828125,0.0007973875958743752,0.0007973849485164322,-0.0001151105681132226,-0.0001151105681132226
83.8671875,0.0007973876024472849,0.0007973849550893201,-0.00011511056906208532,-0.00011511056906208532
83.90625,0.0007973876089788373,0.0007973849616208508,-0.00011511057000497775,-0.00011511057000497775
83.9453125,0.0007973876154692928,0.0007973849681112849,-0.00011511057094193742,-0.00011511057094193742
83.984375,0.00079738762191891,0.0007973849745608805,-0.00011511057187300169,-0.00011511057187300169
84.0234375,0.0007973876283279458,0.0007973849809698951,-0.00011511057279820763,-0.00011511057279820763
84.0625,0.0007973876346966555,0.0007973849873385836,-0.00011511057371759212,-0.00011511057371759212
84.1015625,0.0007973876410252928,0.0007973849936671999,-0.00011511057463119179,-0.00011511057463119179
84.140625,0.00079738764731411,0.0007973849999559962,-0.00011511057553904303,-0.00011511057553904303
84.1796875,0.0007973876535633575,0.0007973850062052229,-0.000115110576441182,-0.000115110576441182
84.21875,0.0007973876597732844,0.0007973850124151292,-0.00011511057733764467,-0.00011511057733764467
84.2578125,0.0007973876659441379,0.0007973850185859623,-0.00011511057822846672,-0.00011511057822846672
84.296875,0.0007973876720761641,0.0007973850247179681,-0.00011511057911368368,-0.00011511057911368368
84.3359375,0.0007973876781696072,0.0007973850308113909,-0.00011511057999333079,-0.00011511057999333079
84.375,0.0007973876842247099,0.0007973850368664736,-0.0001151105808674431,-0.0001151105808674431
84.4140625,0.0007973876902417135,0.0007973850428834573,-0.00011511058173605543,-0.00011511058173605543
84.453125,0.0007973876962208578,0.0007973850488625817,-0.00011511058259920242,-0.00011511058259920242
84.4921875,0.0007973877021623809,0.0007973850548040849,-0.00011511058345691841,-0.00011511058345691841
84.53125,0.0007973877080665195,0.0007973850607082039,-0.0001151105843092376,-0.0001151105843092376
84.5703125,0.0007973877139335089,0.0007973850665751739,-0.00011511058515619395,-0.00011511058515619395
84.609375,0.0007973877197635828,0.0007973850724052286,-0.00011511058599782119,-0.00011511058599782119
84.6484375,0.0007973877255569735,0.0007973850781986,-0.00011511058683415286,-0.00011511058683415286
84.6875,0.0007973877313139119,0.0007973850839555193,-0.00011511058766522229,-0.00011511058766522229
84.7265625,0.0007973877370346272,0.0007973850896762156,-0.00011511058849106255,-0.00011511058849106255
84.765625,0.0007973877427193474,0.0007973850953609168,-0.00011511058931170658,-0.00011511058931170658
84.8046875,0.000797387748368299,0.0007973851010098496,-0.00011511059012718708,-0.00011511059012718708
84.84375,0.0007973877539817069,0.0007973851066232391,-0.00011511059093753651,-0.00011511059093753651
84.8828125,0.000797387759559795,0.0007973851122013086,-0.00011511059174278716,-0.00011511059174278716
84.921875,0.0007973877651027855,0.0007973851177442806,-0.00011511059254297114,-0.00011511059254297114
84.9609375,0.000797387770610899,0.0007973851232523758,-0.0001151105933381203,-0.0001151105933381203
85.0,0.0007973877760843551,0.0007973851287258139,-0.00011511059412826633,-0.00011511059412826633
85.0390625,0.0007973877815233718,0.0007973851341648126,-0.00011511059491344071,-0.00011511059491344071
85.078125,0.000797387786928166,0.0007973851395695888,-0.00011511059569367473,-0.00011511059569367473
85.1171875,0.0007973877922989528,0.0007973851449403577,-0.00011511059646899946,-0.00011511059646899946
85.15625,0.0007973877976359463,0.0007973851502773336,-0.00011511059723944579,-0.00011511059723944579
85.1953125,0.0007973878029393591,0.0007973851555807286,-0.00011511059800504444,-0.00011511059800504444
85.234375,0.0007973878082094025,0.0007973851608507545,-0.00011511059876582588,-0.00011511059876582588
85.2734375,0.0007973878134462864,0.000797385166087621,-0.00011511059952182044,-0.00011511059952182044
85.3125,0.0007973878186502195,0.0007973851712915369,-0.00011511060027305823,-0.00011511060027305823
85.3515625,0.0007973878238214092,0.0007973851764627094,-0.00011511060101956918,-0.00011511060101956918
85.390625,0.0007973878289600614,0.0007973851816013445,-0.00011511060176138303,-0.00011511060176138303
85.4296875,0.0007973878340663808,0.0007973851867076469,-0.00011511060249852935,-0.00011511060249852935
85.46875,0.0007973878391405709,0.0007973851917818202,-0.0001151106032310375,-0.0001151106032310375
85.5078125,0.000797387844182834,0.0007973851968240665,-0.00011511060395893666,-0.00011511060395893666
85.546875,0.0007973878491933708,0.0007973852018345867,-0.00011511060468225582,-0.00011511060468225582
85.5859375,0.0007973878541723809,0.0007973852068135801,-0.00011511060540102381,-0.00011511060540102381
85.625,0.0007973878591200628,0.0007973852117612458,-0.00011511060611526928,-0.00011511060611526928
85.6640625,0.0007973878640366136,0.0007973852166777801,-0.00011511060682502067,-0.00011511060682502067
85.703125,0.0007973878689222291,0.0007973852215633795,-0.00011511060753030624,-0.00011511060753030624
85.7421875,0.0007973878737771039,0.0007973852264182381,-0.00011511060823115412,-0.00011511060823115412
85.78125,0.0007973878786014316,0.0007973852312425499,-0.00011511060892759223,-0.00011511060892759223
85.8203125,0.0007973878833954043,0.0007973852360365066,-0.00011511060961964829,-0.00011511060961964829
85.859375,0.000797387888159213,0.0007973852408002995,-0.00011511061030734989,-0.00011511061030734989
85.8984375,0.0007973878928930476,0.0007973852455341183,-0.00011511061099072443,-0.00011511061099072443
85.9375,0.0007973878975970965,0.0007973852502381517,-0.00011511061166979914,-0.00011511061166979914
85.9765625,0.0007973879022715472,0.0007973852549125869,-0.00011511061234460105,-0.00011511061234460105
86.015625,0.000797387906916586,0.0007973852595576102,-0.00011511061301515708,-0.00011511061301515708
86.0546875,0.0007973879115323979,0.0007973852641734068,-0.00011511061368149393,-0.00011511061368149393
86.09375,0.0007973879161191668,0.0007973852687601605,-0.00011511061434363814,-0.00011511061434363814
86.1328125,0.0007973879206770756,0.0007973852733180541,-0.00011511061500161608,-0.00011511061500161608
86.171875,0.0007973879252063057,0.0007973852778472691,-0.000115110615655454,-0.000115110615655454
86.2109375,0.0007973879297070375,0.000797385282347986,-0.00011511061630517793,-0.00011511061630517793
86.25,0.0007973879341794504,0.0007973852868203841,-0.00011511061695081375,-0.00011511061695081375
86.2890625,0.0007973879386237226,0.0007973852912646415,-0.00011511061759238717,-0.00011511061759238717
86.328125,0.0007973879430400311,0.0007973852956809354,-0.00011511061822992378,-0.00011511061822992378
86.3671875,0.000797387947428552,0.0007973853000694417,-0.00011511061886344899,-0.00011511061886344899
86.40625,0.0007973879517894601,0.0007973853044303353,-0.000115110619492988,-0.000115110619492988
86.4453125,0.000797387956122929,0.0007973853087637898,-0.0001151106201185659,-0.0001151106201185659
86.484375,0.0007973879604291314,0.0007973853130699779,-0.00011511062074020764,-0.00011511062074020764
86.5234375,0.000797387964708239,0.0007973853173490712,-0.00011511062135793796,-0.00011511062135793796
86.5625,0.0007973879689604221,0.0007973853216012402,-0.00011511062197178149,-0.00011511062197178149
86.6015625,0.0007973879731858501,0.0007973853258266541,-0.00011511062258176267,-0.00011511062258176267
86.640625,0.0007973879773846916,0.0007973853300254817,-0.00011511062318790581,-0.00011511062318790581
86.6796875,0.0007973879815571137,0.0007973853341978898,-0.00011511062379023506,-0.00011511062379023506
86.71875,0.0007973879857032825,0.000797385338344045,-0.00011511062438877441,-0.00011511062438877441
86.7578125,0.0007973879898233635,0.0007973853424641123,-0.00011511062498354772,-0.00011511062498354772
86.796875,0.0007973879939175205,0.0007973853465582559,-0.00011511062557457867,-0.00011511062557457867
86.8359375,0.000797387997985917,0.0007973853506266388,-0.00011511062616189083,-0.00011511062616189083
86.875,0.0007973880020287148,0.0007973853546694231,-0.00011511062674550756,-0.00011511062674550756
86.9140625,0.000797388006046075,0.00079738535868677,-0.00011511062732545215,-0.00011511062732545215
86.953125,0.0007973880100381578,0.0007973853626788395,-0.00011511062790174769,-0.00011511062790174769
86.9921875,0.0007973880140051222,0.0007973853666457906,-0.00011511062847441715,-0.00011511062847441715
87.03125,0.0007973880179471261,0.0007973853705877814,-0.00011511062904348332,-0.00011511062904348332
87.0703125,0.0007973880218643266,0.0007973853745049691,-0.0001151106296089689,-0.0001151106296089689
87.109375,0.0007973880257568799,0.0007973853783975095,-0.0001151106301708964,-0.0001151106301708964
87.1484375,0.0007973880296249411,0.0007973853822655576,-0.00011511063072928822,-0.00011511063072928822
87.1875,0.000797388033468664,0.0007973853861092679,-0.0001151106312841666,-0.0001151106312841666
87.2265625,0.000797388037288202,0.0007973853899287934,-0.00011511063183555366,-0.00011511063183555366
87.265625,0.0007973880410837073,0.000797385393724286,-0.00011511063238347134,-0.00011511063238347134
87.3046875,0.000797388044855331,0.0007973853974958972,-0.00011511063292794149,-0.00011511063292794149
87.34375,0.0007973880486032234,0.0007973854012437772,-0.0001151106334689858,-0.0001151106334689858
87.3828125,0.0007973880523275339,0.0007973854049680752,-0.00011511063400662583,-0.00011511063400662583
87.421875,0.0007973880560284108,0.0007973854086689397,-0.000115110634540883,-0.000115110634540883
87.4609375,0.0007973880597060014,0.0007973854123465182,-0.00011511063507177859,-0.00011511063507177859
87.5,0.0007973880633604524,0.000797385416000957,-0.00011511063559933373,-0.00011511063559933373
87.5390625,0.0007973880669919094,0.000797385419632402,-0.00011511063612356947,-0.00011511063612356947
87.578125,0.0007973880706005171,0.0007973854232409977,-0.00011511063664450669,-0.00011511063664450669
87.6171875,0.0007973880741864192,0.0007973854268268878,-0.00011511063716216613,-0.00011511063716216613
87.65625,0.0007973880777497585,0.0007973854303902153,-0.00011511063767656844,-0.00011511063767656844
87.6953125,0.000797388081290677,0.0007973854339311221,-0.00011511063818773408,-0.00011511063818773408
87.734375,0.0007973880848093158,0.0007973854374497492,-0.00011511063869568343,-0.00011511063869568343
87.7734375,0.0007973880883058151,0.0007973854409462369,-0.00011511063920043674,-0.00011511063920043674
87.8125,0.0007973880917803143,0.0007973854444207246,-0.00011511063970201411,-0.00011511063970201411
87.8515625,0.0007973880952329516,0.0007973854478733504,-0.00011511064020043553,-0.00011511064020043553
87.890625,0.0007973880986638647,0.0007973854513042522,-0.00011511064069572083,-0.00011511064069572083
87.9296875,0.0007973881020731904,0.0007973854547135666,-0.00011511064118788977,-0.00011511064118788977
87.96875,0.0007973881054610644,0.0007973854581014293,-0.00011511064167696196,-0.00011511064167696196
88.0078125,0.0007973881088276216,0.0007973854614679753,-0.00011511064216295687,-0.00011511064216295687
88.046875,0.0007973881121729963,0.0007973854648133387,-0.00011511064264589387,-0.00011511064264589387
88.0859375,0.0007973881154973216,0.0007973854681376531,-0.00011511064312579219,-0.00011511064312579219
88.125,0.00079738811880073,0.0007973854714410505,-0.00011511064360267097,-0.00011511064360267097
88.1640625,0.0007973881220833532,0.0007973854747236628,-0.00011511064407654919,-0.00011511064407654919
88.203125,0.0007973881253453219,0.0007973854779856208,-0.00011511064454744574,-0.00011511064454744574
88.2421875,0.0007973881285867661,0.000797385481227054,-0.00011511064501537939,-0.00011511064501537939
88.28125,0.0007973881318078149,0.0007973854844480922,-0.00011511064548036875,-0.00011511064548036875
88.3203125,0.0007973881350085966,0.0007973854876488633,-0.00011511064594243238,-0.00011511064594243238
88.359375,0.0007973881381892389,0.000797385490829495,-0.00011511064640158868,-0.00011511064640158868
88.3984375,0.0007973881413498683,0.0007973854939901139,-0.00011511064685785594,-0.00011511064685785594
88.4375,0.0007973881444906109,0.000797385497130846,-0.00011511064731125233,-0.00011511064731125233
88.4765625,0.0007973881476115917,0.0007973855002518164,-0.00011511064776179592,-0.00011511064776179592
88.515625,0.0007973881507129351,0.0007973855033531495,-0.00011511064820950465,-0.00011511064820950465
88.5546875,0.0007973881537947646,0.0007973855064349688,-0.00011511064865439639,-0.00011511064865439639
88.59375,0.000797388156857203,0.000797385509497397,-0.00011511064909648883,-0.00011511064909648883
88.6328125,0.0007973881599003724,0.0007973855125405563,-0.00011511064953579959,-0.00011511064953579959
88.671875,0.0007973881629243939,0.0007973855155645679,-0.00011511064997234618,-0.00011511064997234618
88.7109375,0.0007973881659293882,0.0007973855185695521,-0.000115110650406146,-0.000115110650406146
88.75,0.0007973881689154748,0.0007973855215556288,-0.00011511065083721633,-0.00011511065083721633
88.7890625,0.0007973881718827728,0.0007973855245229168,-0.00011511065126557432,-0.00011511065126557432
88.828125,0.0007973881748314003,0.0007973855274715346,-0.00011511065169123705,-0.00011511065169123705
88.8671875,0.0007973881777614749,0.0007973855304015994,-0.00011511065211422151,-0.00011511065211422151
88.90625,0.0007973881806731133,0.0007973855333132282,-0.0001151106525345445,-0.0001151106525345445
88.9453125,0.0007973881835664315,0.0007973855362065366,-0.0001151106529522228,-0.0001151106529522228
88.984375,0.0007973881864415447,0.0007973855390816403,-0.00011511065336727303,-0.00011511065336727303
89.0234375,0.0007973881892985675,0.0007973855419386535,-0.00011511065377971175,-0.00011511065377971175
89.0625,0.0007973881921376137,0.0007973855447776904,-0.00011511065418955538,-0.00011511065418955538
89.1015625,0.0007973881949587964,0.0007973855475988639,-0.00011511065459682024,-0.00011511065459682024
89.140625,0.000797388197762228,0.0007973855504022862,-0.00011511065500152257,-0.00011511065500152257
89.1796875,0.0007973882005480204,0.0007973855531880692,-0.00011511065540367847,-0.00011511065540367847
89.21875,0.0007973882033162843,0.000797385555956324,-0.000115110655803304,-0.000115110655803304
89.2578125,0.0007973882060671302,0.0007973855587071607,-0.00011511065620041505,-0.00011511065620041505
89.296875,0.0007973882088006675,0.000797385561440689,-0.00011511065659502745,-0.00011511065659502745
89.3359375,0.0007973882115170053,0.0007973855641570176,-0.00011511065698715693,-0.00011511065698715693
89.375,0.0007973882142162516,0.000797385566856255,-0.0001151106573768191,-0.0001151106573768191
89.4140625,0.0007973882168985141,0.0007973855695385086,-0.0001151106577640295,-0.0001151106577640295
89.453125,0.0007973882195638997,0.0007973855722038855,-0.00011511065814880354,-0.00011511065814880354
89.4921875,0.0007973882222125146,0.0007973855748524914,-0.00011511065853115655,-0.00011511065853115655
89.53125,0.0007973882248444641,0.0007973855774844322,-0.00011511065891110378,-0.00011511065891110378
89.5703125,0.0007973882274598533,0.0007973855800998125,-0.00011511065928866035,-0.00011511065928866035
89.609375,0.0007973882300587862,0.000797385582698737,-0.00011511065966384132,-0.00011511065966384132
89.6484375,0.0007973882326413665,0.0007973855852813087,-0.00011511066003666161,-0.00011511066003666161
89.6875,0.000797388235207697,0.0007973855878476307,-0.00011511066040713611,-0.00011511066040713611
89.7265625,0.00079738823775788,0.0007973855903978051,-0.00011511066077527955,-0.00011511066077527955
89.765625,0.0007973882402920171,0.0007973855929319338,-0.00011511066114110661,-0.00011511066114110661
89.8046875,0.0007973882428102092,0.0007973855954501177,-0.00011511066150463186,-0.00011511066150463186
89.84375,0.0007973882453125567,0.0007973855979524567,-0.00011511066186586978,-0.00011511066186586978
89.8828125,0.0007973882477991593,0.0007973856004390511,-0.00011511066222483478,-0.00011511066222483478
89.921875,0.000797388250270116,0.0007973856029099997,-0.00011511066258154115,-0.00011511066258154115
89.9609375,0.0007973882527255253,0.0007973856053654008,-0.00011511066293600309,-0.00011511066293600309
90.0,0.000797388255165485,0.0007973856078053523,-0.00011511066328823474,-0.00011511066328823474
90.0390625,0.0007973882575900923,0.0007973856102299516,-0.00011511066363825012,-0.00011511066363825012
90.078125,0.0007973882599994437,0.0007973856126392952,-0.00011511066398606318,-0.00011511066398606318
90.1171875,0.0007973882623936355,0.0007973856150334789,-0.00011511066433168779,-0.00011511066433168779
90.15625,0.0007973882647727627,0.0007973856174125983,-0.0001151106646751377,-0.0001151106646751377
90.1953125,0.0007973882671369204,0.0007973856197767482,-0.0001151106650164266,-0.0001151106650164266
90.234375,0.0007973882694862027,0.0007973856221260225,-0.00011511066535556809,-0.00011511066535556809
90.2734375,0.0007973882718207031,0.0007973856244605153,-0.00011511066569257568,-0.00011511066569257568
90.3125,0.0007973882741405147,0.0007973856267803191,-0.00011511066602746278,-0.00011511066602746278
90.3515625,0.0007973882764457298,0.0007973856290855268,-0.00011511066636024277,-0.00011511066636024277
90.390625,0.0007973882787364404,0.0007973856313762297,-0.00011511066669092888,-0.00011511066669092888
90.4296875,0.0007973882810127377,0.0007973856336525195,-0.00011511066701953429,-0.00011511066701953429
90.46875,0.0007973882832747124,0.0007973856359144867,-0.0001151106673460721,-0.0001151106673460721
90.5078125,0.0007973882855224546,0.0007973856381622215,-0.00011511066767055529,-0.00011511066767055529
90.546875,0.0007973882877560539,0.0007973856403958134,-0.00011511066799299684,-0.00011511066799299684
90.5859375,0.0007973882899755992,0.0007973856426153513,-0.00011511066831340955,-0.00011511066831340955
90.625,0.000797388292181179,0.0007973856448209238,-0.00011511066863180621,-0.00011511066863180621
90.6640625,0.0007973882943728811,0.0007973856470126187,-0.00011511066894819949,-0.00011511066894819949
90.703125,0.0007973882965507929,0.0007973856491905233,-0.00011511066926260202,-0.00011511066926260202
90.7421875,0.0007973882987150012,0.0007973856513547245,-0.00011511066957502628,-0.00011511066957502628
90.78125,0.0007973883008655921,0.0007973856535053081,-0.00011511066988548477,-0.00011511066988548477
90.8203125,0.0007973883030026514,0.0007973856556423603,-0.00011511067019398982,-0.00011511067019398982
90.859375,0.0007973883051262642,0.0007973856577659661,-0.00011511067050055375,-0.00011511067050055375
90.8984375,0.0007973883072365151,0.0007973856598762098,-0.00011511067080518875,-0.00011511067080518875
90.9375,0.0007973883093334881,0.000797385661973176,-0.00011511067110790699,-0.00011511067110790699
90.9765625,0.0007973883114172668,0.0007973856640569477,-0.00011511067140872048,-0.00011511067140872048
91.015625,0.0007973883134879342,0.0007973856661276083,-0.00011511067170764124,-0.00011511067170764124
91.0546875,0.0007973883155455729,0.0007973856681852402,-0.00011511067200468118,-0.00011511067200468118
91.09375,0.0007973883175902647,0.0007973856702299252,-0.00011511067229985212,-0.00011511067229985212
91.1328125,0.0007973883196220913,0.0007973856722617451,-0.00011511067259316581,-0.00011511067259316581
91.171875,0.0007973883216411334,0.0007973856742807806,-0.00011511067288463396,-0.00011511067288463396
91.2109375,0.0007973883236474717,0.0007973856762871121,-0.00011511067317426819,-0.00011511067317426819
91.25,0.0007973883256411859,0.0007973856782808196,-0.00011511067346208001,-0.00011511067346208001
91.2890625,0.0007973883276223556,0.0007973856802619828,-0.00011511067374808089,-0.00011511067374808089
91.328125,0.0007973883295910595,0.0007973856822306801,-0.00011511067403228225,-0.00011511067403228225
91.3671875,0.0007973883315473763,0.0007973856841869904,-0.00011511067431469539,-0.00011511067431469539
91.40625,0.0007973883334913837,0.0007973856861309915,-0.00011511067459533157,-0.00011511067459533157
91.4453125,0.0007973883354231594,0.0007973856880627608,-0.00011511067487420196,-0.00011511067487420196
91.484375,0.0007973883373427802,0.0007973856899823752,-0.00011511067515131769,-0.00011511067515131769
91.5234375,0.0007973883392503227,0.0007973856918899113,-0.00011511067542668978,-0.00011511067542668978
91.5625,0.0007973883411458628,0.0007973856937854451,-0.00011511067570032923,-0.00011511067570032923
91.6015625,0.0007973883430294759,0.0007973856956690519,-0.0001151106759722469,-0.0001151106759722469
91.640625,0.0007973883449012373,0.0007973856975408073,-0.00011511067624245366,-0.00011511067624245366
91.6796875,0.0007973883467612215,0.0007973856994007852,-0.00011511067651096026,-0.00011511067651096026
91.71875,0.0007973883486095025,0.00079738570124906,-0.0001151106767777774,-0.0001151106767777774
91.7578125,0.000797388350446154,0.0007973857030857054,-0.00011511067704291571,-0.00011511067704291571
91.796875,0.0007973883522712492,0.0007973857049107944,-0.00011511067730638574,-0.00011511067730638574
91.8359375,0.0007973883540848607,0.0007973857067244001,-0.00011511067756819801,-0.00011511067756819801
91.875,0.0007973883558870609,0.0007973857085265943,-0.00011511067782836294,-0.00011511067782836294
91.9140625,0.0007973883576779216,0.0007973857103174489,-0.00011511067808689089,-0.00011511067808689089
91.953125,0.000797388359457514,0.0007973857120970355,-0.00011511067834379218,-0.00011511067834379218
91.9921875,0.0007973883612259091,0.0007973857138654246,-0.00011511067859907701,-0.00011511067859907701
92.03125,0.0007973883629831774,0.000797385715622687,-0.00011511067885275559,-0.00011511067885275559
92.0703125,0.0007973883647293887,0.0007973857173688927,-0.000115110679104838,-0.000115110679104838
92.109375,0.0007973883664646129,0.0007973857191041111,-0.00011511067935533429,-0.00011511067935533429
92.1484375,0.0007973883681889189,0.0007973857208284113,-0.00011511067960425444,-0.00011511067960425444
92.1875,0.0007973883699023754,0.0007973857225418621,-0.00011511067985160837,-0.00011511067985160837
92.2265625,0.0007973883716050508,0.0007973857242445319,-0.00011511068009740594,-0.00011511068009740594
92.265625,0.0007973883732970128,0.0007973857259364883,-0.00011511068034165693,-0.00011511068034165693
92.3046875,0.0007973883749783289,0.0007973857276177988,-0.00011511068058437107,-0.00011511068058437107
92.34375,0.000797388376649066,0.0007973857292885303,-0.00011511068082555804,-0.00011511068082555804
92.3828125,0.0007973883783092908,0.0007973857309487496,-0.00011511068106522745,-0.00011511068106522745
92.421875,0.0007973883799590693,0.0007973857325985226,-0.00011511068130338884,-0.00011511068130338884
92.4609375,0.0007973883815984673,0.0007973857342379151,-0.00011511068154005172,-0.00011511068154005172
92.5,0.0007973883832275502,0.0007973857358669926,-0.00011511068177522548,-0.00011511068177522548
92.5390625,0.0007973883848463826,0.0007973857374858198,-0.00011511068200891951,-0.00011511068200891951
92.578125,0.0007973883864550293,0.000797385739094461,-0.00011511068224114314,-0.00011511068224114314
92.6171875,0.0007973883880535544,0.0007973857406929808,-0.0001151106824719056,-0.0001151106824719056
92.65625,0.0007973883896420213,0.0007973857422814424,-0.00011511068270121608,-0.00011511068270121608
92.6953125,0.0007973883912204936,0.0007973857438599094,-0.00011511068292908373,-0.00011511068292908373
92.734375,0.0007973883927890339,0.0007973857454284445,-0.00011511068315551762,-0.00011511068315551762
92.7734375,0.000797388394347705,0.0007973857469871104,-0.00011511068338052677,-0.00011511068338052677
92.8125,0.0007973883958965688,0.0007973857485359692,-0.00011511068360412016,-0.00011511068360412016
92.8515625,0.000797388397435687,0.0007973857500750822,-0.00011511068382630667,-0.00011511068382630667
92.890625,0.000797388398965121,0.0007973857516045111,-0.00011511068404709517,-0.00011511068404709517
92.9296875,0.0007973884004849317,0.0007973857531243168,-0.00011511068426649446,-0.00011511068426649446
92.96875,0.0007973884019951797,0.0007973857546345597,-0.00011511068448451327,-0.00011511068448451327
93.0078125,0.000797388403495925,0.0007973857561353,-0.0001151106847011603,-0.0001151106847011603
93.046875,0.0007973884049872276,0.0007973857576265976,-0.00011511068491644417,-0.00011511068491644417
93.0859375,0.0007973884064691468,0.0007973857591085119,-0.00011511068513037346,-0.00011511068513037346
93.125,0.0007973884079417416,0.0007973857605811019,-0.00011511068534295669,-0.00011511068534295669
93.1640625,0.0007973884094050708,0.0007973857620444262,-0.00011511068555420233,-0.00011511068555420233
93.203125,0.0007973884108591927,0.0007973857634985432,-0.0001151106857641188,-0.0001151106857641188
93.2421875,0.0007973884123041651,0.0007973857649435108,-0.00011511068597271446,-0.00011511068597271446
93.28125,0.0007973884137400457,0.0007973857663793867,-0.00011511068617999764,-0.00011511068617999764
93.3203125,0.0007973884151668916,0.0007973857678062278,-0.00011511068638597657,-0.00011511068638597657
93.359375,0.0007973884165847597,0.0007973857692240912,-0.00011511068659065946,-0.00011511068659065946
93.3984375,0.0007973884179937065,0.0007973857706330334,-0.00011511068679405448,-0.00011511068679405448
93.4375,0.000797388419393788,0.0007973857720331102,-0.00011511068699616972,-0.00011511068699616972
93.4765625,0.0007973884207850602,0.0007973857734243779,-0.00011511068719701324,-0.00011511068719701324
93.515625,0.0007973884221675785,0.0007973857748068915,-0.00011511068739659304,-0.00011511068739659304
93.5546875,0.0007973884235413978,0.0007973857761807061,-0.00011511068759491708,-0.00011511068759491708
93.59375,0.0007973884249065729,0.0007973857775458769,-0.00011511068779199324,-0.00011511068779199324
93.6328125,0.0007973884262631583,0.0007973857789024577,-0.00011511068798782939,-0.00011511068798782939
93.671875,0.0007973884276112081,0.0007973857802505029,-0.00011511068818243332,-0.00011511068818243332
93.7109375,0.0007973884289507757,0.0007973857815900662,-0.00011511068837581279,-0.00011511068837581279
93.75,0.0007973884302819147,0.0007973857829212008,-0.0001151106885679755,-0.0001151106885679755
93.7890625,0.0007973884316046781,0.0007973857842439598,-0.00011511068875892912,-0.00011511068875892912
93.828125,0.0007973884329191186,0.0007973857855583958,-0.00011511068894868125,-0.00011511068894868125
93.8671875,0.0007973884342252885,0.0007973857868645615,-0.00011511068913723945,-0.00011511068913723945
93.90625,0.00079738843552324,0.0007973857881625086,-0.00011511068932461121,-0.00011511068932461121
93.9453125,0.0007973884368130247,0.000797385789452289,-0.00011511068951080403,-0.00011511068951080403
93.984375,0.0007973884380946939,0.000797385790733954,-0.00011511068969582531,-0.00011511068969582531
94.0234375,0.0007973884393682988,0.0007973857920075545,-0.00011511068987968242,-0.00011511068987968242
94.0625,0.0007973884406338901,0.0007973857932731417,-0.0001151106900623827,-0.0001151106900623827
94.1015625,0.0007973884418915182,0.0007973857945307656,-0.00011511069024393341,-0.00011511069024393341
94.140625,0.0007973884431412332,0.0007973857957804764,-0.00011511069042434179,-0.00011511069042434179
94.1796875,0.000797388444383085,0.0007973857970223241,-0.00011511069060361503,-0.00011511069060361503
94.21875,0.000797388445617123,0.0007973857982563579,-0.00011511069078176027,-0.00011511069078176027
94.2578125,0.0007973884468433963,0.000797385799482627,-0.00011511069095878461,-0.00011511069095878461
94.296875,0.0007973884480619538,0.0007973858007011806,-0.0001151106911346951,-0.0001151106911346951
94.3359375,0.000797388449272844,0.0007973858019120667,-0.00011511069130949876,-0.00011511069130949876
94.375,0.0007973884504761152,0.000797385803115334,-0.00011511069148320253,-0.00011511069148320253
94.4140625,0.0007973884516718154,0.0007973858043110301,-0.00011511069165581334,-0.00011511069165581334
94.453125,0.0007973884528599921,0.0007973858054992029,-0.00011511069182733808,-0.00011511069182733808
94.4921875,0.0007973884540406929,0.0007973858066798996,-0.00011511069199778358,-0.00011511069199778358
94.53125,0.0007973884552139645,0.0007973858078531675,-0.00011511069216715663,-0.00011511069216715663
94.5703125,0.0007973884563798538,0.0007973858090190529,-0.00011511069233546396,-0.00011511069233546396
94.609375,0.0007973884575384073,0.0007973858101776025,-0.00011511069250271229,-0.00011511069250271229
94.6484375,0.0007973884586896711,0.0007973858113288624,-0.0001151106926689083,-0.0001151106926689083
94.6875,0.0007973884598336911,0.0007973858124728786,-0.00011511069283405858,-0.00011511069283405858
94.7265625,0.0007973884609705128,0.0007973858136096965,-0.00011511069299816973,-0.00011511069299816973
94.765625,0.0007973884621001816,0.0007973858147393615,-0.00011511069316124828,-0.00011511069316124828
94.8046875,0.0007973884632227424,0.0007973858158619187,-0.00011511069332330072,-0.00011511069332330072
94.84375,0.00079738846433824,0.0007973858169774124,-0.00011511069348433352,-0.00011511069348433352
94.8828125,0.0007973884654467187,0.0007973858180858876,-0.0001151106936443531,-0.0001151106936443531
94.921875,0.0007973884665482229,0.0007973858191873881,-0.00011511069380336582,-0.00011511069380336582
94.9609375,0.0007973884676427963,0.0007973858202819579,-0.00011511069396137801,-0.00011511069396137801
95.0,0.0007973884687304826,0.0007973858213696407,-0.000115110694118396,-0.000115110694118396
95.0390625,0.0007973884698113252,0.0007973858224504796,-0.00011511069427442601,-0.00011511069427442601
95.078125,0.0007973884708853669,0.0007973858235245177,-0.00011511069442947427,-0.00011511069442947427
95.1171875,0.0007973884719526508,0.000797385824591798,-0.00011511069458354696,-0.00011511069458354696
95.15625,0.0007973884730132192,0.000797385825652363,-0.00011511069473665021,-0.00011511069473665021
95.1953125,0.0007973884740671145,0.0007973858267062547,-0.00011511069488879013,-0.00011511069488879013
95.234375,0.0007973884751143785,0.0007973858277535153,-0.00011511069503997277,-0.00011511069503997277
95.2734375,0.0007973884761550531,0.0007973858287941864,-0.00011511069519020416,-0.00011511069519020416
95.3125,0.0007973884771891798,0.0007973858298283096,-0.00011511069533949029,-0.00011511069533949029
95.3515625,0.0007973884782167996,0.0007973858308559261,-0.0001151106954878371,-0.0001151106954878371
95.390625,0.0007973884792379536,0.0007973858318770767,-0.0001151106956352505,-0.0001151106956352505
95.4296875,0.0007973884802526824,0.0007973858328918022,-0.00011511069578173636,-0.00011511069578173636
95.46875,0.0007973884812610265,0.0007973858339001429,-0.00011511069592730053,-0.00011511069592730053
95.5078125,0.000797388482263026,0.0007973858349021392,-0.00011511069607194879,-0.00011511069607194879
95.546875,0.0007973884832587208,0.0007973858358978307,-0.00011511069621568692,-0.00011511069621568692
95.5859375,0.0007973884842481507,0.0007973858368872574,-0.00011511069635852065,-0.00011511069635852065
95.625,0.000797388485231355,0.0007973858378704584,-0.00011511069650045565,-0.00011511069650045565
95.6640625,0.0007973884862083729,0.0007973858388474731,-0.00011511069664149758,-0.00011511069664149758
95.703125,0.0007973884871792435,0.0007973858398183404,-0.00011511069678165208,-0.00011511069678165208
95.7421875,0.0007973884881440051,0.0007973858407830989,-0.00011511069692092471,-0.00011511069692092471
95.78125,0.0007973884891026965,0.0007973858417417871,-0.00011511069705932103,-0.00011511069705932103
95.8203125,0.0007973884900553557,0.0007973858426944432,-0.00011511069719684655,-0.00011511069719684655
95.859375,0.0007973884910020207,0.0007973858436411051,-0.00011511069733350675,-0.00011511069733350675
95.8984375,0.0007973884919427293,0.0007973858445818105,-0.00011511069746930708,-0.00011511069746930708
95.9375,0.0007973884928775189,0.0007973858455165969,-0.00011511069760425294,-0.00011511069760425294
95.9765625,0.0007973884938064266,0.0007973858464455015,-0.00011511069773834972,-0.00011511069773834972
96.015625,0.0007973884947294897,0.0007973858473685616,-0.00011511069787160275,-0.00011511069787160275
96.0546875,0.0007973884956467448,0.0007973858482858136,-0.00011511069800401734,-0.00011511069800401734
96.09375,0.0007973884965582285,0.0007973858491972943,-0.00011511069813559877,-0.00011511069813559877
96.1328125,0.000797388497463977,0.0007973858501030398,-0.00011511069826635228,-0.00011511069826635228
96.171875,0.0007973884983640265,0.0007973858510030863,-0.00011511069839628308,-0.00011511069839628308
96.2109375,0.0007973884992584128,0.0007973858518974697,-0.00011511069852539635,-0.00011511069852539635
96.25,0.0007973885001471716,0.0007973858527862256,-0.00011511069865369723,-0.00011511069865369723
96.2890625,0.0007973885010303383,0.0007973858536693893,-0.00011511069878119083,-0.00011511069878119083
96.328125,0.000797388501907948,0.0007973858545469961,-0.00011511069890788224,-0.00011511069890788224
96.3671875,0.0007973885027800358,0.000797385855419081,-0.00011511069903377649,-0.00011511069903377649
96.40625,0.0007973885036466363,0.0007973858562856786,-0.00011511069915887862,-0.00011511069915887862
96.4453125,0.0007973885045077842,0.0007973858571468235,-0.00011511069928319358,-0.00011511069928319358
96.484375,0.0007973885053635136,0.0007973858580025501,-0.00011511069940672636,-0.00011511069940672636
96.5234375,0.0007973885062138587,0.0007973858588528925,-0.00011511069952948185,-0.00011511069952948185
96.5625,0.0007973885070588533,0.0007973858596978843,-0.00011511069965146497,-0.00011511069965146497
96.6015625,0.0007973885078985313,0.0007973858605375595,-0.00011511069977268054,-0.00011511069977268054
96.640625,0.0007973885087329259,0.0007973858613719513,-0.00011511069989313343,-0.00011511069989313343
96.6796875,0.0007973885095620705,0.0007973858622010931,-0.00011511070001282842,-0.00011511070001282842
96.71875,0.000797388510385998,0.0007973858630250178,-0.00011511070013177028,-0.00011511070013177028
96.7578125,0.0007973885112047413,0.0007973858638437585,-0.00011511070024996376,-0.00011511070024996376
96.796875,0.000797388512018333,0.0007973858646573475,-0.00011511070036741355,-0.00011511070036741355
96.8359375,0.0007973885128268055,0.0007973858654658173,-0.00011511070048412433,-0.00011511070048412433
96.875,0.0007973885136301911,0.0007973858662692003,-0.00011511070060010078,-0.00011511070060010078
96.9140625,0.0007973885144285218,0.0007973858670675283,-0.00011511070071534748,-0.00011511070071534748
96.953125,0.0007973885152218293,0.0007973858678608332,-0.00011511070082986905,-0.00011511070082986905
96.9921875,0.0007973885160101452,0.0007973858686491465,-0.00011511070094367002,-0.00011511070094367002
97.03125,0.000797388516793501,0.0007973858694324997,-0.00011511070105675498,-0.00011511070105675498
97.0703125,0.0007973885175719279,0.000797385870210924,-0.00011511070116912839,-0.00011511070116912839
97.109375,0.000797388518345457,0.0007973858709844504,-0.00011511070128079473,-0.00011511070128079473
97.1484375,0.0007973885191141189,0.0007973858717531098,-0.00011511070139175846,-0.00011511070139175846
97.1875,0.0007973885198779443,0.0007973858725169326,-0.000115110701502024,-0.000115110701502024
97.2265625,0.0007973885206369637,0.0007973858732759496,-0.00011511070161159575,-0.00011511070161159575
97.265625,0.0007973885213912072,0.0007973858740301905,-0.00011511070172047807,-0.00011511070172047807
97.3046875,0.000797388522140705,0.0007973858747796858,-0.0001151107018286753,-0.0001151107018286753
97.34375,0.000797388522885487,0.0007973858755244653,-0.00011511070193619172,-0.00011511070193619172
97.3828125,0.0007973885236255827,0.0007973858762645586,-0.00011511070204303166,-0.00011511070204303166
97.421875,0.0007973885243610216,0.0007973858769999953,-0.00011511070214919935,-0.00011511070214919935
97.4609375,0.0007973885250918332,0.0007973858777308043,-0.00011511070225469903,-0.00011511070225469903
97.5,0.0007973885258180464,0.0007973858784570152,-0.0001151107023595349,-0.0001151107023595349
97.5390625,0.0007973885265396903,0.0007973858791786566,-0.00011511070246371113,-0.00011511070246371113
97.578125,0.0007973885272567936,0.0007973858798957574,-0.00011511070256723188,-0.00011511070256723188
97.6171875,0.0007973885279693848,0.0007973858806083463,-0.00011511070267010126,-0.00011511070267010126
97.65625,0.0007973885286774923,0.0007973858813164514,-0.0001151107027723234,-0.0001151107027723234
97.6953125,0.0007973885293811444,0.0007973858820201011,-0.00011511070287390234,-0.00011511070287390234
97.734375,0.000797388530080369,0.0007973858827193235,-0.00011511070297484213,-0.00011511070297484213
97.7734375,0.0007973885307751941,0.0007973858834141462,-0.00011511070307514681,-0.00011511070307514681
97.8125,0.0007973885314656472,0.000797385884104597,-0.00011511070317482037,-0.00011511070317482037
97.8515625,0.000797388532151756,0.0007973858847907037,-0.00011511070327386677,-0.00011511070327386677
97.890625,0.0007973885328335478,0.000797385885472493,-0.00011511070337228996,-0.00011511070337228996
97.9296875,0.0007973885335110497,0.0007973858861499928,-0.00011511070347009388,-0.00011511070347009388
97.96875,0.0007973885341842887,0.0007973858868232294,-0.00011511070356728241,-0.00011511070356728241
98.0078125,0.0007973885348532917,0.0007973858874922302,-0.00011511070366385941,-0.00011511070366385941
98.046875,0.0007973885355180852,0.0007973858881570215,-0.00011511070375982875,-0.00011511070375982875
98.0859375,0.0007973885361786957,0.0007973858888176299,-0.00011511070385519424,-0.00011511070385519424
98.125,0.0007973885368351497,0.0007973858894740816,-0.00011511070394995969,-0.00011511070394995969
98.1640625,0.0007973885374874733,0.0007973858901264031,-0.00011511070404412886,-0.00011511070404412886
98.203125,0.0007973885381356924,0.0007973858907746199,-0.00011511070413770553,-0.00011511070413770553
98.2421875,0.0007973885387798328,0.0007973858914187583,-0.00011511070423069339,-0.00011511070423069339
98.28125,0.0007973885394199203,0.0007973858920588436,-0.00011511070432309617,-0.00011511070432309617
98.3203125,0.0007973885400559803,0.0007973858926949016,-0.00011511070441491755,-0.00011511070441491755
98.359375,0.0007973885406880382,0.0007973858933269573,-0.00011511070450616119,-0.00011511070450616119
98.3984375,0.0007973885413161191,0.0007973858939550361,-0.0001151107045968307,-0.0001151107045968307
98.4375,0.0007973885419402481,0.000797385894579163,-0.00011511070468692973,-0.00011511070468692973
98.4765625,0.00079738854256045,0.0007973858951993628,-0.00011511070477646184,-0.00011511070477646184
98.515625,0.0007973885431767496,0.0007973858958156604,-0.0001151107048654306,-0.0001151107048654306
98.5546875,0.0007973885437891714,0.0007973858964280802,-0.00011511070495383958,-0.00011511070495383958
98.59375,0.0007973885443977398,0.0007973858970366465,-0.00011511070504169228,-0.00011511070504169228
98.6328125,0.000797388545002479,0.0007973858976413838,-0.00011511070512899221,-0.00011511070512899221
98.671875,0.0007973885456034131,0.000797385898242316,-0.00011511070521574283,-0.00011511070521574283
98.7109375,0.0007973885462005662,0.000797385898839467,-0.00011511070530194762,-0.00011511070530194762
98.75,0.000797388546793962,0.0007973858994328608,-0.00011511070538761,-0.00011511070538761
98.7890625,0.000797388547383624,0.000797385900022521,-0.00011511070547273339,-0.00011511070547273339
98.828125,0.0007973885479695759,0.0007973859006084709,-0.00011511070555732117,-0.00011511070555732117
98.8671875,0.0007973885485518409,0.0007973859011907339,-0.00011511070564137672,-0.00011511070564137672
98.90625,0.0007973885491304423,0.0007973859017693333,-0.0001151107057249034,-0.0001151107057249034
98.9453125,0.000797388549705403,0.0007973859023442922,-0.00011511070580790451,-0.00011511070580790451
98.984375,0.0007973885502767462,0.0007973859029156334,-0.00011511070589038339,-0.00011511070589038339
99.0234375,0.0007973885508444943,0.0007973859034833796,-0.00011511070597234329,-0.00011511070597234329
99.0625,0.0007973885514086701,0.0007973859040475536,-0.0001151107060537875,-0.0001151107060537875
99.1015625,0.0007973885519692961,0.0007973859046081778,-0.00011511070613471925,-0.00011511070613471925
99.140625,0.0007973885525263946,0.0007973859051652744,-0.00011511070621514179,-0.00011511070621514179
99.1796875,0.0007973885530799878,0.0007973859057188659,-0.00011511070629505829,-0.00011511070629505829
99.21875,0.0007973885536300978,0.000797385906268974,-0.00011511070637447195,-0.00011511070637447195
99.2578125,0.0007973885541767465,0.0007973859068156208,-0.00011511070645338594,-0.00011511070645338594
99.296875,0.0007973885547199556,0.000797385907358828,-0.0001151107065318034,-0.0001151107065318034
99.3359375,0.0007973885552597468,0.0007973859078986175,-0.00011511070660972745,-0.00011511070660972745
99.375,0.0007973885557961416,0.0007973859084350104,-0.0001151107066871612,-0.0001151107066871612
99.4140625,0.0007973885563291613,0.0007973859089680285,-0.00011511070676410772,-0.00011511070676410772
99.453125,0.0007973885568588273,0.0007973859094976926,-0.0001151107068405701,-0.0001151107068405701
99.4921875,0.0007973885573851606,0.0007973859100240241,-0.00011511070691655137,-0.00011511070691655137
99.53125,0.0007973885579081821,0.000797385910547044,-0.00011511070699205455,-0.00011511070699205455
99.5703125,0.0007973885584279127,0.0007973859110667729,-0.00011511070706708267,-0.00011511070706708267
99.609375,0.0007973885589443732,0.0007973859115832316,-0.0001151107071416387,-0.0001151107071416387
99.6484375,0.0007973885594575841,0.0007973859120964409,-0.00011511070721572563,-0.00011511070721572563
99.6875,0.0007973885599675658,0.0007973859126064208,-0.0001151107072893464,-0.0001151107072893464
99.7265625,0.0007973885604743387,0.000797385913113192,-0.00011511070736250394,-0.00011511070736250394
99.765625,0.000797388560977923,0.0007973859136167745,-0.00011511070743520116,-0.00011511070743520116
99.8046875,0.0007973885614783387,0.0007973859141171886,-0.00011511070750744098,-0.00011511070750744098
99.84375,0.0007973885619756057,0.0007973859146144539,-0.00011511070757922625,-0.00011511070757922625
99.8828125,0.0007973885624697439,0.0007973859151085905,-0.00011511070765055984,-0.00011511070765055984
99.921875,0.0007973885629607728,0.0007973859155996178,-0.0001151107077214446,-0.0001151107077214446
99.9609375,0.0007973885634487123,0.0007973859160875556,-0.00011511070779188336,-0.00011511070779188336
100.0,0.0007973885639335816,0.0007973859165724233,-0.0001151107078618789,-0.0001151107078618789
100.0390625,0.0007973885644154,0.0007973859170542402,-0.00011511070793143403,-0.00011511070793143403
100.078125,0.0007973885648941869,0.0007973859175330253,-0.00011511070800055151,-0.00011511070800055151
100.1171875,0.0007973885653699611,0.0007973859180087981,-0.0001151107080692341,-0.0001151107080692341
100.15625,0.0007973885658427418,0.0007973859184815772,-0.00011511070813748454,-0.00011511070813748454
100.1953125,0.0007973885663125477,0.0007973859189513815,-0.00011511070820530553,-0.00011511070820530553
100.234375,0.0007973885667793976,0.0007973859194182299,-0.0001151107082726998,-0.0001151107082726998
100.2734375,0.00079738856724331,0.0007973859198821407,-0.00011511070833967001,-0.00011511070833967001
100.3125,0.0007973885677043035,0.0007973859203431326,-0.00011511070840621885,-0.00011511070840621885
100.3515625,0.0007973885681623964,0.0007973859208012237,-0.00011511070847234896,-0.00011511070847234896
100.390625,0.0007973885686176069,0.0007973859212564329,-0.00011511070853806297,-0.00011511070853806297
100.4296875,0.0007973885690699532,0.0007973859217087776,-0.0001151107086033635,-0.0001151107086033635
100.46875,0.0007973885695194532,0.0007973859221582761,-0.00011511070866825316,-0.00011511070866825316
100.5078125,0.000797388569966125,0.0007973859226049465,-0.00011511070873273453,-0.00011511070873273453
100.546875,0.0007973885704099863,0.0007973859230488063,-0.00011511070879681017,-0.00011511070879681017
100.5859375,0.0007973885708510548,0.0007973859234898733,-0.00011511070886048266,-0.00011511070886048266
100.625,0.0007973885712893481,0.0007973859239281652,-0.0001151107089237545,-0.0001151107089237545
100.6640625,0.0007973885717248836,0.0007973859243636993,-0.00011511070898662824,-0.00011511070898662824
100.703125,0.0007973885721576787,0.0007973859247964928,-0.00011511070904910638,-0.00011511070904910638
100.7421875,0.0007973885725877505,0.0007973859252265634,-0.00011511070911119138,-0.00011511070911119138
100.78125,0.0007973885730151164,0.0007973859256539278,-0.00011511070917288575,-0.00011511070917288575
100.8203125,0.0007973885734397933,0.0007973859260786032,-0.00011511070923419195,-0.00011511070923419195
100.859375,0.000797388573861798,0.0007973859265006066,-0.00011511070929511239,-0.00011511070929511239
100.8984375,0.0007973885742811475,0.0007973859269199547,-0.00011511070935564952,-0.00011511070935564952
100.9375,0.0007973885746978584,0.0007973859273366641,-0.00011511070941580575,-0.00011511070941580575
100.9765625,0.0007973885751119473,0.0007973859277507517,-0.00011511070947558347,-0.00011511070947558347
101.015625,0.0007973885755234308,0.0007973859281622339,-0.00011511070953498506,-0.00011511070953498506
101.0546875,0.0007973885759323252,0.0007973859285711268,-0.0001151107095940129,-0.0001151107095940129
101.09375,0.0007973885763386467,0.000797385928977447,-0.00011511070965266933,-0.00011511070965266933
101.1328125,0.0007973885767424118,0.0007973859293812107,-0.00011511070971095668,-0.00011511070971095668
101.171875,0.0007973885771436363,0.0007973859297824338,-0.0001151107097688773,-0.0001151107097688773
101.2109375,0.0007973885775423362,0.0007973859301811325,-0.00011511070982643346,-0.00011511070982643346
101.25,0.0007973885779385276,0.0007973859305773224,-0.00011511070988362748,-0.00011511070988362748
101.2890625,0.000797388578332226,0.0007973859309710195,-0.00011511070994046164,-0.00011511070994046164
101.328125,0.0007973885787234472,0.0007973859313622396,-0.0001151107099969382,-0.0001151107099969382
101.3671875,0.0007973885791122069,0.0007973859317509978,-0.00011511071005305939,-0.00011511071005305939
101.40625,0.0007973885794985205,0.0007973859321373101,-0.00011511071010882747,-0.00011511071010882747
101.4453125,0.0007973885798824033,0.0007973859325211918,-0.00011511071016424464,-0.00011511071016424464
101.484375,0.0007973885802638707,0.000797385932902658,-0.00011511071021931314,-0.00011511071021931314
101.5234375,0.0007973885806429379,0.0007973859332817239,-0.00011511071027403514,-0.00011511071027403514
101.5625,0.00079738858101962,0.0007973859336584047,-0.00011511071032841283,-0.00011511071032841283
101.6015625,0.000797388581393932,0.0007973859340327156,-0.00011511071038244836,-0.00011511071038244836
101.640625,0.0007973885817658888,0.0007973859344046711,-0.0001151107104361439,-0.0001151107104361439
101.6796875,0.0007973885821355053,0.0007973859347742863,-0.00011511071048950158,-0.00011511071048950158
101.71875,0.000797388582502796,0.0007973859351415758,-0.00011511071054252354,-0.00011511071054252354
101.7578125,0.0007973885828677757,0.0007973859355065544,-0.00011511071059521188,-0.00011511071059521188
101.796875,0.000797388583230459,0.0007973859358692364,-0.0001151107106475687,-0.0001151107106475687
101.8359375,0.0007973885835908603,0.0007973859362296364,-0.00011511071069959608,-0.00011511071069959608
101.875,0.0007973885839489939,0.0007973859365877689,-0.00011511071075129612,-0.00011511071075129612
101.9140625,0.000797388584304874,0.0007973859369436478,-0.00011511071080267085,-0.00011511071080267085
101.953125,0.000797388584658515,0.0007973859372972877,-0.00011511071085372232,-0.00011511071085372232
101.9921875,0.0007973885850099308,0.0007973859376487023,-0.00011511071090445258,-0.00011511071090445258
102.03125,0.0007973885853591355,0.0007973859379979059,-0.00011511071095486363,-0.00011511071095486363
102.0703125,0.000797388585706143,0.0007973859383449121,-0.00011511071100495749,-0.00011511071100495749
102.109375,0.0007973885860509671,0.0007973859386897352,-0.00011511071105473617,-0.00011511071105473617
102.1484375,0.0007973885863936215,0.0007973859390323884,-0.00011511071110420163,-0.00011511071110420163
102.1875,0.00079738858673412,0.0007973859393728857,-0.00011511071115335585,-0.00011511071115335585
102.2265625,0.0007973885870724759,0.0007973859397112405,-0.0001151107112022008,-0.0001151107112022008
102.265625,0.000797388587408703,0.0007973859400474665,-0.0001151107112507384,-0.0001151107112507384
102.3046875,0.0007973885877428144,0.0007973859403815769,-0.00011511071129897061,-0.00011511071129897061
102.34375,0.0007973885880748236,0.0007973859407135851,-0.00011511071134689933,-0.00011511071134689933
102.3828125,0.0007973885884047439,0.0007973859410435041,-0.00011511071139452649,-0.00011511071139452649
102.421875,0.0007973885887325882,0.0007973859413713474,-0.00011511071144185397,-0.00011511071144185397
102.4609375,0.0007973885890583697,0.0007973859416971278,-0.00011511071148888365,-0.00011511071148888365
102.5,0.0007973885893821014,0.0007973859420208583,-0.00011511071153561744,-0.00011511071153561744
102.5390625,0.0007973885897037961,0.0007973859423425519,-0.00011511071158205717,-0.00011511071158205717
102.578125,0.0007973885900234667,0.0007973859426622215,-0.00011511071162820469,-0.00011511071162820469
102.6171875,0.0007973885903411259,0.0007973859429798797,-0.00011511071167406185,-0.00011511071167406185
102.65625,0.0007973885906567864,0.0007973859432955391,-0.00011511071171963047,-0.00011511071171963047
102.6953125,0.0007973885909704607,0.0007973859436092124,-0.00011511071176491238,-0.00011511071176491238
102.734375,0.0007973885912821614,0.000797385943920912,-0.00011511071180990937,-0.00011511071180990937
102.7734375,0.0007973885915919008,0.0007973859442306504,-0.00011511071185462324,-0.00011511071185462324
102.8125,0.0007973885918996913,0.0007973859445384399,-0.00011511071189905575,-0.00011511071189905575
102.8515625,0.0007973885922055451,0.0007973859448442927,-0.0001151107119432087,-0.0001151107119432087
102.890625,0.0007973885925094745,0.0007973859451482213,-0.00011511071198708385,-0.00011511071198708385
102.9296875,0.0007973885928114916,0.0007973859454502374,-0.00011511071203068291,-0.00011511071203068291
102.96875,0.0007973885931116084,0.000797385945750353,-0.00011511071207400766,-0.00011511071207400766
103.0078125,0.0007973885934098369,0.0007973859460485805,-0.00011511071211705979,-0.00011511071211705979
103.046875,0.0007973885937061888,0.0007973859463449314,-0.00011511071215984105,-0.00011511071215984105
103.0859375,0.0007973885940006761,0.0007973859466394179,-0.00011511071220235312,-0.00011511071220235312
103.125,0.0007973885942933104,0.0007973859469320512,-0.0001151107122445977,-0.0001151107122445977
103.1640625,0.0007973885945841035,0.0007973859472228433,-0.00011511071228657648,-0.00011511071228657648
103.203125,0.0007973885948730669,0.0007973859475118057,-0.00011511071232829112,-0.00011511071232829112
103.2421875,0.0007973885951602121,0.00079738594779895,-0.0001151107123697433,-0.0001151107123697433
103.28125,0.0007973885954455506,0.0007973859480842875,-0.00011511071241093465,-0.00011511071241093465
103.3203125,0.0007973885957290938,0.0007973859483678296,-0.00011511071245186683,-0.00011511071245186683
103.359375,0.0007973885960108528,0.0007973859486495878,-0.00011511071249254145,-0.00011511071249254145
103.3984375,0.000797388596290839,0.000797385948929573,-0.00011511071253296015,-0.00011511071253296015
103.4375,0.0007973885965690635,0.0007973859492077965,-0.00011511071257312453,-0.00011511071257312453
103.4765625,0.0007973885968455374,0.0007973859494842695,-0.0001151107126130362,-0.0001151107126130362
103.515625,0.0007973885971202717,0.000797385949759003,-0.00011511071265269673,-0.00011511071265269673
103.5546875,0.0007973885973932774,0.0007973859500320077,-0.00011511071269210772,-0.00011511071269210772
103.59375,0.0007973885976645653,0.0007973859503032947,-0.00011511071273127075,-0.00011511071273127075
103.6328125,0.0007973885979341462,0.0007973859505728747,-0.00011511071277018734,-0.00011511071277018734
103.671875,0.0007973885982020309,0.0007973859508407585,-0.00011511071280885907,-0.00011511071280885907
103.7109375,0.0007973885984682301,0.0007973859511069568,-0.00011511071284728748,-0.00011511071284728748
103.75,0.0007973885987327542,0.00079738595137148,-0.0001151107128854741,-0.0001151107128854741
103.7890625,0.0007973885989956141,0.000797385951634339,-0.00011511071292342044,-0.00011511071292342044
103.828125,0.00079738859925682,0.000797385951895544,-0.00011511071296112802,-0.00011511071296112802
103.8671875,0.0007973885995163823,0.0007973859521551055,-0.00011511071299859834,-0.00011511071299859834
103.90625,0.0007973885997743115,0.0007973859524130338,-0.00011511071303583289,-0.00011511071303583289
103.9453125,0.0007973886000306178,0.0007973859526693393,-0.00011511071307283318,-0.00011511071307283318
103.984375,0.0007973886002853114,0.000797385952924032,-0.00011511071310960064,-0.00011511071310960064
104.0234375,0.0007973886005384024,0.0007973859531771223,-0.00011511071314613676,-0.00011511071314613676
104.0625,0.000797388600789901,0.0007973859534286199,-0.000115110713182443,-0.000115110713182443
104.1015625,0.0007973886010398171,0.0007973859536785352,-0.00011511071321852078,-0.00011511071321852078
104.140625,0.0007973886012881608,0.0007973859539268781,-0.00011511071325437158,-0.00011511071325437158
104.1796875,0.0007973886015349418,0.0007973859541736582,-0.0001151107132899968,-0.0001151107132899968
104.21875,0.0007973886017801701,0.0007973859544188857,-0.00011511071332539786,-0.00011511071332539786
104.2578125,0.0007973886020238554,0.0007973859546625701,-0.00011511071336057616,-0.00011511071336057616
104.296875,0.0007973886022660074,0.0007973859549047213,-0.00011511071339553313,-0.00011511071339553313
104.3359375,0.0007973886025066357,0.0007973859551453488,-0.00011511071343027014,-0.00011511071343027014
104.375,0.00079738860274575,0.0007973859553844623,-0.00011511071346478859,-0.00011511071346478859
104.4140625,0.0007973886029833598,0.0007973859556220713,-0.00011511071349908985,-0.00011511071349908985
104.453125,0.0007973886032194745,0.0007973859558581853,-0.00011511071353317528,-0.00011511071353317528
104.4921875,0.0007973886034541035,0.0007973859560928136,-0.00011511071356704624,-0.00011511071356704624
104.53125,0.0007973886036872563,0.0007973859563259656,-0.0001151107136007041,-0.0001151107136007041
104.5703125,0.0007973886039189421,0.0007973859565576505,-0.00011511071363415016,-0.00011511071363415016
104.609375,0.00079738860414917,0.0007973859567878777,-0.00011511071366738578,-0.00011511071366738578
104.6484375,0.0007973886043779494,0.0007973859570166564,-0.00011511071370041229,-0.00011511071370041229
104.6875,0.0007973886046052892,0.0007973859572439955,-0.00011511071373323098,-0.00011511071373323098
104.7265625,0.0007973886048311987,0.0007973859574699042,-0.00011511071376584318,-0.00011511071376584318
104.765625,0.0007973886050556867,0.0007973859576943914,-0.00011511071379825019,-0.00011511071379825019
104.8046875,0.0007973886052787621,0.0007973859579174662,-0.00011511071383045328,-0.00011511071383045328
104.84375,0.000797388605500434,0.0007973859581391374,-0.00011511071386245376,-0.00011511071386245376
104.8828125,0.0007973886057207111,0.0007973859583594138,-0.00011511071389425288,-0.00011511071389425288
104.921875,0.0007973886059396022,0.0007973859585783043,-0.00011511071392585192,-0.00011511071392585192
104.9609375,0.000797388606157116,0.0007973859587958173,-0.00011511071395725214,-0.00011511071395725214
105.0,0.0007973886063732613,0.0007973859590119619,-0.00011511071398845477,-0.00011511071398845477
105.0390625,0.0007973886065880465,0.0007973859592267463,-0.0001151107140194611,-0.0001151107140194611
105.078125,0.0007973886068014803,0.0007973859594401795,-0.00011511071405027232,-0.00011511071405027232
105.1171875,0.0007973886070135711,0.0007973859596522696,-0.00011511071408088968,-0.00011511071408088968
105.15625,0.0007973886072243275,0.0007973859598630253,-0.00011511071411131438,-0.00011511071411131438
105.1953125,0.0007973886074337577,0.0007973859600724549,-0.00011511071414154766,-0.00011511071414154766
105.234375,0.0007973886076418702,0.0007973859602805667,-0.0001151107141715907,-0.0001151107141715907
105.2734375,0.0007973886078486733,0.0007973859604873691,-0.00011511071420144472,-0.00011511071420144472
105.3125,0.0007973886080541752,0.0007973859606928703,-0.00011511071423111089,-0.00011511071423111089
105.3515625,0.000797388608258384,0.0007973859608970784,-0.00011511071426059038,-0.00011511071426059038
105.390625,0.0007973886084613079,0.0007973859611000017,-0.0001151107142898844,-0.0001151107142898844
105.4296875,0.000797388608662955,0.0007973859613016482,-0.0001151107143189941,-0.0001151107143189941
105.46875,0.0007973886088633333,0.0007973859615020258,-0.00011511071434792065,-0.00011511071434792065
105.5078125,0.0007973886090624509,0.0007973859617011427,-0.00011511071437666518,-0.00011511071437666518
105.546875,0.0007973886092603156,0.0007973859618990068,-0.00011511071440522885,-0.00011511071440522885
105.5859375,0.0007973886094569353,0.0007973859620956258,-0.0001151107144336128,-0.0001151107144336128
105.625,0.0007973886096523179,0.0007973859622910077,-0.00011511071446181815,-0.00011511071446181815
105.6640625,0.0007973886098464711,0.0007973859624851602,-0.00011511071448984603,-0.00011511071448984603
105.703125,0.0007973886100394027,0.0007973859626780912,-0.00011511071451769756,-0.00011511071451769756
105.7421875,0.0007973886102311203,0.0007973859628698083,-0.00011511071454537385,-0.00011511071454537385
105.78125,0.0007973886104216316,0.0007973859630603188,-0.000115110714572876,-0.000115110714572876
105.8203125,0.0007973886106109443,0.000797385963249631,-0.00011511071460020509,-0.00011511071460020509
105.859375,0.0007973886107990657,0.0007973859634377517,-0.00011511071462736224,-0.00011511071462736224
105.8984375,0.0007973886109860035,0.0007973859636246889,-0.0001151107146543485,-0.0001151107146543485
105.9375,0.0007973886111717651,0.0007973859638104499,-0.00011511071468116497,-0.00011511071468116497
105.9765625,0.0007973886113563579,0.0007973859639950421,-0.00011511071470781271,-0.00011511071470781271
106.015625,0.0007973886115397892,0.0007973859641784727,-0.00011511071473429277,-0.00011511071473429277
106.0546875,0.0007973886117220663,0.0007973859643607493,-0.00011511071476060624,-0.00011511071476060624
106.09375,0.0007973886119031965,0.0007973859645418787,-0.00011511071478675412,-0.00011511071478675412
106.1328125,0.0007973886120831871,0.0007973859647218688,-0.00011511071481273748,-0.00011511071481273748
106.171875,0.0007973886122620451,0.0007973859649007262,-0.00011511071483855737,-0.00011511071483855737
106.2109375,0.0007973886124397777,0.0007973859650784582,-0.00011511071486421478,-0.00011511071486421478
106.25,0.0007973886126163921,0.0007973859652550719,-0.00011511071488971076,-0.00011511071488971076
106.2890625,0.0007973886127918951,0.0007973859654305744,-0.00011511071491504631,-0.00011511071491504631
106.328125,0.0007973886129662939,0.0007973859656049727,-0.00011511071494022245,-0.00011511071494022245
106.3671875,0.0007973886131395954,0.0007973859657782735,-0.00011511071496524018,-0.00011511071496524018
106.40625,0.0007973886133118064,0.0007973859659504839,-0.0001151107149901005,-0.0001151107149901005
106.4453125,0.0007973886134829338,0.0007973859661216109,-0.00011511071501480439,-0.00011511071501480439
106.484375,0.0007973886136529845,0.000797385966291661,-0.00011511071503935286,-0.00011511071503935286
106.5234375,0.0007973886138219653,0.0007973859664606413,-0.00011511071506374685,-0.00011511071506374685
106.5625,0.0007973886139898828,0.0007973859666285582,-0.00011511071508798736,-0.00011511071508798736
106.6015625,0.0007973886141567438,0.0007973859667954186,-0.00011511071511207535,-0.00011511071511207535
106.640625,0.0007973886143225549,0.0007973859669612291,-0.00011511071513601177,-0.00011511071513601177
106.6796875,0.0007973886144873226,0.0007973859671259964,-0.00011511071515979758,-0.00011511071515979758
106.71875,0.0007973886146510536,0.0007973859672897268,-0.00011511071518343373,-0.00011511071518343373
106.7578125,0.0007973886148137544,0.0007973859674524272,-0.00011511071520692117,-0.00011511071520692117
106.796875,0.0007973886149754315,0.0007973859676141038,-0.0001151107152302608,-0.0001151107152302608
106.8359375,0.0007973886151360913,0.0007973859677747631,-0.00011511071525345359,-0.00011511071525345359
106.875,0.0007973886152957403,0.0007973859679344114,-0.00011511071527650046,-0.00011511071527650046
106.9140625,0.0007973886154543847,0.0007973859680930552,-0.00011511071529940231,-0.00011511071529940231
106.953125,0.000797388615612031,0.000797385968250701,-0.00011511071532216005,-0.00011511071532216005
106.9921875,0.0007973886157686853,0.0007973859684073549,-0.00011511071534477461,-0.00011511071534477461
107.03125,0.000797388615924354,0.0007973859685630228,-0.00011511071536724687,-0.00011511071536724687
107.0703125,0.0007973886160790431,0.0007973859687177116,-0.00011511071538957774,-0.00011511071538957774
107.109375,0.0007973886162327589,0.0007973859688714268,-0.0001151107154117681,-0.0001151107154117681
107.1484375,0.0007973886163855076,0.000797385969024175,-0.00011511071543381884,-0.00011511071543381884
107.1875,0.0007973886165372952,0.000797385969175962,-0.00011511071545573083,-0.00011511071545573083
107.2265625,0.0007973886166881277,0.000797385969326794,-0.00011511071547750495,-0.00011511071547750495
107.265625,0.0007973886168380111,0.0007973859694766771,-0.00011511071549914206,-0.00011511071549914206
107.3046875,0.0007973886169869514,0.0007973859696256167,-0.00011511071552064303,-0.00011511071552064303
107.34375,0.0007973886171349547,0.0007973859697736195,-0.00011511071554200873,-0.00011511071554200873
107.3828125,0.0007973886172820267,0.000797385969920691,-0.00011511071556323998,-0.00011511071556323998
107.421875,0.0007973886174281733,0.0007973859700668371,-0.00011511071558433765,-0.00011511071558433765
107.4609375,0.0007973886175734003,0.0007973859702120637,-0.00011511071560530255,-0.00011511071560530255
107.5,0.0007973886177177136,0.0007973859703563765,-0.00011511071562613557,-0.00011511071562613557
107.5390625,0.0007973886178611188,0.0007973859704997812,-0.00011511071564683749,-0.00011511071564683749
107.578125,0.0007973886180036217,0.0007973859706422836,-0.00011511071566740915,-0.00011511071566740915
107.6171875,0.0007973886181452279,0.0007973859707838894,-0.00011511071568785138,-0.00011511071568785138
107.65625,0.0007973886182859432,0.0007973859709246042,-0.00011511071570816498,-0.00011511071570816498
107.6953125,0.000797388618425773,0.0007973859710644336,-0.00011511071572835076,-0.00011511071572835076
107.734375,0.0007973886185647231,0.0007973859712033832,-0.00011511071574840954,-0.00011511071574840954
107.7734375,0.0007973886187027988,0.0007973859713414586,-0.00011511071576834211,-0.00011511071576834211
107.8125,0.0007973886188400058,0.000797385971478665,-0.00011511071578814925,-0.00011511071578814925
107.8515625,0.0007973886189763495,0.0007973859716150082,-0.00011511071580783178,-0.00011511071580783178
107.890625,0.0007973886191118353,0.0007973859717504936,-0.00011511071582739046,-0.00011511071582739046
107.9296875,0.0007973886192464686,0.0007973859718851266,-0.00011511071584682607,-0.00011511071584682607
107.96875,0.0007973886193802548,0.0007973859720189121,-0.0001151107158661394,-0.0001151107158661394
108.0078125,0.0007973886195131992,0.0007973859721518563,-0.0001151107158853312,-0.0001151107158853312
108.046875,0.0007973886196453071,0.0007973859722839637,-0.00011511071590440225,-0.00011511071590440225
108.0859375,0.0007973886197765838,0.0007973859724152399,-0.00011511071592335329,-0.00011511071592335329
108.125,0.0007973886199070345,0.0007973859725456901,-0.0001151107159421851,-0.0001151107159421851
108.1640625,0.0007973886200366643,0.0007973859726753196,-0.00011511071596089842,-0.00011511071596089842
108.203125,0.0007973886201654785,0.0007973859728041333,-0.000115110715979494,-0.000115110715979494
108.2421875,0.0007973886202934823,0.0007973859729321366,-0.00011511071599797255,-0.00011511071599797255
108.28125,0.0007973886204206805,0.0007973859730593346,-0.00011511071601633486,-0.00011511071601633486
108.3203125,0.0007973886205470786,0.0007973859731857322,-0.00011511071603458162,-0.00011511071603458162
108.359375,0.0007973886206726812,0.0007973859733113343,-0.00011511071605271357,-0.00011511071605271357
108.3984375,0.0007973886207974936,0.0007973859734361463,-0.00011511071607073144,-0.00011511071607073144
108.4375,0.0007973886209215207,0.000797385973560173,-0.00011511071608863594,-0.00011511071608863594
108.4765625,0.0007973886210447674,0.0007973859736834191,-0.00011511071610642778,-0.00011511071610642778
108.515625,0.0007973886211672385,0.0007973859738058899,-0.00011511071612410767,-0.00011511071612410767
108.5546875,0.0007973886212889391,0.0007973859739275901,-0.00011511071614167632,-0.00011511071614167632
108.59375,0.000797388621409874,0.0007973859740485245,-0.00011511071615913442,-0.00011511071615913442
108.6328125,0.0007973886215300479,0.000797385974168698,-0.00011511071617648267,-0.00011511071617648267
108.671875,0.0007973886216494656,0.0007973859742881154,-0.00011511071619372179,-0.00011511071619372179
108.7109375,0.000797388621768132,0.0007973859744067815,-0.00011511071621085241,-0.00011511071621085241
108.75,0.0007973886218860517,0.0007973859745247008,-0.00011511071622787527,-0.00011511071622787527
108.7890625,0.0007973886220032294,0.0007973859746418781,-0.000115110716244791,-0.000115110716244791
108.828125,0.0007973886221196699,0.0007973859747583182,-0.0001151107162616003,-0.0001151107162616003
108.8671875,0.0007973886222353777,0.0007973859748740256,-0.00011511071627830384,-0.00011511071627830384
108.90625,0.0007973886223503574,0.0007973859749890051,-0.00011511071629490227,-0.00011511071629490227
108.9453125,0.0007973886224646138,0.0007973859751032609,-0.00011511071631139627,-0.00011511071631139627
108.984375,0.0007973886225781513,0.000797385975216798,-0.00011511071632778649,-0.00011511071632778649
109.0234375,0.0007973886226909743,0.0007973859753296207,-0.00011511071634407358,-0.00011511071634407358
109.0625,0.0007973886228030874,0.0007973859754417334,-0.00011511071636025818,-0.00011511071636025818
109.1015625,0.0007973886229144952,0.0007973859755531407,-0.00011511071637634097,-0.00011511071637634097
109.140625,0.0007973886230252019,0.0007973859756638472,-0.00011511071639232254,-0.00011511071639232254
109.1796875,0.000797388623135212,0.000797385975773857,-0.00011511071640820357,-0.00011511071640820357
109.21875,0.00079738862324453,0.0007973859758831746,-0.00011511071642398467,-0.00011511071642398467
109.2578125,0.0007973886233531601,0.0007973859759918043,-0.00011511071643966648,-0.00011511071643966648
109.296875,0.0007973886234611067,0.0007973859760997506,-0.00011511071645524961,-0.00011511071645524961
109.3359375,0.0007973886235683741,0.0007973859762070176,-0.00011511071647073468,-0.00011511071647073468
109.375,0.0007973886236749666,0.0007973859763136098,-0.00011511071648612233,-0.00011511071648612233
109.4140625,0.0007973886237808884,0.0007973859764195311,-0.00011511071650141316,-0.00011511071650141316
109.453125,0.0007973886238861437,0.0007973859765247862,-0.00011511071651660778,-0.00011511071651660778
109.4921875,0.0007973886239907368,0.0007973859766293788,-0.0001151107165317068,-0.0001151107165317068
109.53125,0.0007973886240946718,0.0007973859767333134,-0.0001151107165467108,-0.0001151107165467108
109.5703125,0.0007973886241979528,0.0007973859768365942,-0.00011511071656162041,-0.00011511071656162041
109.609375,0.0007973886243005839,0.0007973859769392249,-0.0001151107165764362,-0.0001151107165764362
109.6484375,0.0007973886244025693,0.0007973859770412098,-0.00011511071659115877,-0.00011511071659115877
109.6875,0.0007973886245039129,0.0007973859771425531,-0.00011511071660578871,-0.00011511071660578871
109.7265625,0.0007973886246046189,0.000797385977243259,-0.00011511071662032658,-0.00011511071662032658
109.765625,0.0007973886247046913,0.0007973859773433309,-0.000115110716634773,-0.000115110716634773
109.8046875,0.000797388624804134,0.0007973859774427734,-0.0001151107166491285,-0.0001151107166491285
109.84375,0.000797388624902951,0.0007973859775415901,-0.00011511071666339368,-0.00011511071666339368
109.8828125,0.0007973886250011462,0.000797385977639785,-0.00011511071667756911,-0.00011511071667756911
109.921875,0.0007973886250987237,0.000797385977737362,-0.00011511071669165535,-0.00011511071669165535
109.9609375,0.0007973886251956871,0.0007973859778343251,-0.00011511071670565294,-0.00011511071670565294
110.0,0.0007973886252920405,0.000797385977930678,-0.00011511071671956247,-0.00011511071671956247
110.0390625,0.0007973886253877876,0.0007973859780264249,-0.00011511071673338449,-0.00011511071673338449
110.078125,0.0007973886254829322,0.000797385978121569,-0.00011511071674711953,-0.00011511071674711953
110.1171875,0.0007973886255774782,0.0007973859782161148,-0.00011511071676076814,-0.00011511071676076814
110.15625,0.0007973886256714293,0.0007973859783100655,-0.00011511071677433089,-0.00011511071677433089
110.1953125,0.0007973886257647892,0.0007973859784034251,-0.00011511071678780828,-0.00011511071678780828
110.234375,0.0007973886258575616,0.0007973859784961973,-0.00011511071680120089,-0.00011511071680120089
110.2734375,0.0007973886259497504,0.0007973859785883857,-0.00011511071681450923,-0.00011511071681450923
110.3125,0.0007973886260413591,0.0007973859786799943,-0.00011511071682773382,-0.00011511071682773382
110.3515625,0.0007973886261323914,0.0007973859787710262,-0.00011511071684087521,-0.00011511071684087521
110.390625,0.0007973886262228509,0.0007973859788614854,-0.00011511071685393391,-0.00011511071685393391
110.4296875,0.0007973886263127413,0.0007973859789513754,-0.00011511071686691045,-0.00011511071686691045
110.46875,0.000797388626402066,0.0007973859790406998,-0.00011511071687980533,-0.00011511071687980533
110.5078125,0.0007973886264908286,0.0007973859791294623,-0.00011511071689261908,-0.00011511071689261908
110.546875,0.0007973886265790328,0.0007973859792176662,-0.00011511071690535221,-0.00011511071690535221
110.5859375,0.000797388626666682,0.0007973859793053151,-0.00011511071691800521,-0.00011511071691800521
110.625,0.0007973886267537797,0.0007973859793924126,-0.00011511071693057861,-0.00011511071693057861
110.6640625,0.0007973886268403294,0.0007973859794789621,-0.00011511071694307289,-0.00011511071694307289
110.703125,0.0007973886269263345,0.0007973859795649669,-0.00011511071695548856,-0.00011511071695548856
110.7421875,0.0007973886270117985,0.0007973859796504305,-0.0001151107169678261,-0.0001151107169678261
110.78125,0.0007973886270967247,0.0007973859797353565,-0.00011511071698008602,-0.00011511071698008602
110.8203125,0.0007973886271811166,0.0007973859798197481,-0.00011511071699226881,-0.00011511071699226881
110.859375,0.0007973886272649775,0.0007973859799036087,-0.00011511071700437493,-0.00011511071700437493
110.8984375,0.0007973886273483107,0.0007973859799869416,-0.00011511071701640488,-0.00011511071701640488
110.9375,0.0007973886274311195,0.0007973859800697501,-0.00011511071702835913,-0.00011511071702835913
110.9765625,0.0007973886275134073,0.0007973859801520377,-0.00011511071704023818,-0.00011511071704023818
111.015625,0.0007973886275951774,0.0007973859802338075,-0.00011511071705204247,-0.00011511071705204247
111.0546875,0.000797388627676433,0.0007973859803150629,-0.0001151107170637725,-0.0001151107170637725
111.09375,0.0007973886277571773,0.0007973859803958068,-0.00011511071707542871,-0.00011511071707542871
111.1328125,0.0007973886278374136,0.000797385980476043,-0.00011511071708701158,-0.00011511071708701158
111.171875,0.0007973886279171449,0.000797385980555774,-0.00011511071709852158,-0.00011511071709852158
111.2109375,0.0007973886279963746,0.0007973859806350035,-0.00011511071710995916,-0.00011511071710995916
111.25,0.0007973886280751058,0.0007973859807137345,-0.00011511071712132477,-0.00011511071712132477
111.2890625,0.0007973886281533416,0.0007973859807919701,-0.00011511071713261886,-0.00011511071713261886
111.328125,0.0007973886282310852,0.0007973859808697133,-0.0001151107171438419,-0.0001151107171438419
111.3671875,0.0007973886283083396,0.0007973859809469675,-0.00011511071715499431,-0.00011511071715499431
111.40625,0.000797388628385108,0.0007973859810237355,-0.00011511071716607655,-0.00011511071716607655
111.4453125,0.0007973886284613933,0.0007973859811000205,-0.00011511071717708907,-0.00011511071717708907
111.484375,0.0007973886285371985,0.0007973859811758255,-0.00011511071718803228,-0.00011511071718803228
111.5234375,0.0007973886286125268,0.0007973859812511536,-0.00011511071719890666,-0.00011511071719890666
111.5625,0.0007973886286873811,0.0007973859813260078,-0.0001151107172097126,-0.0001151107172097126
111.6015625,0.0007973886287617644,0.0007973859814003908,-0.00011511071722045055,-0.00011511071722045055
111.640625,0.0007973886288356798,0.000797385981474306,-0.00011511071723112094,-0.00011511071723112094
111.6796875,0.0007973886289091301,0.0007973859815477559,-0.00011511071724172418,-0.00011511071724172418
111.71875,0.0007973886289821181,0.0007973859816207437,-0.00011511071725226072,-0.00011511071725226072
111.7578125,0.000797388629054647,0.0007973859816932724,-0.00011511071726273095,-0.00011511071726273095
111.796875,0.0007973886291267195,0.0007973859817653446,-0.00011511071727313532,-0.00011511071727313532
111.8359375,0.0007973886291983385,0.0007973859818369635,-0.00011511071728347421,-0.00011511071728347421
111.875,0.0007973886292695068,0.0007973859819081316,-0.00011511071729374805,-0.00011511071729374805
111.9140625,0.0007973886293402274,0.0007973859819788519,-0.00011511071730395724,-0.00011511071730395724
111.953125,0.000797388629410503,0.0007973859820491273,-0.0001151107173141022,-0.0001151107173141022
111.9921875,0.0007973886294803365,0.0007973859821189605,-0.00011511071732418333,-0.00011511071732418333
112.03125,0.0007973886295497305,0.0007973859821883544,-0.00011511071733420103,-0.00011511071733420103
112.0703125,0.0007973886296186879,0.0007973859822573115,-0.00011511071734415569,-0.00011511071734415569
112.109375,0.0007973886296872114,0.0007973859823258347,-0.00011511071735404772,-0.00011511071735404772
112.1484375,0.0007973886297553038,0.0007973859823939269,-0.0001151107173638775,-0.0001151107173638775
112.1875,0.0007973886298229677,0.0007973859824615906,-0.00011511071737364545,-0.00011511071737364545
112.2265625,0.0007973886298902059,0.0007973859825288285,-0.00011511071738335191,-0.00011511071738335191
112.265625,0.000797388629957021,0.0007973859825956434,-0.00011511071739299732,-0.00011511071739299732
112.3046875,0.0007973886300234157,0.0007973859826620379,-0.00011511071740258203,-0.00011511071740258203
112.34375,0.0007973886300893927,0.0007973859827280146,-0.00011511071741210645,-0.00011511071741210645
112.3828125,0.0007973886301549545,0.0007973859827935762,-0.00011511071742157092,-0.00011511071742157092
112.421875,0.0007973886302201038,0.0007973859828587254,-0.00011511071743097585,-0.00011511071743097585
112.4609375,0.0007973886302848431,0.0007973859829234644,-0.00011511071744032159,-0.00011511071744032159
112.5,0.0007973886303491751,0.0007973859829877963,-0.00011511071744960854,-0.00011511071744960854
112.5390625,0.0007973886304131024,0.0007973859830517232,-0.00011511071745883705,-0.00011511071745883705
112.578125,0.0007973886304766274,0.0007973859831152481,-0.0001151107174680075,-0.0001151107174680075
112.6171875,0.0007973886305397527,0.0007973859831783731,-0.00011511071747712024,-0.00011511071747712024
112.65625,0.0007973886306024808,0.0007973859832411011,-0.00011511071748617564,-0.00011511071748617564
112.6953125,0.0007973886306648142,0.0007973859833034343,-0.00011511071749517407,-0.00011511071749517407
112.734375,0.0007973886307267554,0.0007973859833653752,-0.0001151107175041159,-0.0001151107175041159
112.7734375,0.0007973886307883069,0.0007973859834269267,-0.00011511071751300143,-0.00011511071751300143
112.8125,0.0007973886308494711,0.0007973859834880905,-0.00011511071752183108,-0.00011511071752183108
112.8515625,0.0007973886309102505,0.0007973859835488697,-0.00011511071753060516,-0.00011511071753060516
112.890625,0.0007973886309706474,0.0007973859836092664,-0.00011511071753932403,-0.00011511071753932403
112.9296875,0.0007973886310306642,0.000797385983669283,-0.00011511071754798806,-0.00011511071754798806
112.96875,0.0007973886310903035,0.0007973859837289221,-0.00011511071755659756,-0.00011511071755659756
113.0078125,0.0007973886311495675,0.000797385983788186,-0.00011511071756515289,-0.00011511071756515289
113.046875,0.0007973886312084587,0.0007973859838470769,-0.00011511071757365439,-0.00011511071757365439
113.0859375,0.0007973886312669792,0.0007973859839055973,-0.0001151107175821024,-0.0001151107175821024
113.125,0.0007973886313251316,0.0007973859839637495,-0.00011511071759049724,-0.00011511071759049724
113.1640625,0.0007973886313829181,0.0007973859840215357,-0.00011511071759883928,-0.00011511071759883928
113.203125,0.0007973886314403409,0.0007973859840789585,-0.00011511071760712882,-0.00011511071760712882
113.2421875,0.0007973886314974024,0.0007973859841360197,-0.0001151107176153662,-0.0001151107176153662
113.28125,0.0007973886315541049,0.0007973859841927222,-0.00011511071762355176,-0.00011511071762355176
113.3203125,0.0007973886316104507,0.0007973859842490676,-0.00011511071763168581,-0.00011511071763168581
113.359375,0.0007973886316664419,0.0007973859843050586,-0.00011511071763976867,-0.00011511071763976867
113.3984375,0.0007973886317220808,0.0007973859843606975,-0.00011511071764780068,-0.00011511071764780068
113.4375,0.0007973886317773696,0.000797385984415986,-0.00011511071765578216,-0.00011511071765578216
113.4765625,0.0007973886318323105,0.0007973859844709268,-0.00011511071766371341,-0.00011511071766371341
113.515625,0.0007973886318869058,0.0007973859845255219,-0.00011511071767159476,-0.00011511071767159476
113.5546875,0.0007973886319411575,0.0007973859845797735,-0.00011511071767942652,-0.00011511071767942652
113.59375,0.0007973886319950679,0.0007973859846336836,-0.000115110717687209,-0.000115110717687209
113.6328125,0.0007973886320486391,0.0007973859846872547,-0.00011511071769494253,-0.00011511071769494253
113.671875,0.0007973886321018732,0.0007973859847404885,-0.00011511071770262738,-0.00011511071770262738
113.7109375,0.0007973886321547724,0.0007973859847933875,-0.00011511071771026387,-0.00011511071771026387
113.75,0.0007973886322073388,0.0007973859848459538,-0.00011511071771785233,-0.00011511071771785233
113.7890625,0.0007973886322595743,0.000797385984898189,-0.00011511071772539303,-0.00011511071772539303
113.828125,0.0007973886323114813,0.0007973859849500957,-0.0001151107177328863,-0.0001151107177328863
113.8671875,0.0007973886323630615,0.0007973859850016759,-0.0001151107177403324,-0.0001151107177403324
113.90625,0.0007973886324143173,0.0007973859850529314,-0.00011511071774773167,-0.00011511071774773167
113.9453125,0.0007973886324652505,0.0007973859851038645,-0.00011511071775508436,-0.00011511071775508436
113.984375,0.0007973886325158633,0.000797385985154477,-0.0001151107177623908,-0.0001151107177623908
114.0234375,0.0007973886325661576,0.0007973859852047711,-0.00011511071776965127,-0.00011511071776965127
114.0625,0.0007973886326161354,0.0007973859852547489,-0.00011511071777686605,-0.00011511071777686605
114.1015625,0.0007973886326657988,0.0007973859853044121,-0.00011511071778403543,-0.00011511071778403543
114.140625,0.0007973886327151497,0.0007973859853537628,-0.00011511071779115971,-0.00011511071779115971
114.1796875,0.0007973886327641901,0.000797385985402803,-0.00011511071779823916,-0.00011511071779823916
114.21875,0.000797388632812922,0.0007973859854515348,-0.00011511071780527407,-0.00011511071780527407
114.2578125,0.0007973886328613472,0.0007973859854999598,-0.0001151107178122647,-0.0001151107178122647
114.296875,0.0007973886329094677,0.0007973859855480802,-0.00011511071781921137,-0.00011511071781921137
114.3359375,0.0007973886329572854,0.0007973859855958975,-0.0001151107178261143,-0.0001151107178261143
114.375,0.0007973886330048023,0.0007973859856434143,-0.00011511071783297382,-0.00011511071783297382
114.4140625,0.0007973886330520202,0.0007973859856906319,-0.00011511071783979017,-0.00011511071783979017
114.453125,0.000797388633098941,0.0007973859857375526,-0.00011511071784656365,-0.00011511071784656365
114.4921875,0.0007973886331455666,0.000797385985784178,-0.00011511071785329448,-0.00011511071785329448
114.53125,0.0007973886331918988,0.0007973859858305101,-0.00011511071785998298,-0.00011511071785998298
114.5703125,0.0007973886332379394,0.0007973859858765506,-0.0001151107178666294,-0.0001151107178666294
114.609375,0.0007973886332836904,0.0007973859859223013,-0.00011511071787323398,-0.00011511071787323398
114.6484375,0.0007973886333291534,0.0007973859859677643,-0.00011511071787979702,-0.00011511071787979702
114.6875,0.0007973886333743305,0.0007973859860129412,-0.00011511071788631875,-0.00011511071788631875
114.7265625,0.0007973886334192233,0.0007973859860578338,-0.00011511071789279945,-0.00011511071789279945
114.765625,0.0007973886334638336,0.0007973859861024439,-0.00011511071789923938,-0.00011511071789923938
114.8046875,0.0007973886335081631,0.0007973859861467734,-0.00011511071790563879,-0.00011511071790563879
114.84375,0.0007973886335522138,0.0007973859861908238,-0.00011511071791199793,-0.00011511071791199793
114.8828125,0.0007973886335959873,0.0007973859862345973,-0.00011511071791831705,-0.00011511071791831705
114.921875,0.0007973886336394854,0.0007973859862780952,-0.00011511071792459641,-0.00011511071792459641
114.9609375,0.0007973886336827098,0.0007973859863213194,-0.00011511071793083628,-0.00011511071793083628
115.0,0.0007973886337256622,0.0007973859863642717,-0.00011511071793703687,-0.00011511071793703687
115.0390625,0.0007973886337683444,0.0007973859864069538,-0.00011511071794319845,-0.00011511071794319845
115.078125,0.000797388633810758,0.0007973859864493671,-0.00011511071794932126,-0.00011511071794932126
115.1171875,0.0007973886338529047,0.0007973859864915139,-0.00011511071795540555,-0.00011511071795540555
115.15625,0.0007973886338947863,0.0007973859865333953,-0.00011511071796145156,-0.00011511071796145156
115.1953125,0.0007973886339364044,0.0007973859865750132,-0.00011511071796745952,-0.00011511071796745952
115.234375,0.0007973886339777605,0.0007973859866163692,-0.00011511071797342968,-0.00011511071797342968
115.2734375,0.0007973886340188564,0.000797385986657465,-0.00011511071797936227,-0.00011511071797936227
115.3125,0.0007973886340596937,0.0007973859866983022,-0.00011511071798525754,-0.00011511071798525754
115.3515625,0.0007973886341002741,0.0007973859867388825,-0.00011511071799111571,-0.00011511071799111571
115.390625,0.0007973886341405992,0.0007973859867792075,-0.00011511071799693703,-0.00011511071799693703
115.4296875,0.0007973886341806705,0.0007973859868192787,-0.00011511071800272172,-0.00011511071800272172
115.46875,0.0007973886342204898,0.0007973859868590979,-0.00011511071800847001,-0.00011511071800847001
115.5078125,0.0007973886342600585,0.0007973859868986663,-0.00011511071801418213,-0.00011511071801418213
115.546875,0.0007973886342993782,0.0007973859869379859,-0.0001151107180198583,-0.0001151107180198583
115.5859375,0.0007973886343384505,0.000797385986977058,-0.00011511071802549876,-0.00011511071802549876
115.625,0.000797388634377277,0.0007973859870158845,-0.00011511071803110373,-0.00011511071803110373
115.6640625,0.0007973886344158592,0.0007973859870544664,-0.00011511071803667344,-0.00011511071803667344
115.703125,0.0007973886344541986,0.0007973859870928057,-0.0001151107180422081,-0.0001151107180422081
115.7421875,0.0007973886344922968,0.0007973859871309038,-0.00011511071804770795,-0.00011511071804770795
115.78125,0.0007973886345301553,0.0007973859871687621,-0.00011511071805317318,-0.00011511071805317318
115.8203125,0.0007973886345677756,0.0007973859872063821,-0.00011511071805860402,-0.00011511071805860402
115.859375,0.0007973886346051591,0.0007973859872437655,-0.00011511071806400069,-0.00011511071806400069
115.8984375,0.0007973886346423075,0.0007973859872809139,-0.00011511071806936341,-0.00011511071806936341
115.9375,0.000797388634679222,0.0007973859873178283,-0.00011511071807469239,-0.00011511071807469239
115.9765625,0.0007973886347159044,0.0007973859873545105,-0.00011511071807998783,-0.00011511071807998783
116.015625,0.0007973886347523559,0.0007973859873909618,-0.00011511071808524995,-0.00011511071808524995
116.0546875,0.000797388634788578,0.0007973859874271839,-0.00011511071809047897,-0.00011511071809047897
116.09375,0.0007973886348245723,0.000797385987463178,-0.00011511071809567509,-0.00011511071809567509
116.1328125,0.00079738863486034,0.0007973859874989456,-0.0001151107181008385,-0.0001151107181008385
116.171875,0.0007973886348958827,0.0007973859875344882,-0.00011511071810596944,-0.00011511071810596944
116.2109375,0.0007973886349312018,0.0007973859875698071,-0.00011511071811106807,-0.00011511071811106807
116.25,0.0007973886349662986,0.000797385987604904,-0.00011511071811613465,-0.00011511071811613465
116.2890625,0.0007973886350011746,0.0007973859876397797,-0.00011511071812116933,-0.00011511071812116933
116.328125,0.0007973886350358311,0.0007973859876744362,-0.00011511071812617234,-0.00011511071812617234
116.3671875,0.0007973886350702696,0.0007973859877088746,-0.00011511071813114387,-0.00011511071813114387
116.40625,0.0007973886351044914,0.0007973859877430963,-0.00011511071813608411,-0.00011511071813608411
116.4453125,0.0007973886351384978,0.0007973859877771027,-0.00011511071814099327,-0.00011511071814099327
116.484375,0.0007973886351722903,0.0007973859878108951,-0.00011511071814587155,-0.00011511071814587155
116.5234375,0.0007973886352058702,0.0007973859878444748,-0.00011511071815071914,-0.00011511071815071914
116.5625,0.0007973886352392388,0.0007973859878778433,-0.0001151107181555362,-0.0001151107181555362
116.6015625,0.0007973886352723975,0.0007973859879110019,-0.00011511071816032299,-0.00011511071816032299
116.640625,0.0007973886353053475,0.0007973859879439518,-0.00011511071816507962,-0.00011511071816507962
116.6796875,0.0007973886353380902,0.0007973859879766943,-0.00011511071816980635,-0.00011511071816980635
116.71875,0.0007973886353706269,0.0007973859880092309,-0.00011511071817450333,-0.00011511071817450333
116.7578125,0.0007973886354029589,0.0007973859880415627,-0.00011511071817917076,-0.00011511071817917076
116.796875,0.0007973886354350874,0.0007973859880736911,-0.00011511071818380882,-0.00011511071818380882
116.8359375,0.0007973886354670138,0.0007973859881056174,-0.0001151107181884177,-0.0001151107181884177
116.875,0.0007973886354987392,0.0007973859881373427,-0.00011511071819299757,-0.00011511071819299757
116.9140625,0.0007973886355302651,0.0007973859881688685,-0.00011511071819754863,-0.00011511071819754863
116.953125,0.0007973886355615926,0.0007973859882001959,-0.00011511071820207106,-0.00011511071820207106
116.9921875,0.000797388635592723,0.0007973859882313262,-0.00011511071820656502,-0.00011511071820656502
117.03125,0.0007973886356236574,0.0007973859882622605,-0.00011511071821103071,-0.00011511071821103071
117.0703125,0.0007973886356543973,0.0007973859882930002,-0.00011511071821546831,-0.00011511071821546831
117.109375,0.0007973886356849437,0.0007973859883235467,-0.00011511071821987798,-0.00011511071821987798
117.1484375,0.0007973886357152979,0.0007973859883539007,-0.0001151107182242599,-0.0001151107182242599
117.1875,0.0007973886357454612,0.000797385988384064,-0.00011511071822861427,-0.00011511071822861427
117.2265625,0.0007973886357754346,0.0007973859884140372,-0.00011511071823294122,-0.00011511071823294122
117.265625,0.0007973886358052195,0.000797385988443822,-0.00011511071823724095,-0.00011511071823724095
117.3046875,0.0007973886358348169,0.0007973859884734193,-0.00011511071824151363,-0.00011511071824151363
117.34375,0.0007973886358642281,0.0007973859885028305,-0.00011511071824575943,-0.00011511071824575943
117.3828125,0.0007973886358934543,0.0007973859885320566,-0.00011511071824997851,-0.00011511071824997851
117.421875,0.0007973886359224966,0.0007973859885610988,-0.00011511071825417104,-0.00011511071825417104
117.4609375,0.0007973886359513561,0.0007973859885899582,-0.0001151107182583372,-0.0001151107182583372
117.5,0.000797388635980034,0.0007973859886186361,-0.00011511071826247712,-0.00011511071826247712
117.5390625,0.0007973886360085315,0.0007973859886471335,-0.00011511071826659102,-0.00011511071826659102
117.578125,0.0007973886360368497,0.0007973859886754517,-0.00011511071827067903,-0.00011511071827067903
117.6171875,0.0007973886360649897,0.0007973859887035916,-0.00011511071827474131,-0.00011511071827474131
117.65625,0.0007973886360929527,0.0007973859887315544,-0.00011511071827877804,-0.00011511071827877804
117.6953125,0.0007973886361207397,0.0007973859887593414,-0.00011511071828278935,-0.00011511071828278935
117.734375,0.0007973886361483519,0.0007973859887869535,-0.00011511071828677544,-0.00011511071828677544
117.7734375,0.0007973886361757903,0.0007973859888143919,-0.00011511071829073645,-0.00011511071829073645
117.8125,0.0007973886362030562,0.0007973859888416575,-0.00011511071829467252,-0.00011511071829467252
117.8515625,0.0007973886362301504,0.0007973859888687517,-0.00011511071829858384,-0.00011511071829858384
117.890625,0.0007973886362570742,0.0007973859888956754,-0.00011511071830247054,-0.00011511071830247054
117.9296875,0.0007973886362838285,0.0007973859889224297,-0.00011511071830633279,-0.00011511071830633279
117.96875,0.0007973886363104145,0.0007973859889490156,-0.00011511071831017074,-0.00011511071831017074
118.0078125,0.0007973886363368333,0.0007973859889754343,-0.00011511071831398453,-0.00011511071831398453
118.046875,0.0007973886363630858,0.0007973859890016867,-0.00011511071831777434,-0.00011511071831777434
118.0859375,0.0007973886363891731,0.0007973859890277739,-0.0001151107183215403,-0.0001151107183215403
118.125,0.0007973886364150963,0.000797385989053697,-0.00011511071832528256,-0.00011511071832528256
118.1640625,0.0007973886364408564,0.000797385989079457,-0.00011511071832900128,-0.00011511071832900128
118.203125,0.0007973886364664544,0.0007973859891050549,-0.00011511071833269659,-0.00011511071833269659
118.2421875,0.0007973886364918913,0.0007973859891304917,-0.00011511071833636865,-0.00011511071833636865
118.28125,0.0007973886365171682,0.0007973859891557685,-0.00011511071834001761,-0.00011511071834001761
118.3203125,0.000797388636542286,0.0007973859891808862,-0.00011511071834364362,-0.00011511071834364362
118.359375,0.0007973886365672457,0.000797385989205846,-0.0001151107183472468,-0.0001151107183472468
118.3984375,0.0007973886365920485,0.0007973859892306486,-0.00011511071835082731,-0.00011511071835082731
118.4375,0.0007973886366166951,0.0007973859892552953,-0.0001151107183543853,-0.0001151107183543853
118.4765625,0.0007973886366411867,0.0007973859892797868,-0.00011511071835792089,-0.00011511071835792089
118.515625,0.0007973886366655242,0.0007973859893041241,-0.00011511071836143425,-0.00011511071836143425
118.5546875,0.0007973886366897086,0.0007973859893283084,-0.00011511071836492549,-0.00011511071836492549
118.59375,0.0007973886367137408,0.0007973859893523406,-0.00011511071836839477,-0.00011511071836839477
118.6328125,0.0007973886367376217,0.0007973859893762214,-0.00011511071837184222,-0.00011511071837184222
118.671875,0.0007973886367613524,0.000797385989399952,-0.00011511071837526798,-0.00011511071837526798
118.7109375,0.0007973886367849338,0.0007973859894235334,-0.00011511071837867218,-0.00011511071837867218
118.75,0.0007973886368083669,0.0007973859894469664,-0.00011511071838205496,-0.00011511071838205496
118.7890625,0.0007973886368316525,0.0007973859894702519,-0.00011511071838541646,-0.00011511071838541646
118.828125,0.0007973886368547916,0.0007973859894933909,-0.00011511071838875681,-0.00011511071838875681
118.8671875,0.000797388636877785,0.0007973859895163843,-0.00011511071839207615,-0.00011511071839207615
118.90625,0.0007973886369006338,0.000797385989539233,-0.00011511071839537459,-0.00011511071839537459
118.9453125,0.0007973886369233388,0.0007973859895619379,-0.00011511071839865228,-0.00011511071839865228
118.984375,0.000797388636945901,0.0007973859895845,-0.00011511071840190935,-0.00011511071840190935
119.0234375,0.0007973886369683212,0.0007973859896069202,-0.00011511071840514592,-0.00011511071840514592
119.0625,0.0007973886369906004,0.0007973859896291992,-0.00011511071840836212,-0.00011511071840836212
119.1015625,0.0007973886370127393,0.0007973859896513382,-0.0001151107184115581,-0.0001151107184115581
119.140625,0.000797388637034739,0.0007973859896733378,-0.00011511071841473397,-0.00011511071841473397
119.1796875,0.0007973886370566002,0.0007973859896951989,-0.00011511071841788985,-0.00011511071841788985
119.21875,0.0007973886370783239,0.0007973859897169225,-0.00011511071842102586,-0.00011511071842102586
119.2578125,0.0007973886370999109,0.0007973859897385094,-0.00011511071842414216,-0.00011511071842414216
119.296875,0.0007973886371213621,0.0007973859897599606,-0.00011511071842723884,-0.00011511071842723884
119.3359375,0.0007973886371426782,0.0007973859897812766,-0.00011511071843031604,-0.00011511071843031604
119.375,0.0007973886371638603,0.0007973859898024588,-0.00011511071843337388,-0.00011511071843337388
119.4140625,0.0007973886371849091,0.0007973859898235074,-0.00011511071843641247,-0.00011511071843641247
119.453125,0.0007973886372058254,0.0007973859898444238,-0.00011511071843943196,-0.00011511071843943196
119.4921875,0.0007973886372266102,0.0007973859898652084,-0.00011511071844243243,-0.00011511071844243243
119.53125,0.0007973886372472642,0.0007973859898858623,-0.00011511071844541403,-0.00011511071844541403
119.5703125,0.0007973886372677882,0.0007973859899063863,-0.00011511071844837687,-0.00011511071844837687
119.609375,0.0007973886372881832,0.0007973859899267811,-0.00011511071845132106,-0.00011511071845132106
119.6484375,0.0007973886373084497,0.0007973859899470476,-0.00011511071845424674,-0.00011511071845424674
119.6875,0.0007973886373285888,0.0007973859899671865,-0.000115110718457154,-0.000115110718457154
119.7265625,0.0007973886373486011,0.0007973859899871987,-0.00011511071846004297,-0.00011511071846004297
119.765625,0.0007973886373684875,0.0007973859900070851,-0.00011511071846291377,-0.00011511071846291377
119.8046875,0.0007973886373882488,0.0007973859900268463,-0.0001151107184657665,-0.0001151107184657665
119.84375,0.0007973886374078858,0.0007973859900464831,-0.00011511071846860128,-0.00011511071846860128
119.8828125,0.0007973886374273992,0.0007973859900659965,-0.00011511071847141821,-0.00011511071847141821
119.921875,0.0007973886374467898,0.0007973859900853871,-0.00011511071847421743,-0.00011511071847421743
119.9609375,0.0007973886374660583,0.0007973859901046557,-0.00011511071847699905,-0.00011511071847699905
120.0,0.0007973886374852057,0.0007973859901238029,-0.00011511071847976315,-0.00011511071847976315
120.0390625,0.0007973886375042326,0.0007973859901428297,-0.00011511071848250986,-0.00011511071848250986
120.078125,0.0007973886375231398,0.0007973859901617368,-0.0001151107184852393,-0.0001151107184852393
120.1171875,0.0007973886375419279,0.0007973859901805249,-0.00011511071848795155,-0.00011511071848795155
120.15625,0.0007973886375605979,0.0007973859901991948,-0.00011511071849064674,-0.00011511071849064674
120.1953125,0.0007973886375791504,0.0007973859902177473,-0.00011511071849332496,-0.00011511071849332496
120.234375,0.0007973886375975862,0.0007973859902361829,-0.00011511071849598635,-0.00011511071849598635
120.2734375,0.0007973886376159059,0.0007973859902545027,-0.00011511071849863098,-0.00011511071849863098
120.3125,0.0007973886376341104,0.0007973859902727071,-0.00011511071850125898,-0.00011511071850125898
120.3515625,0.0007973886376522004,0.0007973859902907969,-0.00011511071850387044,-0.00011511071850387044
120.390625,0.0007973886376701765,0.0007973859903087731,-0.00011511071850646547,-0.00011511071850646547
120.4296875,0.0007973886376880395,0.0007973859903266361,-0.00011511071850904416,-0.00011511071850904416
120.46875,0.0007973886377057902,0.0007973859903443866,-0.00011511071851160664,-0.00011511071851160664
120.5078125,0.0007973886377234292,0.0007973859903620255,-0.00011511071851415299,-0.00011511071851415299
120.546875,0.0007973886377409572,0.0007973859903795534,-0.00011511071851668333,-0.00011511071851668333
120.5859375,0.0007973886377583749,0.000797385990396971,-0.00011511071851919773,-0.00011511071851919773
120.625,0.000797388637775683,0.000797385990414279,-0.00011511071852169631,-0.00011511071852169631
120.6640625,0.0007973886377928821,0.0007973859904314781,-0.00011511071852417919,-0.00011511071852417919
120.703125,0.000797388637809973,0.000797385990448569,-0.00011511071852664643,-0.00011511071852664643
120.7421875,0.0007973886378269564,0.0007973859904655524,-0.00011511071852909815,-0.00011511071852909815
120.78125,0.000797388637843833,0.0007973859904824289,-0.00011511071853153444,-0.00011511071853153444
120.8203125,0.0007973886378606033,0.0007973859904991992,-0.0001151107185339554,-0.0001151107185339554
120.859375,0.0007973886378772682,0.0007973859905158641,-0.00011511071853636114,-0.00011511071853636114
120.8984375,0.0007973886378938281,0.0007973859905324239,-0.00011511071853875173,-0.00011511071853875173
120.9375,0.000797388637910284,0.0007973859905488797,-0.00011511071854112729,-0.00011511071854112729
120.9765625,0.0007973886379266362,0.0007973859905652319,-0.00011511071854348788,-0.00011511071854348788
121.015625,0.0007973886379428856,0.0007973859905814813,-0.00011511071854583363,-0.00011511071854583363
121.0546875,0.0007973886379590327,0.0007973859905976283,-0.00011511071854816463,-0.00011511071854816463
121.09375,0.0007973886379750783,0.0007973859906136737,-0.00011511071855048096,-0.00011511071855048096
121.1328125,0.0007973886379910229,0.0007973859906296182,-0.0001151107185527827,-0.0001151107185527827
121.171875,0.0007973886380068671,0.0007973859906454624,-0.00011511071855506998,-0.00011511071855506998
121.2109375,0.0007973886380226116,0.0007973859906612069,-0.00011511071855734286,-0.00011511071855734286
121.25,0.0007973886380382571,0.0007973859906768525,-0.00011511071855960143,-0.00011511071855960143
121.2890625,0.0007973886380538041,0.0007973859906923994,-0.0001151107185618458,-0.0001151107185618458
121.328125,0.0007973886380692534,0.0007973859907078485,-0.00011511071856407604,-0.00011511071856407604
121.3671875,0.0007973886380846053,0.0007973859907232005,-0.00011511071856629224,-0.00011511071856629224
121.40625,0.0007973886380998607,0.0007973859907384559,-0.00011511071856849452,-0.00011511071856849452
121.4453125,0.0007973886381150201,0.0007973859907536152,-0.00011511071857068292,-0.00011511071857068292
121.484375,0.0007973886381300842,0.0007973859907686792,-0.00011511071857285756,-0.00011511071857285756
121.5234375,0.0007973886381450534,0.0007973859907836484,-0.00011511071857501851,-0.00011511071857501851
121.5625,0.0007973886381599284,0.0007973859907985235,-0.00011511071857716588,-0.00011511071857716588
121.6015625,0.0007973886381747099,0.000797385990813305,-0.00011511071857929973,-0.00011511071857929973
121.640625,0.0007973886381893984,0.0007973859908279933,-0.00011511071858142014,-0.00011511071858142014
121.6796875,0.0007973886382039944,0.0007973859908425894,-0.00011511071858352722,-0.00011511071858352722
121.71875,0.0007973886382184987,0.0007973859908570934,-0.00011511071858562105,-0.00011511071858562105
121.7578125,0.0007973886382329116,0.0007973859908715063,-0.0001151107185877017,-0.0001151107185877017
121.796875,0.0007973886382472339,0.0007973859908858285,-0.00011511071858976926,-0.00011511071858976926
121.8359375,0.000797388638261466,0.0007973859909000607,-0.0001151107185918238,-0.0001151107185918238
121.875,0.0007973886382756086,0.0007973859909142032,-0.00011511071859386542,-0.00011511071859386542
121.9140625,0.0007973886382896622,0.0007973859909282568,-0.00011511071859589419,-0.00011511071859589419
121.953125,0.0007973886383036274,0.000797385990942222,-0.00011511071859791021,-0.00011511071859791021
121.9921875,0.0007973886383175048,0.0007973859909560991,-0.00011511071859991353,-0.00011511071859991353
122.03125,0.0007973886383312947,0.0007973859909698891,-0.00011511071860190425,-0.00011511071860190425
122.0703125,0.000797388638344998,0.0007973859909835922,-0.00011511071860388244,-0.00011511071860388244
122.109375,0.000797388638358615,0.0007973859909972093,-0.00011511071860584818,-0.00011511071860584818
122.1484375,0.0007973886383721463,0.0007973859910107405,-0.00011511071860780156,-0.00011511071860780156
122.1875,0.0007973886383855924,0.0007973859910241867,-0.00011511071860974265,-0.00011511071860974265
122.2265625,0.000797388638398954,0.0007973859910375483,-0.00011511071861167153,-0.00011511071861167153
122.265625,0.0007973886384122315,0.0007973859910508257,-0.00011511071861358826,-0.00011511071861358826
122.3046875,0.0007973886384254255,0.0007973859910640198,-0.00011511071861549293,-0.00011511071861549293
122.34375,0.0007973886384385364,0.0007973859910771305,-0.00011511071861738562,-0.00011511071861738562
122.3828125,0.0007973886384515648,0.0007973859910901589,-0.0001151107186192664,-0.0001151107186192664
122.421875,0.0007973886384645113,0.0007973859911031055,-0.00011511071862113535,-0.00011511071862113535
122.4609375,0.0007973886384773763,0.0007973859911159703,-0.00011511071862299255,-0.00011511071862299255
122.5,0.0007973886384901604,0.0007973859911287544,-0.00011511071862483805,-0.00011511071862483805
122.5390625,0.000797388638502864,0.000797385991141458,-0.00011511071862667194,-0.00011511071862667194
122.578125,0.0007973886385154877,0.0007973859911540816,-0.00011511071862849429,-0.00011511071862849429
122.6171875,0.0007973886385280319,0.0007973859911666259,-0.00011511071863030518,-0.00011511071863030518
122.65625,0.0007973886385404973,0.0007973859911790912,-0.00011511071863210467,-0.00011511071863210467
122.6953125,0.0007973886385528842,0.000797385991191478,-0.00011511071863389285,-0.00011511071863389285
122.734375,0.0007973886385651931,0.0007973859912037871,-0.00011511071863566976,-0.00011511071863566976
122.7734375,0.0007973886385774247,0.0007973859912160184,-0.0001151107186374355,-0.0001151107186374355
122.8125,0.0007973886385895792,0.0007973859912281731,-0.00011511071863919012,-0.00011511071863919012
122.8515625,0.0007973886386016573,0.000797385991240251,-0.00011511071864093371,-0.00011511071864093371
122.890625,0.0007973886386136595,0.0007973859912522531,-0.00011511071864266633,-0.00011511071864266633
122.9296875,0.000797388638625586,0.0007973859912641796,-0.00011511071864438804,-0.00011511071864438804
122.96875,0.0007973886386374375,0.000797385991276031,-0.00011511071864609893,-0.00011511071864609893
123.0078125,0.0007973886386492145,0.0007973859912878081,-0.00011511071864779904,-0.00011511071864779904
123.046875,0.0007973886386609173,0.0007973859912995109,-0.00011511071864948847,-0.00011511071864948847
123.0859375,0.0007973886386725466,0.00079738599131114,-0.00011511071865116725,-0.00011511071865116725
123.125,0.0007973886386841027,0.000797385991322696,-0.00011511071865283548,-0.00011511071865283548
123.1640625,0.000797388638695586,0.0007973859913341793,-0.00011511071865449322,-0.00011511071865449322
123.203125,0.0007973886387069971,0.0007973859913455904,-0.00011511071865614051,-0.00011511071865614051
123.2421875,0.0007973886387183364,0.0007973859913569297,-0.00011511071865777744,-0.00011511071865777744
123.28125,0.0007973886387296043,0.0007973859913681976,-0.00011511071865940408,-0.00011511071865940408
123.3203125,0.0007973886387408012,0.0007973859913793945,-0.00011511071866102048,-0.00011511071866102048
123.359375,0.0007973886387519279,0.0007973859913905212,-0.00011511071866262671,-0.00011511071866262671
123.3984375,0.0007973886387629845,0.0007973859914015775,-0.00011511071866422283,-0.00011511071866422283
123.4375,0.0007973886387739714,0.0007973859914125646,-0.00011511071866580891,-0.00011511071866580891
123.4765625,0.0007973886387848894,0.0007973859914234823,-0.00011511071866738502,-0.00011511071866738502
123.515625,0.0007973886387957385,0.0007973859914343316,-0.0001151107186689512,-0.0001151107186689512
123.5546875,0.0007973886388065194,0.0007973859914451125,-0.00011511071867050753,-0.00011511071867050753
123.59375,0.0007973886388172325,0.0007973859914558255,-0.00011511071867205406,-0.00011511071867205406
123.6328125,0.0007973886388278782,0.0007973859914664712,-0.00011511071867359087,-0.00011511071867359087
123.671875,0.0007973886388384569,0.0007973859914770497,-0.000115110718675118,-0.000115110718675118
123.7109375,0.000797388638848969,0.0007973859914875619,-0.00011511071867663552,-0.00011511071867663552
123.75,0.0007973886388594149,0.0007973859914980078,-0.00011511071867814351,-0.00011511071867814351
123.7890625,0.0007973886388697952,0.0007973859915083882,-0.000115110718679642,-0.000115110718679642
123.828125,0.0007973886388801102,0.000797385991518703,-0.00011511071868113106,-0.00011511071868113106
123.8671875,0.0007973886388903602,0.000797385991528953,-0.00011511071868261075,-0.00011511071868261075
123.90625,0.0007973886389005458,0.0007973859915391385,-0.00011511071868408113,-0.00011511071868408113
123.9453125,0.0007973886389106672,0.00079738599154926,-0.00011511071868554227,-0.00011511071868554227
123.984375,0.000797388638920725,0.0007973859915593177,-0.00011511071868699421,-0.00011511071868699421
124.0234375,0.0007973886389307195,0.0007973859915693121,-0.00011511071868843701,-0.00011511071868843701
124.0625,0.0007973886389406512,0.0007973859915792437,-0.00011511071868987073,-0.00011511071868987073
124.1015625,0.0007973886389505203,0.0007973859915891128,-0.00011511071869129543,-0.00011511071869129543
124.140625,0.0007973886389603274,0.0007973859915989198,-0.00011511071869271117,-0.00011511071869271117
124.1796875,0.0007973886389700727,0.000797385991608665,-0.000115110718694118,-0.000115110718694118
124.21875,0.0007973886389797567,0.0007973859916183489,-0.00011511071869551597,-0.00011511071869551597
124.2578125,0.0007973886389893797,0.0007973859916279721,-0.00011511071869690516,-0.00011511071869690516
124.296875,0.0007973886389989423,0.0007973859916375345,-0.00011511071869828559,-0.00011511071869828559
124.3359375,0.0007973886390084447,0.0007973859916470369,-0.00011511071869965735,-0.00011511071869965735
124.375,0.0007973886390178872,0.0007973859916564793,-0.00011511071870102048,-0.00011511071870102048
124.4140625,0.0007973886390272703,0.0007973859916658624,-0.00011511071870237503,-0.00011511071870237503
124.453125,0.0007973886390365945,0.0007973859916751866,-0.00011511071870372105,-0.00011511071870372105
124.4921875,0.00079738863904586,0.000797385991684452,-0.0001151107187050586,-0.0001151107187050586
124.53125,0.0007973886390550671,0.000797385991693659,-0.00011511071870638774,-0.00011511071870638774
124.5703125,0.0007973886390642164,0.0007973859917028083,-0.00011511071870770851,-0.00011511071870770851
124.609375,0.0007973886390733081,0.0007973859917118998,-0.00011511071870902098,-0.00011511071870902098
124.6484375,0.0007973886390823425,0.0007973859917209343,-0.0001151107187103252,-0.0001151107187103252
124.6875,0.0007973886390913201,0.0007973859917299118,-0.0001151107187116212,-0.0001151107187116212
124.7265625,0.0007973886391002413,0.0007973859917388329,-0.00011511071871290904,-0.00011511071871290904
124.765625,0.0007973886391091062,0.0007973859917476979,-0.00011511071871418878,-0.00011511071871418878
124.8046875,0.0007973886391179154,0.000797385991756507,-0.00011511071871546046,-0.00011511071871546046
124.84375,0.0007973886391266691,0.0007973859917652607,-0.00011511071871672416,-0.00011511071871672416
124.8828125,0.0007973886391353678,0.0007973859917739595,-0.00011511071871797989,-0.00011511071871797989
124.921875,0.0007973886391440117,0.0007973859917826033,-0.00011511071871922774,-0.00011511071871922774
124.9609375,0.0007973886391526013,0.0007973859917911929,-0.00011511071872046772,-0.00011511071872046772
125.0,0.0007973886391611368,0.0007973859917997283,-0.0001151107187216999,-0.0001151107187216999
125.0390625,0.0007973886391696186,0.0007973859918082102,-0.00011511071872292434,-0.00011511071872292434
125.078125,0.0007973886391780471,0.0007973859918166384,-0.00011511071872414106,-0.00011511071872414106
125.1171875,0.0007973886391864225,0.0007973859918250139,-0.00011511071872535014,-0.00011511071872535014
125.15625,0.0007973886391947452,0.0007973859918333366,-0.0001151107187265516,-0.0001151107187265516
125.1953125,0.0007973886392030155,0.0007973859918416068,-0.0001151107187277455,-0.0001151107187277455
125.234375,0.0007973886392112338,0.0007973859918498251,-0.0001151107187289319,-0.0001151107187289319
125.2734375,0.0007973886392194004,0.0007973859918579917,-0.00011511071873011081,-0.00011511071873011081
125.3125,0.0007973886392275156,0.000797385991866107,-0.00011511071873128232,-0.00011511071873128232
125.3515625,0.0007973886392355798,0.0007973859918741711,-0.00011511071873244647,-0.00011511071873244647
125.390625,0.0007973886392435933,0.0007973859918821844,-0.00011511071873360327,-0.00011511071873360327
125.4296875,0.0007973886392515563,0.0007973859918901473,-0.00011511071873475281,-0.00011511071873475281
125.46875,0.0007973886392594691,0.0007973859918980603,-0.00011511071873589511,-0.00011511071873589511
125.5078125,0.0007973886392673322,0.0007973859919059232,-0.00011511071873703022,-0.00011511071873703022
125.546875,0.0007973886392751458,0.0007973859919137369,-0.0001151107187381582,-0.0001151107187381582
125.5859375,0.0007973886392829102,0.0007973859919215014,-0.00011511071873927907,-0.00011511071873927907
125.625,0.0007973886392906259,0.0007973859919292169,-0.00011511071874039289,-0.00011511071874039289
125.6640625,0.0007973886392982929,0.0007973859919368839,-0.00011511071874149971,-0.00011511071874149971
125.703125,0.0007973886393059117,0.0007973859919445027,-0.00011511071874259955,-0.00011511071874259955
125.7421875,0.0007973886393134826,0.0007973859919520736,-0.00011511071874369248,-0.00011511071874369248
125.78125,0.0007973886393210059,0.0007973859919595968,-0.00011511071874477854,-0.00011511071874477854
125.8203125,0.0007973886393284818,0.0007973859919670727,-0.00011511071874585775,-0.00011511071874585775
125.859375,0.0007973886393359106,0.0007973859919745014,-0.00011511071874693018,-0.00011511071874693018
125.8984375,0.0007973886393432927,0.0007973859919818836,-0.00011511071874799587,-0.00011511071874799587
125.9375,0.0007973886393506284,0.0007973859919892192,-0.00011511071874905484,-0.00011511071874905484
125.9765625,0.000797388639357918,0.0007973859919965088,-0.00011511071875010715,-0.00011511071875010715
126.015625,0.0007973886393651616,0.0007973859920037523,-0.00011511071875115283,-0.00011511071875115283
126.0546875,0.0007973886393723596,0.0007973859920109504,-0.00011511071875219195,-0.00011511071875219195
126.09375,0.0007973886393795124,0.0007973859920181031,-0.00011511071875322453,-0.00011511071875322453
126.1328125,0.0007973886393866203,0.000797385992025211,-0.0001151107187542506,-0.0001151107187542506
126.171875,0.0007973886393936833,0.000797385992032274,-0.00011511071875527021,-0.00011511071875527021
126.2109375,0.0007973886394007019,0.0007973859920392926,-0.00011511071875628343,-0.00011511071875628343
126.25,0.0007973886394076763,0.000797385992046267,-0.00011511071875729025,-0.00011511071875729025
126.2890625,0.0007973886394146069,0.0007973859920531976,-0.00011511071875829075,-0.00011511071875829075
126.328125,0.0007973886394214938,0.0007973859920600844,-0.00011511071875928495,-0.00011511071875928495
126.3671875,0.0007973886394283374,0.000797385992066928,-0.00011511071876027289,-0.00011511071876027289
126.40625,0.000797388639435138,0.0007973859920737286,-0.00011511071876125462,-0.00011511071876125462
126.4453125,0.0007973886394418957,0.0007973859920804863,-0.00011511071876223017,-0.00011511071876223017
126.484375,0.0007973886394486109,0.0007973859920872015,-0.00011511071876319958,-0.00011511071876319958
126.5234375,0.000797388639455284,0.0007973859920938746,-0.00011511071876416288,-0.00011511071876416288
126.5625,0.000797388639461915,0.0007973859921005055,-0.00011511071876512014,-0.00011511071876512014
126.6015625,0.0007973886394685042,0.0007973859921070948,-0.00011511071876607136,-0.00011511071876607136
126.640625,0.000797388639475052,0.0007973859921136426,-0.00011511071876701661,-0.00011511071876701661
126.6796875,0.0007973886394815586,0.0007973859921201492,-0.00011511071876795591,-0.00011511071876795591
126.71875,0.0007973886394880243,0.000797385992126615,-0.00011511071876888928,-0.00011511071876888928
126.7578125,0.0007973886394944493,0.00079738599213304,-0.0001151107187698168,-0.0001151107187698168
126.796875,0.0007973886395008338,0.0007973859921394245,-0.00011511071877073847,-0.00011511071877073847
126.8359375,0.0007973886395071782,0.0007973859921457688,-0.00011511071877165435,-0.00011511071877165435
126.875,0.0007973886395134828,0.0007973859921520732,-0.00011511071877256447,-0.00011511071877256447
126.9140625,0.0007973886395197476,0.0007973859921583381,-0.00011511071877346886,-0.00011511071877346886
126.953125,0.000797388639525973,0.0007973859921645635,-0.00011511071877436755,-0.00011511071877436755
126.9921875,0.0007973886395321592,0.0007973859921707497,-0.0001151107187752606,-0.0001151107187752606
127.03125,0.0007973886395383065,0.000797385992176897,-0.00011511071877614802,-0.00011511071877614802
127.0703125,0.0007973886395444152,0.0007973859921830056,-0.00011511071877702985,-0.00011511071877702985
127.109375,0.0007973886395504854,0.0007973859921890758,-0.00011511071877790615,-0.00011511071877790615
127.1484375,0.0007973886395565173,0.0007973859921951078,-0.00011511071877877692,-0.00011511071877877692
127.1875,0.0007973886395625114,0.0007973859922011018,-0.00011511071877964222,-0.00011511071877964222
127.2265625,0.0007973886395684676,0.0007973859922070581,-0.00011511071878050208,-0.00011511071878050208
127.265625,0.0007973886395743865,0.0007973859922129769,-0.00011511071878135652,-0.00011511071878135652
127.3046875,0.0007973886395802681,0.0007973859922188585,-0.00011511071878220559,-0.00011511071878220559
127.34375,0.0007973886395861127,0.0007973859922247031,-0.00011511071878304932,-0.00011511071878304932
127.3828125,0.0007973886395919206,0.0007973859922305109,-0.00011511071878388773,-0.00011511071878388773
127.421875,0.0007973886395976919,0.0007973859922362822,-0.00011511071878472087,-0.00011511071878472087
127.4609375,0.0007973886396034269,0.0007973859922420171,-0.00011511071878554877,-0.00011511071878554877
127.5,0.0007973886396091258,0.000797385992247716,-0.00011511071878637146,-0.00011511071878637146
127.5390625,0.0007973886396147888,0.000797385992253379,-0.00011511071878718898,-0.00011511071878718898
127.578125,0.0007973886396204162,0.0007973859922590065,-0.00011511071878800134,-0.00011511071878800134
127.6171875,0.0007973886396260082,0.0007973859922645985,-0.0001151107187888086,-0.0001151107187888086
127.65625,0.000797388639631565,0.0007973859922701553,-0.00011511071878961077,-0.00011511071878961077
127.6953125,0.0007973886396370868,0.000797385992275677,-0.0001151107187904079,-0.0001151107187904079
127.734375,0.0007973886396425739,0.0007973859922811641,-0.00011511071879120002,-0.00011511071879120002
127.7734375,0.0007973886396480265,0.0007973859922866167,-0.00011511071879198715,-0.00011511071879198715
127.8125,0.0007973886396534448,0.0007973859922920348,-0.00011511071879276934,-0.00011511071879276934
127.8515625,0.000797388639658829,0.0007973859922974191,-0.00011511071879354659,-0.00011511071879354659
127.890625,0.0007973886396641793,0.0007973859923027693,-0.00011511071879431896,-0.00011511071879431896
127.9296875,0.0007973886396694959,0.000797385992308086,-0.00011511071879508647,-0.00011511071879508647
127.96875,0.0007973886396747791,0.0007973859923133691,-0.00011511071879584914,-0.00011511071879584914
128.0078125,0.000797388639680029,0.000797385992318619,-0.00011511071879660702,-0.00011511071879660702
128.046875,0.0007973886396852459,0.0007973859923238359,-0.00011511071879736013,-0.00011511071879736013
128.0859375,0.00079738863969043,0.00079738599232902,-0.0001151107187981085,-0.0001151107187981085
128.125,0.0007973886396955814,0.0007973859923341715,-0.00011511071879885217,-0.00011511071879885217
128.1640625,0.0007973886397007005,0.0007973859923392906,-0.00011511071879959115,-0.00011511071879959115
128.203125,0.0007973886397057874,0.0007973859923443773,-0.00011511071880032548,-0.00011511071880032548
128.2421875,0.0007973886397108422,0.0007973859923494321,-0.0001151107188010552,-0.0001151107188010552
128.28125,0.0007973886397158652,0.0007973859923544551,-0.00011511071880178032,-0.00011511071880178032
128.3203125,0.0007973886397208567,0.0007973859923594465,-0.00011511071880250088,-0.00011511071880250088
128.359375,0.0007973886397258167,0.0007973859923644065,-0.0001151107188032169,-0.0001151107188032169
128.3984375,0.0007973886397307455,0.0007973859923693353,-0.00011511071880392842,-0.00011511071880392842
128.4375,0.0007973886397356433,0.0007973859923742331,-0.00011511071880463547,-0.00011511071880463547
128.4765625,0.0007973886397405102,0.0007973859923791,-0.00011511071880533806,-0.00011511071880533806
128.515625,0.0007973886397453465,0.0007973859923839364,-0.00011511071880603623,-0.00011511071880603623
128.5546875,0.0007973886397501525,0.0007973859923887422,-0.00011511071880673001,-0.00011511071880673001
128.59375,0.0007973886397549282,0.0007973859923935179,-0.00011511071880741943,-0.00011511071880741943
128.6328125,0.0007973886397596738,0.0007973859923982636,-0.00011511071880810451,-0.00011511071880810451
128.671875,0.0007973886397643896,0.0007973859924029794,-0.00011511071880878528,-0.00011511071880878528
128.7109375,0.0007973886397690757,0.0007973859924076654,-0.00011511071880946177,-0.00011511071880946177
128.75,0.0007973886397737324,0.000797385992412322,-0.00011511071881013399,-0.00011511071881013399
128.7890625,0.0007973886397783596,0.0007973859924169492,-0.00011511071881080199,-0.00011511071881080199
128.828125,0.0007973886397829578,0.0007973859924215475,-0.00011511071881146578,-0.00011511071881146578
128.8671875,0.0007973886397875271,0.0007973859924261167,-0.0001151107188121254,-0.0001151107188121254
128.90625,0.0007973886397920676,0.0007973859924306572,-0.00011511071881278086,-0.00011511071881278086
128.9453125,0.0007973886397965795,0.0007973859924351692,-0.00011511071881343221,-0.00011511071881343221
128.984375,0.0007973886398010632,0.0007973859924396527,-0.00011511071881407945,-0.00011511071881407945
129.0234375,0.0007973886398055185,0.0007973859924441081,-0.00011511071881472263,-0.00011511071881472263
129.0625,0.0007973886398099458,0.0007973859924485354,-0.00011511071881536175,-0.00011511071881536175
129.1015625,0.0007973886398143453,0.0007973859924529347,-0.00011511071881599687,-0.00011511071881599687
129.140625,0.0007973886398187171,0.0007973859924573065,-0.00011511071881662797,-0.00011511071881662797
129.1796875,0.0007973886398230614,0.0007973859924616508,-0.00011511071881725511,-0.00011511071881725511
129.21875,0.0007973886398273784,0.0007973859924659678,-0.0001151107188178783,-0.0001151107188178783
129.2578125,0.0007973886398316681,0.0007973859924702575,-0.00011511071881849756,-0.00011511071881849756
129.296875,0.0007973886398359309,0.0007973859924745203,-0.00011511071881911294,-0.00011511071881911294
129.3359375,0.0007973886398401669,0.0007973859924787563,-0.00011511071881972445,-0.00011511071881972445
129.375,0.0007973886398443762,0.0007973859924829655,-0.0001151107188203321,-0.0001151107188203321
129.4140625,0.000797388639848559,0.0007973859924871483,-0.00011511071882093592,-0.00011511071882093592
129.453125,0.0007973886398527155,0.0007973859924913048,-0.00011511071882153596,-0.00011511071882153596
129.4921875,0.0007973886398568459,0.0007973859924954351,-0.00011511071882213222,-0.00011511071882213222
129.53125,0.0007973886398609503,0.0007973859924995395,-0.00011511071882272472,-0.00011511071882272472
129.5703125,0.0007973886398650288,0.000797385992503618,-0.0001151107188233135,-0.0001151107188233135
129.609375,0.0007973886398690817,0.0007973859925076708,-0.00011511071882389856,-0.00011511071882389856
129.6484375,0.000797388639873109,0.0007973859925116983,-0.00011511071882447995,-0.00011511071882447995
129.6875,0.000797388639877111,0.0007973859925157002,-0.00011511071882505769,-0.00011511071882505769
129.7265625,0.0007973886398810879,0.0007973859925196771,-0.00011511071882563178,-0.00011511071882563178
129.765625,0.0007973886398850397,0.0007973859925236288,-0.00011511071882620227,-0.00011511071882620227
129.8046875,0.0007973886398889667,0.0007973859925275559,-0.00011511071882676916,-0.00011511071882676916
129.84375,0.000797388639892869,0.000797385992531458,-0.0001151107188273325,-0.0001151107188273325
129.8828125,0.0007973886398967466,0.0007973859925353358,-0.00011511071882789227,-0.00011511071882789227
129.921875,0.0007973886399005999,0.0007973859925391891,-0.00011511071882844853,-0.00011511071882844853
129.9609375,0.0007973886399044289,0.0007973859925430181,-0.0001151107188290013,-0.0001151107188290013
130.0,0.0007973886399082339,0.0007973859925468231,-0.00011511071882955059,-0.00011511071882955059
130.0390625,0.000797388639912015,0.0007973859925506042,-0.00011511071883009641,-0.00011511071883009641
130.078125,0.0007973886399157722,0.0007973859925543612,-0.0001151107188306388,-0.0001151107188306388
130.1171875,0.0007973886399195057,0.0007973859925580949,-0.00011511071883117778,-0.00011511071883117778
130.15625,0.0007973886399232159,0.0007973859925618051,-0.00011511071883171337,-0.00011511071883171337
130.1953125,0.0007973886399269026,0.0007973859925654918,-0.00011511071883224559,-0.00011511071883224559
130.234375,0.0007973886399305661,0.0007973859925691553,-0.00011511071883277446,-0.00011511071883277446
130.2734375,0.0007973886399342066,0.0007973859925727958,-0.0001151107188333,-0.0001151107188333
130.3125,0.0007973886399378242,0.0007973859925764134,-0.00011511071883382223,-0.00011511071883382223
130.3515625,0.0007973886399414191,0.0007973859925800082,-0.00011511071883434119,-0.00011511071883434119
130.390625,0.0007973886399449913,0.0007973859925835804,-0.00011511071883485687,-0.00011511071883485687
130.4296875,0.0007973886399485411,0.0007973859925871302,-0.00011511071883536931,-0.00011511071883536931
130.46875,0.0007973886399520686,0.0007973859925906576,-0.00011511071883587853,-0.00011511071883587853
130.5078125,0.0007973886399555738,0.0007973859925941627,-0.00011511071883638454,-0.00011511071883638454
130.546875,0.0007973886399590569,0.0007973859925976459,-0.00011511071883688737,-0.00011511071883688737
130.5859375,0.0007973886399625181,0.0007973859926011071,-0.00011511071883738702,-0.00011511071883738702
130.625,0.0007973886399659575,0.0007973859926045465,-0.00011511071883788355,-0.00011511071883788355
130.6640625,0.0007973886399693753,0.0007973859926079643,-0.00011511071883837694,-0.00011511071883837694
130.703125,0.0007973886399727717,0.0007973859926113608,-0.00011511071883886723,-0.00011511071883886723
130.7421875,0.0007973886399761466,0.0007973859926147357,-0.00011511071883935444,-0.00011511071883935444
130.78125,0.0007973886399795004,0.0007973859926180894,-0.00011511071883983858,-0.00011511071883983858
130.8203125,0.000797388639982833,0.0007973859926214219,-0.00011511071884031968,-0.00011511071884031968
130.859375,0.0007973886399861447,0.0007973859926247336,-0.00011511071884079775,-0.00011511071884079775
130.8984375,0.0007973886399894355,0.0007973859926280243,-0.0001151107188412728,-0.0001151107188412728
130.9375,0.0007973886399927055,0.0007973859926312945,-0.00011511071884174488,-0.00011511071884174488
130.9765625,0.0007973886399959551,0.0007973859926345441,-0.00011511071884221397,-0.00011511071884221397
131.015625,0.0007973886399991842,0.000797385992637773,-0.00011511071884268012,-0.00011511071884268012
131.0546875,0.000797388640002393,0.0007973859926409817,-0.00011511071884314334,-0.00011511071884314334
131.09375,0.0007973886400055815,0.0007973859926441703,-0.00011511071884360363,-0.00011511071884360363
131.1328125,0.00079738864000875,0.0007973859926473388,-0.00011511071884406105,-0.00011511071884406105
131.171875,0.0007973886400118985,0.0007973859926504874,-0.00011511071884451557,-0.00011511071884451557
131.2109375,0.0007973886400150273,0.0007973859926536162,-0.00011511071884496724,-0.00011511071884496724
131.25,0.0007973886400181364,0.0007973859926567252,-0.00011511071884541605,-0.00011511071884541605
131.2890625,0.0007973886400212259,0.0007973859926598147,-0.00011511071884586205,-0.00011511071884586205
131.328125,0.0007973886400242959,0.0007973859926628848,-0.00011511071884630525,-0.00011511071884630525
131.3671875,0.0007973886400273467,0.0007973859926659355,-0.00011511071884674567,-0.00011511071884674567
131.40625,0.0007973886400303782,0.0007973859926689672,-0.00011511071884718329,-0.00011511071884718329
131.4453125,0.0007973886400333907,0.0007973859926719795,-0.00011511071884761818,-0.00011511071884761818
131.484375,0.0007973886400363841,0.0007973859926749731,-0.00011511071884805033,-0.00011511071884805033
131.5234375,0.0007973886400393589,0.0007973859926779478,-0.00011511071884847975,-0.00011511071884847975
131.5625,0.0007973886400423148,0.0007973859926809037,-0.00011511071884890647,-0.00011511071884890647
131.6015625,0.0007973886400452523,0.000797385992683841,-0.00011511071884933051,-0.00011511071884933051
131.640625,0.0007973886400481712,0.00079738599268676,-0.00011511071884975187,-0.00011511071884975187
131.6796875,0.0007973886400510717,0.0007973859926896605,-0.0001151107188501706,-0.0001151107188501706
131.71875,0.000797388640053954,0.0007973859926925428,-0.00011511071885058668,-0.00011511071885058668
131.7578125,0.0007973886400568181,0.0007973859926954068,-0.00011511071885100016,-0.00011511071885100016
131.796875,0.0007973886400596642,0.000797385992698253,-0.00011511071885141101,-0.00011511071885141101
131.8359375,0.0007973886400624925,0.0007973859927010811,-0.0001151107188518193,-0.0001151107188518193
131.875,0.000797388640065303,0.0007973859927038916,-0.000115110718852225,-0.000115110718852225
131.9140625,0.0007973886400680956,0.0007973859927066843,-0.00011511071885262817,-0.00011511071885262817
131.953125,0.0007973886400708708,0.0007973859927094595,-0.0001151107188530288,-0.0001151107188530288
131.9921875,0.0007973886400736284,0.0007973859927122172,-0.00011511071885342689,-0.00011511071885342689
132.03125,0.0007973886400763688,0.0007973859927149575,-0.00011511071885382248,-0.00011511071885382248
132.0703125,0.0007973886400790918,0.0007973859927176807,-0.00011511071885421559,-0.00011511071885421559
132.109375,0.0007973886400817978,0.0007973859927203866,-0.00011511071885460623,-0.00011511071885460623
132.1484375,0.0007973886400844867,0.0007973859927230756,-0.0001151107188549944,-0.0001151107188549944
132.1875,0.0007973886400871587,0.0007973859927257476,-0.00011511071885538013,-0.00011511071885538013
132.2265625,0.000797388640089814,0.0007973859927284028,-0.00011511071885576344,-0.00011511071885576344
132.265625,0.0007973886400924525,0.0007973859927310413,-0.00011511071885614433,-0.00011511071885614433
132.3046875,0.0007973886400950744,0.0007973859927336631,-0.00011511071885652282,-0.00011511071885652282
132.34375,0.0007973886400976798,0.0007973859927362685,-0.00011511071885689895,-0.00011511071885689895
132.3828125,0.0007973886401002688,0.0007973859927388577,-0.0001151107188572727,-0.0001151107188572727
132.421875,0.0007973886401028415,0.0007973859927414304,-0.00011511071885764409,-0.00011511071885764409
132.4609375,0.000797388640105398,0.0007973859927439868,-0.00011511071885801316,-0.00011511071885801316
132.5,0.0007973886401079386,0.0007973859927465273,-0.0001151107188583799,-0.0001151107188583799
132.5390625,0.000797388640110463,0.0007973859927490516,-0.00011511071885874433,-0.00011511071885874433
132.578125,0.0007973886401129716,0.0007973859927515603,-0.00011511071885910646,-0.00011511071885910646
132.6171875,0.0007973886401154644,0.0007973859927540531,-0.00011511071885946633,-0.00011511071885946633
132.65625,0.0007973886401179415,0.0007973859927565302,-0.00011511071885982392,-0.00011511071885982392
132.6953125,0.0007973886401204031,0.0007973859927589917,-0.00011511071886017927,-0.00011511071886017927
132.734375,0.0007973886401228492,0.0007973859927614377,-0.00011511071886053238,-0.00011511071886053238
132.7734375,0.0007973886401252798,0.0007973859927638684,-0.00011511071886088326,-0.00011511071886088326
132.8125,0.0007973886401276952,0.0007973859927662837,-0.00011511071886123195,-0.00011511071886123195
132.8515625,0.0007973886401300954,0.0007973859927686838,-0.00011511071886157843,-0.00011511071886157843
132.890625,0.0007973886401324804,0.0007973859927710689,-0.00011511071886192273,-0.00011511071886192273
132.9296875,0.0007973886401348505,0.0007973859927734389,-0.00011511071886226487,-0.00011511071886226487
132.96875,0.0007973886401372056,0.000797385992775794,-0.00011511071886260486,-0.00011511071886260486
133.0078125,0.000797388640139546,0.0007973859927781344,-0.00011511071886294271,-0.00011511071886294271
133.046875,0.0007973886401418716,0.00079738599278046,-0.00011511071886327843,-0.00011511071886327843
133.0859375,0.0007973886401441826,0.000797385992782771,-0.00011511071886361204,-0.00011511071886361204
133.125,0.000797388640146479,0.0007973859927850673,-0.00011511071886394355,-0.00011511071886394355
133.1640625,0.0007973886401487609,0.0007973859927873494,-0.00011511071886427297,-0.00011511071886427297
133.203125,0.0007973886401510285,0.000797385992789617,-0.00011511071886460032,-0.00011511071886460032
133.2421875,0.0007973886401532818,0.0007973859927918703,-0.00011511071886492562,-0.00011511071886492562
133.28125,0.000797388640155521,0.0007973859927941095,-0.00011511071886524886,-0.00011511071886524886
133.3203125,0.0007973886401577462,0.0007973859927963346,-0.00011511071886557007,-0.00011511071886557007
133.359375,0.0007973886401599573,0.0007973859927985456,-0.00011511071886588926,-0.00011511071886588926
133.3984375,0.0007973886401621544,0.0007973859928007427,-0.00011511071886620644,-0.00011511071886620644
133.4375,0.0007973886401643378,0.0007973859928029261,-0.00011511071886652164,-0.00011511071886652164
133.4765625,0.0007973886401665074,0.0007973859928050956,-0.00011511071886683483,-0.00011511071886683483
133.515625,0.0007973886401686633,0.0007973859928072515,-0.00011511071886714607,-0.00011511071886714607
133.5546875,0.0007973886401708057,0.000797385992809394,-0.00011511071886745534,-0.00011511071886745534
133.59375,0.0007973886401729346,0.0007973859928115228,-0.00011511071886776267,-0.00011511071886776267
133.6328125,0.0007973886401750501,0.0007973859928136383,-0.00011511071886806806,-0.00011511071886806806
133.671875,0.0007973886401771523,0.0007973859928157406,-0.00011511071886837154,-0.00011511071886837154
133.7109375,0.0007973886401792412,0.0007973859928178295,-0.0001151107188686731,-0.0001151107188686731
133.75,0.000797388640181317,0.0007973859928199053,-0.00011511071886897277,-0.00011511071886897277
133.7890625,0.0007973886401833798,0.000797385992821968,-0.00011511071886927055,-0.00011511071886927055
133.828125,0.0007973886401854296,0.0007973859928240179,-0.00011511071886956645,-0.00011511071886956645
133.8671875,0.0007973886401874665,0.0007973859928260548,-0.0001151107188698605,-0.0001151107188698605
133.90625,0.0007973886401894906,0.0007973859928280788,-0.0001151107188701527,-0.0001151107188701527
133.9453125,0.0007973886401915019,0.0007973859928300902,-0.00011511071887044305,-0.00011511071887044305
133.984375,0.0007973886401935006,0.000797385992832089,-0.00011511071887073158,-0.00011511071887073158
134.0234375,0.0007973886401954868,0.000797385992834075,-0.0001151107188710183,-0.0001151107188710183
134.0625,0.0007973886401974604,0.0007973859928360486,-0.0001151107188713032,-0.0001151107188713032
134.1015625,0.0007973886401994216,0.0007973859928380098,-0.00011511071887158632,-0.00011511071887158632
134.140625,0.0007973886402013704,0.0007973859928399586,-0.00011511071887186766,-0.00011511071887186766
134.1796875,0.000797388640203307,0.0007973859928418951,-0.00011511071887214722,-0.00011511071887214722
134.21875,0.0007973886402052315,0.0007973859928438195,-0.00011511071887242502,-0.00011511071887242502
134.2578125,0.0007973886402071438,0.0007973859928457319,-0.00011511071887270109,-0.00011511071887270109
134.296875,0.0007973886402090441,0.0007973859928476322,-0.0001151107188729754,-0.0001151107188729754
134.3359375,0.0007973886402109324,0.0007973859928495204,-0.000115110718873248,-0.000115110718873248
134.375,0.0007973886402128089,0.0007973859928513969,-0.00011511071887351889,-0.00011511071887351889
134.4140625,0.0007973886402146735,0.0007973859928532615,-0.00011511071887378805,-0.00011511071887378805
134.453125,0.0007973886402165264,0.0007973859928551144,-0.00011511071887405554,-0.00011511071887405554
134.4921875,0.0007973886402183676,0.0007973859928569556,-0.00011511071887432135,-0.00011511071887432135
134.53125,0.0007973886402201972,0.0007973859928587853,-0.00011511071887458547,-0.00011511071887458547
134.5703125,0.0007973886402220153,0.0007973859928606034,-0.00011511071887484793,-0.00011511071887484793
134.609375,0.000797388640223822,0.0007973859928624101,-0.00011511071887510875,-0.00011511071887510875
134.6484375,0.0007973886402256173,0.0007973859928642054,-0.00011511071887536791,-0.00011511071887536791
134.6875,0.0007973886402274014,0.0007973859928659894,-0.00011511071887562546,-0.00011511071887562546
134.7265625,0.0007973886402291741,0.0007973859928677621,-0.00011511071887588138,-0.00011511071887588138
134.765625,0.0007973886402309358,0.0007973859928695239,-0.00011511071887613569,-0.00011511071887613569
134.8046875,0.0007973886402326863,0.0007973859928712743,-0.0001151107188763884,-0.0001151107188763884
134.84375,0.0007973886402344259,0.0007973859928730139,-0.00011511071887663952,-0.00011511071887663952
134.8828125,0.0007973886402361546,0.0007973859928747426,-0.00011511071887688906,-0.00011511071887688906
134.921875,0.0007973886402378723,0.0007973859928764603,-0.00011511071887713703,-0.00011511071887713703
134.9609375,0.0007973886402395792,0.0007973859928781672,-0.00011511071887738344,-0.00011511071887738344
135.0,0.0007973886402412754,0.0007973859928798632,-0.0001151107188776283,-0.0001151107188776283
135.0390625,0.0007973886402429609,0.0007973859928815489,-0.00011511071887787162,-0.00011511071887787162
135.078125,0.0007973886402446357,0.0007973859928832237,-0.00011511071887811341,-0.00011511071887811341
135.1171875,0.0007973886402463001,0.0007973859928848881,-0.00011511071887835368,-0.00011511071887835368
135.15625,0.0007973886402479539,0.0007973859928865419,-0.00011511071887859244,-0.00011511071887859244
135.1953125,0.0007973886402495974,0.0007973859928881855,-0.00011511071887882969,-0.00011511071887882969
135.234375,0.0007973886402512305,0.0007973859928898185,-0.00011511071887906545,-0.00011511071887906545
135.2734375,0.0007973886402528533,0.0007973859928914414,-0.00011511071887929972,-0.00011511071887929972
135.3125,0.000797388640254466,0.0007973859928930541,-0.00011511071887953252,-0.00011511071887953252
135.3515625,0.0007973886402560685,0.0007973859928946566,-0.00011511071887976386,-0.00011511071887976386
135.390625,0.000797388640257661,0.000797385992896249,-0.00011511071887999374,-0.00011511071887999374
135.4296875,0.0007973886402592434,0.0007973859928978315,-0.00011511071888022218,-0.00011511071888022218
135.46875,0.0007973886402608158,0.0007973859928994039,-0.00011511071888044917,-0.00011511071888044917
135.5078125,0.0007973886402623784,0.0007973859929009664,-0.00011511071888067474,-0.00011511071888067474
135.546875,0.0007973886402639311,0.0007973859929025192,-0.0001151107188808989,-0.0001151107188808989
135.5859375,0.000797388640265474,0.0007973859929040621,-0.00011511071888112164,-0.00011511071888112164
135.625,0.0007973886402670073,0.0007973859929055954,-0.00011511071888134298,-0.00011511071888134298
135.6640625,0.0007973886402685309,0.0007973859929071189,-0.00011511071888156292,-0.00011511071888156292
135.703125,0.0007973886402700449,0.000797385992908633,-0.00011511071888178148,-0.00011511071888178148
135.7421875,0.0007973886402715493,0.0007973859929101374,-0.00011511071888199868,-0.00011511071888199868
135.78125,0.0007973886402730443,0.0007973859929116324,-0.00011511071888221449,-0.00011511071888221449
135.8203125,0.0007973886402745299,0.0007973859929131181,-0.00011511071888242895,-0.00011511071888242895
135.859375,0.0007973886402760062,0.0007973859929145944,-0.00011511071888264207,-0.00011511071888264207
135.8984375,0.0007973886402774731,0.0007973859929160612,-0.00011511071888285384,-0.00011511071888285384
135.9375,0.0007973886402789308,0.000797385992917519,-0.00011511071888306428,-0.00011511071888306428
135.9765625,0.0007973886402803794,0.0007973859929189676,-0.0001151107188832734,-0.0001151107188832734
136.015625,0.0007973886402818189,0.0007973859929204071,-0.0001151107188834812,-0.0001151107188834812
136.0546875,0.0007973886402832493,0.0007973859929218374,-0.00011511071888368769,-0.00011511071888368769
136.09375,0.0007973886402846707,0.0007973859929232588,-0.00011511071888389289,-0.00011511071888389289
136.1328125,0.0007973886402860832,0.0007973859929246712,-0.00011511071888409678,-0.00011511071888409678
136.171875,0.0007973886402874868,0.0007973859929260749,-0.0001151107188842994,-0.0001151107188842994
136.2109375,0.0007973886402888815,0.0007973859929274696,-0.00011511071888450074,-0.00011511071888450074
136.25,0.0007973886402902674,0.0007973859929288555,-0.00011511071888470082,-0.00011511071888470082
136.2890625,0.0007973886402916447,0.0007973859929302328,-0.00011511071888489963,-0.00011511071888489963
136.328125,0.0007973886402930133,0.0007973859929316014,-0.0001151107188850972,-0.0001151107188850972
136.3671875,0.0007973886402943732,0.0007973859929329614,-0.00011511071888529354,-0.00011511071888529354
136.40625,0.0007973886402957246,0.0007973859929343127,-0.00011511071888548863,-0.00011511071888548863
136.4453125,0.0007973886402970675,0.0007973859929356555,-0.00011511071888568248,-0.00011511071888568248
136.484375,0.000797388640298402,0.0007973859929369901,-0.00011511071888587512,-0.00011511071888587512
136.5234375,0.0007973886402997281,0.0007973859929383162,-0.00011511071888606655,-0.00011511071888606655
136.5625,0.0007973886403010458,0.0007973859929396338,-0.00011511071888625678,-0.00011511071888625678
136.6015625,0.0007973886403023552,0.0007973859929409432,-0.0001151107188864458,-0.0001151107188864458
136.640625,0.0007973886403036563,0.0007973859929422444,-0.00011511071888663364,-0.00011511071888663364
136.6796875,0.0007973886403049494,0.0007973859929435375,-0.0001151107188868203,-0.0001151107188868203
136.71875,0.0007973886403062343,0.0007973859929448223,-0.00011511071888700579,-0.00011511071888700579
136.7578125,0.000797388640307511,0.0007973859929460991,-0.0001151107188871901,-0.0001151107188871901
136.796875,0.0007973886403087797,0.0007973859929473677,-0.00011511071888737326,-0.00011511071888737326
136.8359375,0.0007973886403100405,0.0007973859929486287,-0.00011511071888755527,-0.00011511071888755527
136.875,0.0007973886403112932,0.0007973859929498815,-0.00011511071888773612,-0.00011511071888773612
136.9140625,0.0007973886403125382,0.0007973859929511262,-0.00011511071888791584,-0.00011511071888791584
136.953125,0.0007973886403137753,0.0007973859929523634,-0.00011511071888809443,-0.00011511071888809443
136.9921875,0.0007973886403150047,0.0007973859929535928,-0.0001151107188882719,-0.0001151107188882719
137.03125,0.0007973886403162263,0.0007973859929548144,-0.00011511071888844824,-0.00011511071888844824
137.0703125,0.0007973886403174401,0.0007973859929560282,-0.00011511071888862348,-0.00011511071888862348
137.109375,0.0007973886403186464,0.0007973859929572345,-0.00011511071888879761,-0.00011511071888879761
137.1484375,0.0007973886403198451,0.0007973859929584332,-0.00011511071888897066,-0.00011511071888897066
137.1875,0.0007973886403210362,0.0007973859929596243,-0.0001151107188891426,-0.0001151107188891426
137.2265625,0.0007973886403222198,0.0007973859929608079,-0.00011511071888931348,-0.00011511071888931348
137.265625,0.000797388640323396,0.0007973859929619842,-0.00011511071888948328,-0.00011511071888948328
137.3046875,0.0007973886403245648,0.000797385992963153,-0.000115110718889652,-0.000115110718889652
137.34375,0.0007973886403257261,0.0007973859929643145,-0.00011511071888981966,-0.00011511071888981966
137.3828125,0.0007973886403268803,0.0007973859929654685,-0.00011511071888998628,-0.00011511071888998628
137.421875,0.0007973886403280271,0.0007973859929666154,-0.00011511071889015184,-0.00011511071889015184
137.4609375,0.0007973886403291668,0.0007973859929677551,-0.00011511071889031636,-0.00011511071889031636
137.5,0.0007973886403302992,0.0007973859929688875,-0.00011511071889047985,-0.00011511071889047985
137.5390625,0.0007973886403314246,0.0007973859929700128,-0.0001151107188906423,-0.0001151107188906423
137.578125,0.0007973886403325429,0.0007973859929711312,-0.00011511071889080374,-0.00011511071889080374
137.6171875,0.000797388640333654,0.0007973859929722424,-0.00011511071889096416,-0.00011511071889096416
137.65625,0.0007973886403347583,0.0007973859929733466,-0.00011511071889112356,-0.00011511071889112356
137.6953125,0.0007973886403358556,0.000797385992974444,-0.00011511071889128197,-0.00011511071889128197
137.734375,0.000797388640336946,0.0007973859929755343,-0.00011511071889143938,-0.00011511071889143938
137.7734375,0.0007973886403380296,0.0007973859929766179,-0.0001151107188915958,-0.0001151107188915958
137.8125,0.0007973886403391063,0.0007973859929776946,-0.00011511071889175124,-0.00011511071889175124
137.8515625,0.0007973886403401762,0.0007973859929787645,-0.0001151107188919057,-0.0001151107188919057
137.890625,0.0007973886403412393,0.0007973859929798278,-0.00011511071889205918,-0.00011511071889205918
137.9296875,0.0007973886403422959,0.0007973859929808842,-0.0001151107188922117,-0.0001151107188922117
137.96875,0.0007973886403433457,0.0007973859929819342,-0.00011511071889236326,-0.00011511071889236326
138.0078125,0.000797388640344389,0.0007973859929829775,-0.00011511071889251386,-0.00011511071889251386
138.046875,0.0007973886403454257,0.0007973859929840141,-0.00011511071889266351,-0.00011511071889266351
138.0859375,0.0007973886403464559,0.0007973859929850442,-0.00011511071889281224,-0.00011511071889281224
138.125,0.0007973886403474796,0.000797385992986068,-0.00011511071889296001,-0.00011511071889296001
138.1640625,0.0007973886403484969,0.0007973859929870852,-0.00011511071889310687,-0.00011511071889310687
138.203125,0.0007973886403495078,0.0007973859929880961,-0.00011511071889325279,-0.00011511071889325279
138.2421875,0.0007973886403505123,0.0007973859929891006,-0.0001151107188933978,-0.0001151107188933978
138.28125,0.0007973886403515105,0.0007973859929900987,-0.0001151107188935419,-0.0001151107188935419
138.3203125,0.0007973886403525025,0.0007973859929910906,-0.00011511071889368509,-0.00011511071889368509
138.359375,0.0007973886403534881,0.0007973859929920762,-0.00011511071889382738,-0.00011511071889382738
138.3984375,0.0007973886403544676,0.0007973859929930557,-0.00011511071889396877,-0.00011511071889396877
138.4375,0.0007973886403554409,0.000797385992994029,-0.00011511071889410927,-0.00011511071889410927
138.4765625,0.0007973886403564081,0.0007973859929949962,-0.0001151107188942489,-0.0001151107188942489
138.515625,0.0007973886403573691,0.0007973859929959573,-0.00011511071889438764,-0.00011511071889438764
138.5546875,0.0007973886403583242,0.0007973859929969123,-0.0001151107188945255,-0.0001151107188945255
138.59375,0.0007973886403592732,0.0007973859929978613,-0.00011511071889466251,-0.00011511071889466251
138.6328125,0.0007973886403602162,0.0007973859929988044,-0.00011511071889479864,-0.00011511071889479864
138.671875,0.0007973886403611533,0.0007973859929997415,-0.00011511071889493393,-0.00011511071889493393
138.7109375,0.0007973886403620845,0.0007973859930006727,-0.00011511071889506835,-0.00011511071889506835
138.75,0.0007973886403630099,0.0007973859930015981,-0.00011511071889520194,-0.00011511071889520194
138.7890625,0.0007973886403639294,0.0007973859930025176,-0.00011511071889533469,-0.00011511071889533469
138.828125,0.0007973886403648432,0.0007973859930034314,-0.0001151107188954666,-0.0001151107188954666
138.8671875,0.0007973886403657512,0.0007973859930043393,-0.00011511071889559767,-0.00011511071889559767
138.90625,0.0007973886403666535,0.0007973859930052417,-0.00011511071889572793,-0.00011511071889572793
138.9453125,0.0007973886403675501,0.0007973859930061383,-0.00011511071889585737,-0.00011511071889585737
138.984375,0.0007973886403684411,0.0007973859930070292,-0.00011511071889598598,-0.00011511071889598598
139.0234375,0.0007973886403693265,0.0007973859930079146,-0.0001151107188961138,-0.0001151107188961138
139.0625,0.0007973886403702063,0.0007973859930087943,-0.00011511071889624081,-0.00011511071889624081
139.1015625,0.0007973886403710806,0.0007973859930096686,-0.00011511071889636701,-0.00011511071889636701
139.140625,0.0007973886403719494,0.0007973859930105375,-0.00011511071889649243,-0.00011511071889649243
139.1796875,0.0007973886403728126,0.0007973859930114007,-0.00011511071889661705,-0.00011511071889661705
139.21875,0.0007973886403736704,0.0007973859930122586,-0.0001151107188967409,-0.0001151107188967409
139.2578125,0.0007973886403745229,0.000797385993013111,-0.00011511071889686395,-0.00011511071889686395
139.296875,0.00079738864037537,0.0007973859930139581,-0.00011511071889698624,-0.00011511071889698624
139.3359375,0.0007973886403762118,0.0007973859930147999,-0.00011511071889710775,-0.00011511071889710775
139.375,0.0007973886403770483,0.0007973859930156364,-0.0001151107188972285,-0.0001151107188972285
139.4140625,0.0007973886403778795,0.0007973859930164676,-0.0001151107188973485,-0.0001151107188973485
139.453125,0.0007973886403787055,0.0007973859930172936,-0.00011511071889746775,-0.00011511071889746775
139.4921875,0.0007973886403795262,0.0007973859930181143,-0.00011511071889758624,-0.00011511071889758624
139.53125,0.0007973886403803419,0.00079738599301893,-0.00011511071889770397,-0.00011511071889770397
139.5703125,0.0007973886403811523,0.0007973859930197405,-0.00011511071889782098,-0.00011511071889782098
139.609375,0.0007973886403819576,0.0007973859930205457,-0.00011511071889793723,-0.00011511071889793723
139.6484375,0.000797388640382758,0.0007973859930213461,-0.00011511071889805277,-0.00011511071889805277
139.6875,0.0007973886403835533,0.0007973859930221414,-0.00011511071889816759,-0.00011511071889816759
139.7265625,0.0007973886403843435,0.0007973859930229316,-0.00011511071889828167,-0.00011511071889828167
139.765625,0.0007973886403851288,0.000797385993023717,-0.00011511071889839504,-0.00011511071889839504
139.8046875,0.0007973886403859092,0.0007973859930244974,-0.00011511071889850769,-0.00011511071889850769
139.84375,0.0007973886403866847,0.0007973859930252728,-0.00011511071889861963,-0.00011511071889861963
139.8828125,0.0007973886403874552,0.0007973859930260434,-0.00011511071889873087,-0.00011511071889873087
139.921875,0.000797388640388221,0.0007973859930268091,-0.00011511071889884142,-0.00011511071889884142
139.9609375,0.0007973886403889819,0.00079738599302757,-0.00011511071889895126,-0.00011511071889895126
140.0,0.000797388640389738,0.0007973859930283261,-0.00011511071889906041,-0.00011511071889906041
140.0390625,0.0007973886403904893,0.0007973859930290777,-0.00011511071889916887,-0.00011511071889916887
140.078125,0.000797388640391236,0.0007973859930298242,-0.00011511071889927666,-0.00011511071889927666
140.1171875,0.000797388640391978,0.0007973859930305662,-0.00011511071889938376,-0.00011511071889938376
140.15625,0.0007973886403927152,0.0007973859930313034,-0.0001151107188994902,-0.0001151107188994902
140.1953125,0.0007973886403934478,0.0007973859930320359,-0.00011511071889959597,-0.00011511071889959597
140.234375,0.0007973886403941758,0.000797385993032764,-0.00011511071889970105,-0.00011511071889970105
140.2734375,0.0007973886403948993,0.0007973859930334875,-0.00011511071889980549,-0.00011511071889980549
140.3125,0.0007973886403956183,0.0007973859930342063,-0.00011511071889990928,-0.00011511071889990928
140.3515625,0.0007973886403963326,0.0007973859930349207,-0.0001151107189000124,-0.0001151107189000124
140.390625,0.0007973886403970425,0.0007973859930356306,-0.00011511071890011488,-0.00011511071890011488
140.4296875,0.0007973886403977479,0.000797385993036336,-0.00011511071890021671,-0.00011511071890021671
140.46875,0.0007973886403984488,0.000797385993037037,-0.0001151107189003179,-0.0001151107189003179
140.5078125,0.0007973886403991454,0.0007973859930377335,-0.00011511071890041846,-0.00011511071890041846
140.546875,0.0007973886403998375,0.0007973859930384258,-0.00011511071890051838,-0.00011511071890051838
140.5859375,0.0007973886404005254,0.0007973859930391135,-0.00011511071890061767,-0.00011511071890061767
140.625,0.0007973886404012088,0.000797385993039797,-0.00011511071890071634,-0.00011511071890071634
140.6640625,0.000797388640401888,0.0007973859930404762,-0.00011511071890081438,-0.00011511071890081438
140.703125,0.0007973886404025629,0.0007973859930411511,-0.00011511071890091182,-0.00011511071890091182
140.7421875,0.0007973886404032336,0.0007973859930418217,-0.00011511071890100863,-0.00011511071890100863
140.78125,0.0007973886404039,0.0007973859930424881,-0.00011511071890110484,-0.00011511071890110484
140.8203125,0.0007973886404045623,0.0007973859930431505,-0.00011511071890120045,-0.00011511071890120045
140.859375,0.0007973886404052204,0.0007973859930438086,-0.00011511071890129545,-0.00011511071890129545
140.8984375,0.0007973886404058744,0.0007973859930444625,-0.00011511071890138985,-0.00011511071890138985
140.9375,0.0007973886404065243,0.0007973859930451122,-0.00011511071890148366,-0.00011511071890148366
140.9765625,0.00079738864040717,0.0007973859930457581,-0.00011511071890157689,-0.00011511071890157689
141.015625,0.0007973886404078116,0.0007973859930463998,-0.00011511071890166952,-0.00011511071890166952
141.0546875,0.0007973886404084493,0.0007973859930470375,-0.00011511071890176157,-0.00011511071890176157
141.09375,0.0007973886404090829,0.000797385993047671,-0.00011511071890185303,-0.00011511071890185303
141.1328125,0.0007973886404097125,0.0007973859930483008,-0.00011511071890194393,-0.00011511071890194393
141.171875,0.0007973886404103382,0.0007973859930489264,-0.00011511071890203426,-0.00011511071890203426
141.2109375,0.0007973886404109599,0.000797385993049548,-0.00011511071890212402,-0.00011511071890212402
141.25,0.0007973886404115778,0.0007973859930501658,-0.0001151107189022132,-0.0001151107189022132
141.2890625,0.0007973886404121918,0.0007973859930507798,-0.00011511071890230182,-0.00011511071890230182
141.328125,0.0007973886404128019,0.00079738599305139,-0.0001151107189023899,-0.0001151107189023899
141.3671875,0.0007973886404134082,0.0007973859930519962,-0.00011511071890247742,-0.00011511071890247742
141.40625,0.0007973886404140106,0.0007973859930525986,-0.00011511071890256439,-0.00011511071890256439
141.4453125,0.0007973886404146092,0.0007973859930531972,-0.0001151107189026508,-0.0001151107189026508
141.484375,0.000797388640415204,0.0007973859930537921,-0.00011511071890273668,-0.00011511071890273668
141.5234375,0.0007973886404157952,0.0007973859930543833,-0.00011511071890282201,-0.00011511071890282201
141.5625,0.0007973886404163826,0.0007973859930549707,-0.00011511071890290682,-0.00011511071890290682
141.6015625,0.0007973886404169663,0.0007973859930555544,-0.00011511071890299108,-0.00011511071890299108
141.640625,0.0007973886404175464,0.0007973859930561344,-0.00011511071890307482,-0.00011511071890307482
141.6796875,0.0007973886404181227,0.0007973859930567108,-0.00011511071890315802,-0.00011511071890315802
141.71875,0.0007973886404186955,0.0007973859930572836,-0.0001151107189032407,-0.0001151107189032407
141.7578125,0.0007973886404192647,0.0007973859930578528,-0.00011511071890332287,-0.00011511071890332287
141.796875,0.0007973886404198303,0.0007973859930584183,-0.00011511071890340453,-0.00011511071890340453
141.8359375,0.0007973886404203924,0.0007973859930589804,-0.00011511071890348565,-0.00011511071890348565
141.875,0.0007973886404209509,0.0007973859930595389,-0.00011511071890356628,-0.00011511071890356628
141.9140625,0.0007973886404215059,0.0007973859930600939,-0.0001151107189036464,-0.0001151107189036464
141.953125,0.0007973886404220574,0.0007973859930606452,-0.000115110718903726,-0.000115110718903726
141.9921875,0.0007973886404226055,0.0007973859930611933,-0.00011511071890380511,-0.00011511071890380511
142.03125,0.0007973886404231501,0.0007973859930617378,-0.00011511071890388373,-0.00011511071890388373
142.0703125,0.0007973886404236912,0.0007973859930622791,-0.00011511071890396185,-0.00011511071890396185
142.109375,0.000797388640424229,0.0007973859930628168,-0.00011511071890403948,-0.00011511071890403948
142.1484375,0.0007973886404247632,0.0007973859930633511,-0.00011511071890411662,-0.00011511071890411662
142.1875,0.0007973886404252942,0.0007973859930638821,-0.00011511071890419327,-0.00011511071890419327
142.2265625,0.0007973886404258219,0.0007973859930644096,-0.00011511071890426943,-0.00011511071890426943
142.265625,0.0007973886404263462,0.0007973859930649341,-0.00011511071890434513,-0.00011511071890434513
142.3046875,0.0007973886404268672,0.000797385993065455,-0.00011511071890442034,-0.00011511071890442034
142.34375,0.000797388640427385,0.0007973859930659727,-0.00011511071890449508,-0.00011511071890449508
142.3828125,0.0007973886404278994,0.0007973859930664873,-0.00011511071890456935,-0.00011511071890456935
142.421875,0.0007973886404284106,0.0007973859930669985,-0.00011511071890464316,-0.00011511071890464316
142.4609375,0.0007973886404289187,0.0007973859930675065,-0.00011511071890471649,-0.00011511071890471649
142.5,0.0007973886404294235,0.0007973859930680114,-0.00011511071890478938,-0.00011511071890478938
142.5390625,0.0007973886404299251,0.0007973859930685131,-0.0001151107189048618,-0.0001151107189048618
142.578125,0.0007973886404304236,0.0007973859930690115,-0.00011511071890493377,-0.00011511071890493377
142.6171875,0.000797388640430919,0.000797385993069507,-0.00011511071890500527,-0.00011511071890500527
142.65625,0.0007973886404314112,0.0007973859930699991,-0.00011511071890507634,-0.00011511071890507634
142.6953125,0.0007973886404319004,0.0007973859930704884,-0.00011511071890514695,-0.00011511071890514695
142.734375,0.0007973886404323865,0.0007973859930709745,-0.00011511071890521712,-0.00011511071890521712
142.7734375,0.0007973886404328695,0.0007973859930714574,-0.00011511071890528685,-0.00011511071890528685
142.8125,0.0007973886404333495,0.0007973859930719375,-0.00011511071890535613,-0.00011511071890535613
142.8515625,0.0007973886404338264,0.0007973859930724144,-0.00011511071890542499,-0.00011511071890542499
142.890625,0.0007973886404343004,0.0007973859930728884,-0.0001151107189054934,-0.0001151107189054934
142.9296875,0.0007973886404347714,0.0007973859930733593,-0.0001151107189055614,-0.0001151107189055614
142.96875,0.0007973886404352395,0.0007973859930738272,-0.00011511071890562896,-0.00011511071890562896
143.0078125,0.0007973886404357046,0.0007973859930742925,-0.0001151107189056961,-0.0001151107189056961
143.046875,0.0007973886404361668,0.0007973859930747545,-0.00011511071890576282,-0.00011511071890576282
143.0859375,0.000797388640436626,0.0007973859930752137,-0.00011511071890582911,-0.00011511071890582911
143.125,0.0007973886404370824,0.00079738599307567,-0.00011511071890589499,-0.00011511071890589499
143.1640625,0.0007973886404375359,0.0007973859930761236,-0.00011511071890596045,-0.00011511071890596045
143.203125,0.0007973886404379865,0.0007973859930765743,-0.0001151107189060255,-0.0001151107189060255
143.2421875,0.0007973886404384343,0.000797385993077022,-0.00011511071890609015,-0.00011511071890609015
143.28125,0.0007973886404388792,0.000797385993077467,-0.00011511071890615437,-0.00011511071890615437
143.3203125,0.0007973886404393214,0.0007973859930779091,-0.00011511071890621821,-0.00011511071890621821
143.359375,0.0007973886404397608,0.0007973859930783485,-0.00011511071890628165,-0.00011511071890628165
143.3984375,0.0007973886404401974,0.0007973859930787851,-0.00011511071890634467,-0.00011511071890634467
143.4375,0.0007973886404406313,0.0007973859930792191,-0.0001151107189064073,-0.0001151107189064073
143.4765625,0.0007973886404410625,0.0007973859930796502,-0.00011511071890646954,-0.00011511071890646954
143.515625,0.000797388640441491,0.0007973859930800785,-0.00011511071890653139,-0.00011511071890653139
143.5546875,0.0007973886404419167,0.0007973859930805043,-0.00011511071890659285,-0.00011511071890659285
143.59375,0.0007973886404423398,0.0007973859930809273,-0.00011511071890665392,-0.00011511071890665392
143.6328125,0.0007973886404427601,0.0007973859930813477,-0.00011511071890671461,-0.00011511071890671461
143.671875,0.0007973886404431779,0.0007973859930817655,-0.00011511071890677492,-0.00011511071890677492
143.7109375,0.000797388640443593,0.0007973859930821806,-0.00011511071890683485,-0.00011511071890683485
143.75,0.0007973886404440056,0.0007973859930825931,-0.0001151107189068944,-0.0001151107189068944
143.7890625,0.0007973886404444155,0.000797385993083003,-0.00011511071890695357,-0.00011511071890695357
143.828125,0.0007973886404448228,0.0007973859930834105,-0.00011511071890701237,-0.00011511071890701237
143.8671875,0.0007973886404452276,0.0007973859930838151,-0.00011511071890707081,-0.00011511071890707081
143.90625,0.0007973886404456298,0.0007973859930842174,-0.00011511071890712887,-0.00011511071890712887
143.9453125,0.0007973886404460295,0.0007973859930846171,-0.00011511071890718658,-0.00011511071890718658
143.984375,0.0007973886404464267,0.0007973859930850144,-0.0001151107189072439,-0.0001151107189072439
144.0234375,0.0007973886404468213,0.0007973859930854089,-0.00011511071890730088,-0.00011511071890730088
144.0625,0.0007973886404472135,0.000797385993085801,-0.0001151107189073575,-0.0001151107189073575
144.1015625,0.0007973886404476033,0.0007973859930861908,-0.00011511071890741376,-0.00011511071890741376
144.140625,0.0007973886404479905,0.0007973859930865781,-0.00011511071890746966,-0.00011511071890746966
144.1796875,0.0007973886404483754,0.000797385993086963,-0.00011511071890752523,-0.00011511071890752523
144.21875,0.0007973886404487578,0.0007973859930873454,-0.00011511071890758043,-0.00011511071890758043
144.2578125,0.0007973886404491378,0.0007973859930877254,-0.00011511071890763529,-0.00011511071890763529
144.296875,0.0007973886404495155,0.000797385993088103,-0.0001151107189076898,-0.0001151107189076898
144.3359375,0.0007973886404498907,0.0007973859930884783,-0.00011511071890774396,-0.00011511071890774396
144.375,0.0007973886404502636,0.0007973859930888511,-0.0001151107189077978,-0.0001151107189077978
144.4140625,0.0007973886404506342,0.0007973859930892216,-0.00011511071890785129,-0.00011511071890785129
144.453125,0.0007973886404510023,0.0007973859930895898,-0.00011511071890790444,-0.00011511071890790444
144.4921875,0.0007973886404513683,0.0007973859930899557,-0.00011511071890795727,-0.00011511071890795727
144.53125,0.0007973886404517319,0.0007973859930903194,-0.00011511071890800976,-0.00011511071890800976
144.5703125,0.0007973886404520932,0.0007973859930906806,-0.0001151107189080619,-0.0001151107189080619
144.609375,0.0007973886404524521,0.0007973859930910396,-0.00011511071890811373,-0.00011511071890811373
144.6484375,0.000797388640452809,0.0007973859930913964,-0.00011511071890816524,-0.00011511071890816524
144.6875,0.0007973886404531635,0.0007973859930917509,-0.00011511071890821642,-0.00011511071890821642
144.7265625,0.0007973886404535157,0.0007973859930921032,-0.00011511071890826728,-0.00011511071890826728
144.765625,0.0007973886404538658,0.0007973859930924534,-0.00011511071890831782,-0.00011511071890831782
144.8046875,0.0007973886404542138,0.0007973859930928012,-0.00011511071890836803,-0.00011511071890836803
144.84375,0.0007973886404545594,0.0007973859930931468,-0.00011511071890841793,-0.00011511071890841793
144.8828125,0.0007973886404549029,0.0007973859930934903,-0.00011511071890846752,-0.00011511071890846752
144.921875,0.0007973886404552442,0.0007973859930938316,-0.0001151107189085168,-0.0001151107189085168
144.9609375,0.0007973886404555834,0.000797385993094171,-0.00011511071890856576,-0.00011511071890856576
145.0,0.0007973886404559205,0.000797385993094508,-0.00011511071890861443,-0.00011511071890861443
145.0390625,0.0007973886404562554,0.000797385993094843,-0.00011511071890866277,-0.00011511071890866277
145.078125,0.0007973886404565883,0.0007973859930951757,-0.00011511071890871083,-0.00011511071890871083
145.1171875,0.0007973886404569191,0.0007973859930955065,-0.00011511071890875857,-0.00011511071890875857
145.15625,0.0007973886404572477,0.0007973859930958351,-0.00011511071890880602,-0.00011511071890880602
145.1953125,0.0007973886404575742,0.0007973859930961618,-0.00011511071890885316,-0.00011511071890885316
145.234375,0.0007973886404578987,0.0007973859930964863,-0.00011511071890890001,-0.00011511071890890001
145.2734375,0.0007973886404582213,0.0007973859930968087,-0.00011511071890894657,-0.00011511071890894657
145.3125,0.0007973886404585418,0.0007973859930971292,-0.00011511071890899283,-0.00011511071890899283
145.3515625,0.0007973886404588602,0.0007973859930974477,-0.0001151107189090388,-0.0001151107189090388
145.390625,0.0007973886404591767,0.0007973859930977641,-0.00011511071890908449,-0.00011511071890908449
145.4296875,0.0007973886404594911,0.0007973859930980786,-0.00011511071890912989,-0.00011511071890912989
145.46875,0.0007973886404598036,0.000797385993098391,-0.00011511071890917499,-0.00011511071890917499
145.5078125,0.0007973886404601141,0.0007973859930987016,-0.00011511071890921982,-0.00011511071890921982
145.546875,0.0007973886404604227,0.0007973859930990101,-0.00011511071890926435,-0.00011511071890926435
145.5859375,0.0007973886404607293,0.0007973859930993168,-0.00011511071890930862,-0.00011511071890930862
145.625,0.0007973886404610339,0.0007973859930996215,-0.00011511071890935261,-0.00011511071890935261
145.6640625,0.0007973886404613367,0.0007973859930999242,-0.00011511071890939632,-0.00011511071890939632
145.703125,0.0007973886404616376,0.0007973859931002252,-0.00011511071890943975,-0.00011511071890943975
145.7421875,0.0007973886404619366,0.0007973859931005241,-0.0001151107189094829,-0.0001151107189094829
145.78125,0.0007973886404622337,0.0007973859931008212,-0.0001151107189095258,-0.0001151107189095258
145.8203125,0.0007973886404625289,0.0007973859931011164,-0.0001151107189095684,-0.0001151107189095684
145.859375,0.0007973886404628223,0.0007973859931014098,-0.00011511071890961076,-0.00011511071890961076
145.8984375,0.0007973886404631139,0.0007973859931017013,-0.00011511071890965285,-0.00011511071890965285
145.9375,0.0007973886404634036,0.0007973859931019909,-0.00011511071890969466,-0.00011511071890969466
145.9765625,0.0007973886404636914,0.0007973859931022788,-0.00011511071890973621,-0.00011511071890973621
146.015625,0.0007973886404639774,0.0007973859931025648,-0.00011511071890977751,-0.00011511071890977751
146.0546875,0.0007973886404642617,0.000797385993102849,-0.00011511071890981854,-0.00011511071890981854
146.09375,0.0007973886404645441,0.0007973859931031315,-0.00011511071890985932,-0.00011511071890985932
146.1328125,0.0007973886404648248,0.0007973859931034122,-0.00011511071890989985,-0.00011511071890989985
146.171875,0.0007973886404651038,0.0007973859931036911,-0.00011511071890994011,-0.00011511071890994011
146.2109375,0.0007973886404653809,0.0007973859931039683,-0.00011511071890998012,-0.00011511071890998012
146.25,0.0007973886404656563,0.0007973859931042438,-0.00011511071891001988,-0.00011511071891001988
146.2890625,0.00079738864046593,0.0007973859931045175,-0.00011511071891005939,-0.00011511071891005939
146.328125,0.0007973886404662019,0.0007973859931047893,-0.00011511071891009865,-0.00011511071891009865
146.3671875,0.0007973886404664722,0.0007973859931050597,-0.00011511071891013767,-0.00011511071891013767
146.40625,0.0007973886404667407,0.0007973859931053282,-0.00011511071891017643,-0.00011511071891017643
146.4453125,0.0007973886404670076,0.000797385993105595,-0.00011511071891021496,-0.00011511071891021496
146.484375,0.0007973886404672728,0.0007973859931058602,-0.00011511071891025324,-0.00011511071891025324
146.5234375,0.0007973886404675362,0.0007973859931061238,-0.00011511071891029127,-0.00011511071891029127
146.5625,0.000797388640467798,0.0007973859931063857,-0.00011511071891032908,-0.00011511071891032908
146.6015625,0.0007973886404680583,0.0007973859931066458,-0.00011511071891036664,-0.00011511071891036664
146.640625,0.0007973886404683168,0.0007973859931069044,-0.00011511071891040397,-0.00011511071891040397
146.6796875,0.0007973886404685738,0.0007973859931071613,-0.00011511071891044107,-0.00011511071891044107
146.71875,0.0007973886404688291,0.0007973859931074167,-0.00011511071891047792,-0.00011511071891047792
146.7578125,0.0007973886404690828,0.0007973859931076704,-0.00011511071891051455,-0.00011511071891051455
146.796875,0.0007973886404693349,0.0007973859931079225,-0.00011511071891055095,-0.00011511071891055095
146.8359375,0.0007973886404695855,0.000797385993108173,-0.00011511071891058711,-0.00011511071891058711
146.875,0.0007973886404698344,0.000797385993108422,-0.00011511071891062305,-0.00011511071891062305
146.9140625,0.0007973886404700818,0.0007973859931086694,-0.00011511071891065876,-0.00011511071891065876
146.953125,0.0007973886404703276,0.0007973859931089153,-0.00011511071891069425,-0.00011511071891069425
146.9921875,0.0007973886404705719,0.0007973859931091594,-0.00011511071891072952,-0.00011511071891072952
147.03125,0.0007973886404708146,0.0007973859931094023,-0.00011511071891076456,-0.00011511071891076456
147.0703125,0.0007973886404710559,0.0007973859931096434,-0.0001151107189107994,-0.0001151107189107994
147.109375,0.0007973886404712956,0.0007973859931098831,-0.000115110718910834,-0.000115110718910834
147.1484375,0.0007973886404715338,0.0007973859931101214,-0.00011511071891086838,-0.00011511071891086838
147.1875,0.0007973886404717705,0.0007973859931103582,-0.00011511071891090256,-0.00011511071891090256
147.2265625,0.0007973886404720056,0.0007973859931105934,-0.0001151107189109365,-0.0001151107189109365
147.265625,0.0007973886404722394,0.000797385993110827,-0.00011511071891097025,-0.00011511071891097025
147.3046875,0.0007973886404724716,0.0007973859931110593,-0.00011511071891100378,-0.00011511071891100378
147.34375,0.0007973886404727024,0.0007973859931112902,-0.00011511071891103709,-0.00011511071891103709
147.3828125,0.0007973886404729317,0.0007973859931115194,-0.0001151107189110702,-0.0001151107189110702
147.421875,0.0007973886404731596,0.0007973859931117473,-0.00011511071891110311,-0.00011511071891110311
147.4609375,0.0007973886404733861,0.0007973859931119738,-0.0001151107189111358,-0.0001151107189111358
147.5,0.0007973886404736112,0.0007973859931121989,-0.00011511071891116828,-0.00011511071891116828
147.5390625,0.0007973886404738349,0.0007973859931124225,-0.00011511071891120056,-0.00011511071891120056
147.578125,0.0007973886404740571,0.0007973859931126447,-0.00011511071891123266,-0.00011511071891123266
147.6171875,0.000797388640474278,0.0007973859931128657,-0.00011511071891126453,-0.00011511071891126453
147.65625,0.0007973886404744974,0.000797385993113085,-0.0001151107189112962,-0.0001151107189112962
147.6953125,0.0007973886404747155,0.0007973859931133031,-0.00011511071891132769,-0.00011511071891132769
147.734375,0.0007973886404749322,0.0007973859931135198,-0.00011511071891135897,-0.00011511071891135897
147.7734375,0.0007973886404751475,0.0007973859931137352,-0.00011511071891139005,-0.00011511071891139005
147.8125,0.0007973886404753614,0.000797385993113949,-0.00011511071891142094,-0.00011511071891142094
147.8515625,0.0007973886404755741,0.0007973859931141616,-0.00011511071891145162,-0.00011511071891145162
147.890625,0.0007973886404757854,0.0007973859931143729,-0.00011511071891148213,-0.00011511071891148213
147.9296875,0.0007973886404759953,0.0007973859931145828,-0.00011511071891151243,-0.00011511071891151243
147.96875,0.0007973886404762039,0.0007973859931147915,-0.00011511071891154256,-0.00011511071891154256
148.0078125,0.0007973886404764112,0.0007973859931149989,-0.00011511071891157249,-0.00011511071891157249
148.046875,0.0007973886404766172,0.0007973859931152048,-0.00011511071891160222,-0.00011511071891160222
148.0859375,0.0007973886404768219,0.0007973859931154095,-0.00011511071891163178,-0.00011511071891163178
148.125,0.0007973886404770253,0.0007973859931156129,-0.00011511071891166115,-0.00011511071891166115
148.1640625,0.0007973886404772275,0.0007973859931158151,-0.00011511071891169032,-0.00011511071891169032
148.203125,0.0007973886404774284,0.000797385993116016,-0.00011511071891171933,-0.00011511071891171933
148.2421875,0.000797388640477628,0.0007973859931162156,-0.00011511071891174814,-0.00011511071891174814
148.28125,0.0007973886404778264,0.0007973859931164139,-0.00011511071891177678,-0.00011511071891177678
148.3203125,0.0007973886404780235,0.0007973859931166111,-0.00011511071891180524,-0.00011511071891180524
148.359375,0.0007973886404782194,0.0007973859931168068,-0.00011511071891183351,-0.00011511071891183351
148.3984375,0.000797388640478414,0.0007973859931170016,-0.0001151107189118616,-0.0001151107189118616
148.4375,0.0007973886404786074,0.0007973859931171951,-0.00011511071891188953,-0.00011511071891188953
148.4765625,0.0007973886404787997,0.0007973859931173872,-0.00011511071891191728,-0.00011511071891191728
148.515625,0.0007973886404789907,0.0007973859931175783,-0.00011511071891194484,-0.00011511071891194484
148.5546875,0.0007973886404791804,0.000797385993117768,-0.00011511071891197224,-0.00011511071891197224
148.59375,0.000797388640479369,0.0007973859931179565,-0.00011511071891199947,-0.00011511071891199947
148.6328125,0.0007973886404795563,0.000797385993118144,-0.00011511071891202652,-0.00011511071891202652
148.671875,0.0007973886404797426,0.0007973859931183301,-0.0001151107189120534,-0.0001151107189120534
148.7109375,0.0007973886404799277,0.0007973859931185152,-0.00011511071891208012,-0.00011511071891208012
148.75,0.0007973886404801115,0.0007973859931186991,-0.00011511071891210666,-0.00011511071891210666
148.7890625,0.0007973886404802942,0.0007973859931188818,-0.00011511071891213304,-0.00011511071891213304
148.828125,0.0007973886404804758,0.0007973859931190634,-0.00011511071891215926,-0.00011511071891215926
148.8671875,0.0007973886404806563,0.0007973859931192439,-0.0001151107189121853,-0.0001151107189121853
148.90625,0.0007973886404808356,0.0007973859931194232,-0.00011511071891221119,-0.00011511071891221119
148.9453125,0.0007973886404810137,0.0007973859931196014,-0.00011511071891223691,-0.00011511071891223691
148.984375,0.0007973886404811908,0.0007973859931197784,-0.00011511071891226247,-0.00011511071891226247
149.0234375,0.0007973886404813667,0.0007973859931199543,-0.00011511071891228787,-0.00011511071891228787
149.0625,0.0007973886404815416,0.0007973859931201292,-0.0001151107189123131,-0.0001151107189123131
149.1015625,0.0007973886404817153,0.0007973859931203029,-0.00011511071891233819,-0.00011511071891233819
149.140625,0.0007973886404818879,0.0007973859931204756,-0.00011511071891236311,-0.00011511071891236311
149.1796875,0.0007973886404820594,0.0007973859931206471,-0.00011511071891238787,-0.00011511071891238787
149.21875,0.0007973886404822299,0.0007973859931208176,-0.00011511071891241248,-0.00011511071891241248
149.2578125,0.0007973886404823992,0.000797385993120987,-0.00011511071891243693,-0.00011511071891243693
149.296875,0.0007973886404825676,0.0007973859931211554,-0.00011511071891246123,-0.00011511071891246123
149.3359375,0.0007973886404827349,0.0007973859931213227,-0.00011511071891248538,-0.00011511071891248538
149.375,0.0007973886404829011,0.0007973859931214888,-0.00011511071891250939,-0.00011511071891250939
149.4140625,0.0007973886404830663,0.000797385993121654,-0.00011511071891253322,-0.00011511071891253322
149.453125,0.0007973886404832305,0.0007973859931218181,-0.00011511071891255693,-0.00011511071891255693
149.4921875,0.0007973886404833935,0.0007973859931219812,-0.00011511071891258047,-0.00011511071891258047
149.53125,0.0007973886404835556,0.0007973859931221433,-0.00011511071891260386,-0.00011511071891260386
149.5703125,0.0007973886404837167,0.0007973859931223044,-0.00011511071891262712,-0.00011511071891262712
149.609375,0.0007973886404838768,0.0007973859931224645,-0.00011511071891265022,-0.00011511071891265022
149.6484375,0.0007973886404840358,0.0007973859931226235,-0.00011511071891267318,-0.00011511071891267318
149.6875,0.0007973886404841939,0.0007973859931227815,-0.00011511071891269599,-0.00011511071891269599
149.7265625,0.0007973886404843509,0.0007973859931229386,-0.00011511071891271866,-0.00011511071891271866
149.765625,0.0007973886404845069,0.0007973859931230946,-0.00011511071891274119,-0.00011511071891274119
149.8046875,0.000797388640484662,0.0007973859931232497,-0.00011511071891276358,-0.00011511071891276358
149.84375,0.000797388640484816,0.0007973859931234037,-0.00011511071891278583,-0.00011511071891278583
149.8828125,0.0007973886404849691,0.000797385993123557,-0.00011511071891280793,-0.00011511071891280793
149.921875,0.0007973886404851212,0.000797385993123709,-0.0001151107189128299,-0.0001151107189128299
149.9609375,0.0007973886404852725,0.0007973859931238603,-0.00011511071891285172,-0.00011511071891285172
150.0,0.0007973886404854227,0.0007973859931240105,-0.00011511071891287342,-0.00011511071891287342
150.0390625,0.000797388640485572,0.0007973859931241598,-0.00011511071891289497,-0.00011511071891289497
150.078125,0.0007973886404857203,0.0007973859931243082,-0.0001151107189129164,-0.0001151107189129164
150.1171875,0.0007973886404858678,0.0007973859931244556,-0.00011511071891293767,-0.00011511071891293767
150.15625,0.0007973886404860143,0.0007973859931246022,-0.00011511071891295883,-0.00011511071891295883
150.1953125,0.0007973886404861599,0.0007973859931247478,-0.00011511071891297985,-0.00011511071891297985
150.234375,0.0007973886404863045,0.0007973859931248924,-0.00011511071891300073,-0.00011511071891300073
150.2734375,0.0007973886404864483,0.0007973859931250362,-0.00011511071891302148,-0.00011511071891302148
150.3125,0.0007973886404865912,0.0007973859931251791,-0.00011511071891304211,-0.00011511071891304211
150.3515625,0.0007973886404867331,0.000797385993125321,-0.0001151107189130626,-0.0001151107189130626
150.390625,0.0007973886404868742,0.0007973859931254621,-0.00011511071891308296,-0.00011511071891308296
150.4296875,0.0007973886404870143,0.0007973859931256022,-0.0001151107189131032,-0.0001151107189131032
150.46875,0.0007973886404871537,0.0007973859931257415,-0.0001151107189131233,-0.0001151107189131233
150.5078125,0.0007973886404872921,0.0007973859931258799,-0.00011511071891314329,-0.00011511071891314329
150.546875,0.0007973886404874297,0.0007973859931260175,-0.00011511071891316315,-0.00011511071891316315
150.5859375,0.0007973886404875664,0.0007973859931261542,-0.00011511071891318288,-0.00011511071891318288
150.625,0.0007973886404877023,0.0007973859931262899,-0.00011511071891320249,-0.00011511071891320249
150.6640625,0.0007973886404878372,0.000797385993126425,-0.00011511071891322196,-0.00011511071891322196
150.703125,0.0007973886404879714,0.0007973859931265591,-0.00011511071891324133,-0.00011511071891324133
150.7421875,0.0007973886404881046,0.0007973859931266923,-0.00011511071891326057,-0.00011511071891326057
150.78125,0.0007973886404882371,0.0007973859931268249,-0.00011511071891327968,-0.00011511071891327968
150.8203125,0.0007973886404883687,0.0007973859931269565,-0.00011511071891329868,-0.00011511071891329868
150.859375,0.0007973886404884995,0.0007973859931270873,-0.00011511071891331756,-0.00011511071891331756
150.8984375,0.0007973886404886295,0.0007973859931272171,-0.00011511071891333632,-0.00011511071891333632
150.9375,0.0007973886404887586,0.0007973859931273464,-0.00011511071891335497,-0.00011511071891335497
150.9765625,0.000797388640488887,0.0007973859931274746,-0.0001151107189133735,-0.0001151107189133735
151.015625,0.0007973886404890145,0.0007973859931276021,-0.0001151107189133919,-0.0001151107189133919
151.0546875,0.0007973886404891412,0.0007973859931277288,-0.0001151107189134102,-0.0001151107189134102
151.09375,0.0007973886404892671,0.0007973859931278548,-0.00011511071891342837,-0.00011511071891342837
151.1328125,0.0007973886404893922,0.0007973859931279799,-0.00011511071891344643,-0.00011511071891344643
151.171875,0.0007973886404895166,0.0007973859931281041,-0.00011511071891346438,-0.00011511071891346438
151.2109375,0.0007973886404896402,0.0007973859931282277,-0.00011511071891348221,-0.00011511071891348221
151.25,0.0007973886404897629,0.0007973859931283506,-0.00011511071891349994,-0.00011511071891349994
151.2890625,0.0007973886404898849,0.0007973859931284725,-0.00011511071891351756,-0.00011511071891351756
151.328125,0.0007973886404900061,0.0007973859931285937,-0.00011511071891353505,-0.00011511071891353505
151.3671875,0.0007973886404901265,0.0007973859931287142,-0.00011511071891355244,-0.00011511071891355244
151.40625,0.0007973886404902462,0.0007973859931288339,-0.00011511071891356973,-0.00011511071891356973
151.4453125,0.0007973886404903652,0.000797385993128953,-0.0001151107189135869,-0.0001151107189135869
151.484375,0.0007973886404904834,0.0007973859931290711,-0.00011511071891360397,-0.00011511071891360397
151.5234375,0.0007973886404906008,0.0007973859931291885,-0.00011511071891362092,-0.00011511071891362092
151.5625,0.0007973886404907175,0.0007973859931293053,-0.00011511071891363778,-0.00011511071891363778
151.6015625,0.0007973886404908336,0.0007973859931294213,-0.00011511071891365452,-0.00011511071891365452
151.640625,0.0007973886404909488,0.0007973859931295366,-0.00011511071891367116,-0.00011511071891367116
151.6796875,0.0007973886404910633,0.0007973859931296512,-0.0001151107189136877,-0.0001151107189136877
151.71875,0.0007973886404911771,0.000797385993129765,-0.00011511071891370412,-0.00011511071891370412
151.7578125,0.0007973886404912902,0.0007973859931298781,-0.00011511071891372045,-0.00011511071891372045
151.796875,0.0007973886404914026,0.0007973859931299904,-0.00011511071891373667,-0.00011511071891373667
151.8359375,0.0007973886404915143,0.0007973859931301021,-0.0001151107189137528,-0.0001151107189137528
151.875,0.0007973886404916253,0.0007973859931302131,-0.00011511071891376882,-0.00011511071891376882
151.9140625,0.0007973886404917356,0.0007973859931303235,-0.00011511071891378475,-0.00011511071891378475
151.953125,0.0007973886404918452,0.000797385993130433,-0.00011511071891380056,-0.00011511071891380056
151.9921875,0.0007973886404919541,0.000797385993130542,-0.00011511071891381628,-0.00011511071891381628
152.03125,0.0007973886404920623,0.00079738599313065,-0.00011511071891383191,-0.00011511071891383191
152.0703125,0.0007973886404921698,0.0007973859931307576,-0.00011511071891384743,-0.00011511071891384743
152.109375,0.0007973886404922767,0.0007973859931308645,-0.00011511071891386286,-0.00011511071891386286
152.1484375,0.0007973886404923829,0.0007973859931309708,-0.00011511071891387819,-0.00011511071891387819
152.1875,0.0007973886404924884,0.0007973859931310762,-0.00011511071891389342,-0.00011511071891389342
152.2265625,0.0007973886404925932,0.0007973859931311811,-0.00011511071891390856,-0.00011511071891390856
152.265625,0.0007973886404926974,0.0007973859931312853,-0.00011511071891392359,-0.00011511071891392359
152.3046875,0.0007973886404928009,0.0007973859931313888,-0.00011511071891393854,-0.00011511071891393854
152.34375,0.0007973886404929038,0.0007973859931314917,-0.00011511071891395339,-0.00011511071891395339
152.3828125,0.0007973886404930061,0.000797385993131594,-0.00011511071891396815,-0.00011511071891396815
152.421875,0.0007973886404931077,0.0007973859931316954,-0.00011511071891398282,-0.00011511071891398282
152.4609375,0.0007973886404932086,0.0007973859931317965,-0.0001151107189139974,-0.0001151107189139974
152.5,0.0007973886404933089,0.0007973859931318969,-0.00011511071891401187,-0.00011511071891401187
152.5390625,0.0007973886404934085,0.0007973859931319965,-0.00011511071891402627,-0.00011511071891402627
152.578125,0.0007973886404935076,0.0007973859931320955,-0.00011511071891404058,-0.00011511071891404058
152.6171875,0.0007973886404936061,0.000797385993132194,-0.00011511071891405478,-0.00011511071891405478
152.65625,0.0007973886404937039,0.0007973859931322917,-0.0001151107189140689,-0.0001151107189140689
152.6953125,0.0007973886404938011,0.0007973859931323891,-0.00011511071891408294,-0.00011511071891408294
152.734375,0.0007973886404938977,0.0007973859931324856,-0.00011511071891409687,-0.00011511071891409687
152.7734375,0.0007973886404939937,0.0007973859931325816,-0.00011511071891411074,-0.00011511071891411074
152.8125,0.0007973886404940891,0.000797385993132677,-0.00011511071891412451,-0.00011511071891412451
152.8515625,0.0007973886404941838,0.0007973859931327717,-0.00011511071891413818,-0.00011511071891413818
152.890625,0.0007973886404942781,0.0007973859931328659,-0.00011511071891415179,-0.00011511071891415179
152.9296875,0.0007973886404943716,0.0007973859931329595,-0.0001151107189141653,-0.0001151107189141653
152.96875,0.0007973886404944647,0.0007973859931330525,-0.00011511071891417872,-0.00011511071891417872
153.0078125,0.000797388640494557,0.0007973859931331449,-0.00011511071891419207,-0.00011511071891419207
153.046875,0.0007973886404946489,0.0007973859931332367,-0.00011511071891420532,-0.00011511071891420532
153.0859375,0.0007973886404947401,0.000797385993133328,-0.0001151107189142185,-0.0001151107189142185
153.125,0.0007973886404948308,0.0007973859931334188,-0.00011511071891423159,-0.00011511071891423159
153.1640625,0.0007973886404949209,0.0007973859931335089,-0.0001151107189142446,-0.0001151107189142446
153.203125,0.0007973886404950104,0.0007973859931335984,-0.00011511071891425753,-0.00011511071891425753
153.2421875,0.0007973886404950995,0.0007973859931336873,-0.00011511071891427037,-0.00011511071891427037
153.28125,0.0007973886404951879,0.0007973859931337758,-0.00011511071891428313,-0.00011511071891428313
153.3203125,0.0007973886404952757,0.0007973859931338636,-0.00011511071891429581,-0.00011511071891429581
153.359375,0.000797388640495363,0.000797385993133951,-0.00011511071891430842,-0.00011511071891430842
153.3984375,0.0007973886404954498,0.0007973859931340377,-0.00011511071891432095,-0.00011511071891432095
153.4375,0.000797388640495536,0.0007973859931341239,-0.00011511071891433339,-0.00011511071891433339
153.4765625,0.0007973886404956216,0.0007973859931342097,-0.00011511071891434577,-0.00011511071891434577
153.515625,0.0007973886404957067,0.0007973859931342948,-0.00011511071891435806,-0.00011511071891435806
153.5546875,0.0007973886404957913,0.0007973859931343794,-0.00011511071891437027,-0.00011511071891437027
153.59375,0.0007973886404958753,0.0007973859931344635,-0.0001151107189143824,-0.0001151107189143824
153.6328125,0.0007973886404959589,0.000797385993134547,-0.00011511071891439446,-0.00011511071891439446
153.671875,0.000797388640496042,0.00079738599313463,-0.00011511071891440644,-0.00011511071891440644
153.7109375,0.0007973886404961245,0.0007973859931347126,-0.00011511071891441835,-0.00011511071891441835
153.75,0.0007973886404962064,0.0007973859931347944,-0.00011511071891443018,-0.00011511071891443018
153.7890625,0.0007973886404962878,0.0007973859931348759,-0.00011511071891444195,-0.00011511071891444195
153.828125,0.0007973886404963688,0.0007973859931349568,-0.00011511071891445363,-0.00011511071891445363
153.8671875,0.0007973886404964493,0.0007973859931350373,-0.00011511071891446525,-0.00011511071891446525
153.90625,0.0007973886404965292,0.0007973859931351173,-0.00011511071891447678,-0.00011511071891447678
153.9453125,0.0007973886404966087,0.0007973859931351966,-0.00011511071891448824,-0.00011511071891448824
153.984375,0.0007973886404966876,0.0007973859931352757,-0.00011511071891449964,-0.00011511071891449964
154.0234375,0.000797388640496766,0.0007973859931353541,-0.00011511071891451097,-0.00011511071891451097
154.0625,0.0007973886404968439,0.000797385993135432,-0.00011511071891452222,-0.00011511071891452222
154.1015625,0.0007973886404969213,0.0007973859931355094,-0.0001151107189145334,-0.0001151107189145334
154.140625,0.0007973886404969983,0.0007973859931355863,-0.0001151107189145445,-0.0001151107189145445
154.1796875,0.0007973886404970748,0.000797385993135663,-0.00011511071891455555,-0.00011511071891455555
154.21875,0.0007973886404971508,0.0007973859931357388,-0.00011511071891456652,-0.00011511071891456652
154.2578125,0.0007973886404972263,0.0007973859931358143,-0.00011511071891457742,-0.00011511071891457742
154.296875,0.0007973886404973014,0.0007973859931358893,-0.00011511071891458825,-0.00011511071891458825
154.3359375,0.000797388640497376,0.0007973859931359639,-0.00011511071891459902,-0.00011511071891459902
154.375,0.00079738864049745,0.0007973859931360381,-0.00011511071891460972,-0.00011511071891460972
154.4140625,0.0007973886404975236,0.0007973859931361117,-0.00011511071891462034,-0.00011511071891462034
154.453125,0.0007973886404975968,0.0007973859931361849,-0.00011511071891463091,-0.00011511071891463091
154.4921875,0.0007973886404976696,0.0007973859931362575,-0.0001151107189146414,-0.0001151107189146414
154.53125,0.0007973886404977418,0.0007973859931363299,-0.00011511071891465184,-0.00011511071891465184
154.5703125,0.0007973886404978135,0.0007973859931364016,-0.00011511071891466219,-0.00011511071891466219
154.609375,0.0007973886404978849,0.0007973859931364731,-0.00011511071891467249,-0.00011511071891467249
154.6484375,0.0007973886404979558,0.0007973859931365439,-0.00011511071891468274,-0.00011511071891468274
154.6875,0.0007973886404980263,0.0007973859931366144,-0.0001151107189146929,-0.0001151107189146929
154.7265625,0.0007973886404980963,0.0007973859931366843,-0.00011511071891470301,-0.00011511071891470301
154.765625,0.0007973886404981659,0.0007973859931367539,-0.00011511071891471305,-0.00011511071891471305
154.8046875,0.0007973886404982351,0.000797385993136823,-0.00011511071891472303,-0.00011511071891472303
154.84375,0.0007973886404983038,0.0007973859931368918,-0.00011511071891473295,-0.00011511071891473295
154.8828125,0.0007973886404983721,0.00079738599313696,-0.0001151107189147428,-0.0001151107189147428
154.921875,0.00079738864049844,0.0007973859931370279,-0.0001151107189147526,-0.0001151107189147526
154.9609375,0.0007973886404985074,0.0007973859931370952,-0.00011511071891476233,-0.00011511071891476233
155.0,0.0007973886404985744,0.0007973859931371622,-0.00011511071891477199,-0.00011511071891477199
155.0390625,0.000797388640498641,0.0007973859931372288,-0.0001151107189147816,-0.0001151107189147816
155.078125,0.0007973886404987071,0.0007973859931372949,-0.00011511071891479116,-0.00011511071891479116
155.1171875,0.0007973886404987728,0.0007973859931373606,-0.00011511071891480064,-0.00011511071891480064
155.15625,0.0007973886404988381,0.000797385993137426,-0.00011511071891481006,-0.00011511071891481006
155.1953125,0.000797388640498903,0.0007973859931374908,-0.00011511071891481944,-0.00011511071891481944
155.234375,0.0007973886404989676,0.0007973859931375552,-0.00011511071891482875,-0.00011511071891482875
155.2734375,0.0007973886404990316,0.0007973859931376194,-0.000115110718914838,-0.000115110718914838
155.3125,0.0007973886404990953,0.000797385993137683,-0.0001151107189148472,-0.0001151107189148472
155.3515625,0.0007973886404991586,0.0007973859931377464,-0.00011511071891485633,-0.00011511071891485633
155.390625,0.0007973886404992215,0.0007973859931378094,-0.0001151107189148654,-0.0001151107189148654
155.4296875,0.0007973886404992839,0.0007973859931378717,-0.00011511071891487442,-0.00011511071891487442
155.46875,0.0007973886404993461,0.0007973859931379338,-0.0001151107189148834,-0.0001151107189148834
155.5078125,0.0007973886404994077,0.0007973859931379955,-0.0001151107189148923,-0.0001151107189148923
155.546875,0.0007973886404994691,0.000797385993138057,-0.00011511071891490115,-0.00011511071891490115
155.5859375,0.00079738864049953,0.0007973859931381178,-0.00011511071891490994,-0.00011511071891490994
155.625,0.0007973886404995905,0.0007973859931381784,-0.00011511071891491869,-0.00011511071891491869
155.6640625,0.0007973886404996507,0.0007973859931382385,-0.00011511071891492737,-0.00011511071891492737
155.703125,0.0007973886404997105,0.0007973859931382983,-0.000115110718914936,-0.000115110718914936
155.7421875,0.0007973886404997699,0.0007973859931383577,-0.00011511071891494458,-0.00011511071891494458
155.78125,0.000797388640499829,0.0007973859931384167,-0.0001151107189149531,-0.0001151107189149531
155.8203125,0.0007973886404998876,0.0007973859931384754,-0.00011511071891496157,-0.00011511071891496157
155.859375,0.0007973886404999459,0.0007973859931385337,-0.00011511071891496998,-0.00011511071891496998
155.8984375,0.0007973886405000038,0.0007973859931385916,-0.00011511071891497834,-0.00011511071891497834
155.9375,0.0007973886405000614,0.0007973859931386493,-0.00011511071891498666,-0.00011511071891498666
155.9765625,0.0007973886405001187,0.0007973859931387064,-0.00011511071891499492,-0.00011511071891499492
156.015625,0.0007973886405001755,0.0007973859931387632,-0.00011511071891500312,-0.00011511071891500312
156.0546875,0.000797388640500232,0.0007973859931388198,-0.00011511071891501128,-0.00011511071891501128
156.09375,0.0007973886405002881,0.0007973859931388759,-0.00011511071891501938,-0.00011511071891501938
156.1328125,0.0007973886405003438,0.0007973859931389316,-0.00011511071891502743,-0.00011511071891502743
156.171875,0.0007973886405003992,0.0007973859931389871,-0.00011511071891503543,-0.00011511071891503543
156.2109375,0.0007973886405004543,0.0007973859931390422,-0.00011511071891504338,-0.00011511071891504338
156.25,0.0007973886405005091,0.0007973859931390968,-0.00011511071891505128,-0.00011511071891505128
156.2890625,0.0007973886405005635,0.0007973859931391514,-0.00011511071891505913,-0.00011511071891505913
156.328125,0.0007973886405006175,0.0007973859931392053,-0.00011511071891506694,-0.00011511071891506694
156.3671875,0.0007973886405006712,0.000797385993139259,-0.00011511071891507469,-0.00011511071891507469
156.40625,0.0007973886405007245,0.0007973859931393124,-0.0001151107189150824,-0.0001151107189150824
156.4453125,0.0007973886405007775,0.0007973859931393654,-0.00011511071891509006,-0.00011511071891509006
156.484375,0.0007973886405008302,0.0007973859931394181,-0.00011511071891509766,-0.00011511071891509766
156.5234375,0.0007973886405008826,0.0007973859931394705,-0.00011511071891510522,-0.00011511071891510522
156.5625,0.0007973886405009346,0.0007973859931395225,-0.00011511071891511273,-0.00011511071891511273
156.6015625,0.0007973886405009863,0.0007973859931395742,-0.0001151107189151202,-0.0001151107189151202
156.640625,0.0007973886405010377,0.0007973859931396256,-0.00011511071891512761,-0.00011511071891512761
156.6796875,0.0007973886405010888,0.0007973859931396767,-0.00011511071891513498,-0.00011511071891513498
156.71875,0.0007973886405011395,0.0007973859931397274,-0.0001151107189151423,-0.0001151107189151423
156.7578125,0.00079738864050119,0.0007973859931397777,-0.00011511071891514958,-0.00011511071891514958
156.796875,0.00079738864050124,0.0007973859931398279,-0.00011511071891515682,-0.00011511071891515682
156.8359375,0.0007973886405012898,0.0007973859931398778,-0.000115110718915164,-0.000115110718915164
156.875,0.0007973886405013393,0.0007973859931399272,-0.00011511071891517114,-0.00011511071891517114
156.9140625,0.0007973886405013884,0.0007973859931399764,-0.00011511071891517824,-0.00011511071891517824
156.953125,0.0007973886405014373,0.0007973859931400251,-0.00011511071891518529,-0.00011511071891518529
156.9921875,0.0007973886405014858,0.0007973859931400737,-0.00011511071891519231,-0.00011511071891519231
157.03125,0.0007973886405015341,0.000797385993140122,-0.00011511071891519926,-0.00011511071891519926
157.0703125,0.000797388640501582,0.0007973859931401699,-0.00011511071891520619,-0.00011511071891520619
157.109375,0.0007973886405016296,0.0007973859931402176,-0.00011511071891521306,-0.00011511071891521306
157.1484375,0.000797388640501677,0.0007973859931402649,-0.0001151107189152199,-0.0001151107189152199
157.1875,0.000797388640501724,0.000797385993140312,-0.0001151107189152267,-0.0001151107189152267
157.2265625,0.0007973886405017708,0.0007973859931403586,-0.00011511071891523344,-0.00011511071891523344
157.265625,0.0007973886405018172,0.0007973859931404052,-0.00011511071891524014,-0.00011511071891524014
157.3046875,0.0007973886405018634,0.0007973859931404513,-0.0001151107189152468,-0.0001151107189152468
157.34375,0.0007973886405019092,0.0007973859931404971,-0.00011511071891525343,-0.00011511071891525343
157.3828125,0.0007973886405019548,0.0007973859931405426,-0.00011511071891526,-0.00011511071891526
157.421875,0.0007973886405020001,0.000797385993140588,-0.00011511071891526654,-0.00011511071891526654
157.4609375,0.0007973886405020451,0.000797385993140633,-0.00011511071891527304,-0.00011511071891527304
157.5,0.0007973886405020897,0.0007973859931406777,-0.0001151107189152795,-0.0001151107189152795
157.5390625,0.0007973886405021342,0.0007973859931407223,-0.00011511071891528592,-0.00011511071891528592
157.578125,0.0007973886405021783,0.0007973859931407663,-0.00011511071891529229,-0.00011511071891529229
157.6171875,0.0007973886405022222,0.0007973859931408102,-0.00011511071891529862,-0.00011511071891529862
157.65625,0.0007973886405022658,0.0007973859931408538,-0.00011511071891530492,-0.00011511071891530492
157.6953125,0.0007973886405023092,0.0007973859931408971,-0.00011511071891531117,-0.00011511071891531117
157.734375,0.0007973886405023522,0.0007973859931409402,-0.00011511071891531739,-0.00011511071891531739
157.7734375,0.000797388640502395,0.000797385993140983,-0.00011511071891532357,-0.00011511071891532357
157.8125,0.0007973886405024375,0.0007973859931410255,-0.0001151107189153297,-0.0001151107189153297
157.8515625,0.0007973886405024798,0.0007973859931410677,-0.0001151107189153358,-0.0001151107189153358
157.890625,0.0007973886405025218,0.0007973859931411099,-0.00011511071891534186,-0.00011511071891534186
157.9296875,0.0007973886405025635,0.0007973859931411515,-0.00011511071891534788,-0.00011511071891534788
157.96875,0.000797388640502605,0.0007973859931411929,-0.00011511071891535387,-0.00011511071891535387
158.0078125,0.0007973886405026461,0.0007973859931412341,-0.00011511071891535982,-0.00011511071891535982
158.046875,0.0007973886405026871,0.0007973859931412751,-0.00011511071891536573,-0.00011511071891536573
158.0859375,0.0007973886405027278,0.0007973859931413158,-0.0001151107189153716,-0.0001151107189153716
158.125,0.0007973886405027682,0.0007973859931413561,-0.00011511071891537744,-0.00011511071891537744
158.1640625,0.0007973886405028085,0.0007973859931413964,-0.00011511071891538324,-0.00011511071891538324
158.203125,0.0007973886405028484,0.0007973859931414363,-0.000115110718915389,-0.000115110718915389
158.2421875,0.000797388640502888,0.0007973859931414759,-0.00011511071891539473,-0.00011511071891539473
158.28125,0.0007973886405029275,0.0007973859931415153,-0.00011511071891540041,-0.00011511071891540041
158.3203125,0.0007973886405029666,0.0007973859931415545,-0.00011511071891540608,-0.00011511071891540608
158.359375,0.0007973886405030056,0.0007973859931415934,-0.00011511071891541169,-0.00011511071891541169
158.3984375,0.0007973886405030443,0.0007973859931416321,-0.00011511071891541727,-0.00011511071891541727
158.4375,0.0007973886405030826,0.0007973859931416706,-0.00011511071891542283,-0.00011511071891542283
158.4765625,0.0007973886405031208,0.0007973859931417088,-0.00011511071891542834,-0.00011511071891542834
158.515625,0.0007973886405031588,0.0007973859931417466,-0.00011511071891543382,-0.00011511071891543382
158.5546875,0.0007973886405031965,0.0007973859931417845,-0.00011511071891543927,-0.00011511071891543927
158.59375,0.000797388640503234,0.0007973859931418219,-0.00011511071891544467,-0.00011511071891544467
158.6328125,0.0007973886405032712,0.0007973859931418592,-0.00011511071891545004,-0.00011511071891545004
158.671875,0.0007973886405033082,0.0007973859931418962,-0.00011511071891545539,-0.00011511071891545539
158.7109375,0.0007973886405033449,0.0007973859931419329,-0.00011511071891546069,-0.00011511071891546069
158.75,0.0007973886405033815,0.0007973859931419696,-0.00011511071891546598,-0.00011511071891546598
158.7890625,0.0007973886405034178,0.0007973859931420058,-0.00011511071891547121,-0.00011511071891547121
158.828125,0.0007973886405034539,0.000797385993142042,-0.00011511071891547643,-0.00011511071891547643
158.8671875,0.0007973886405034898,0.0007973859931420778,-0.0001151107189154816,-0.0001151107189154816
158.90625,0.0007973886405035254,0.0007973859931421133,-0.00011511071891548674,-0.00011511071891548674
158.9453125,0.0007973886405035609,0.0007973859931421487,-0.00011511071891549185,-0.00011511071891549185
158.984375,0.0007973886405035961,0.000797385993142184,-0.00011511071891549693,-0.00011511071891549693
159.0234375,0.000797388640503631,0.000797385993142219,-0.00011511071891550199,-0.00011511071891550199
159.0625,0.0007973886405036657,0.0007973859931422536,-0.000115110718915507,-0.000115110718915507
159.1015625,0.0007973886405037002,0.0007973859931422882,-0.00011511071891551197,-0.00011511071891551197
159.140625,0.0007973886405037345,0.0007973859931423225,-0.00011511071891551693,-0.00011511071891551693
159.1796875,0.0007973886405037685,0.0007973859931423566,-0.00011511071891552185,-0.00011511071891552185
159.21875,0.0007973886405038023,0.0007973859931423904,-0.00011511071891552675,-0.00011511071891552675
159.2578125,0.000797388640503836,0.000797385993142424,-0.0001151107189155316,-0.0001151107189155316
159.296875,0.0007973886405038695,0.0007973859931424576,-0.00011511071891553644,-0.00011511071891553644
159.3359375,0.0007973886405039027,0.0007973859931424907,-0.00011511071891554123,-0.00011511071891554123
159.375,0.0007973886405039358,0.0007973859931425238,-0.000115110718915546,-0.000115110718915546
159.4140625,0.0007973886405039687,0.0007973859931425566,-0.00011511071891555073,-0.00011511071891555073
159.453125,0.0007973886405040013,0.0007973859931425893,-0.00011511071891555545,-0.00011511071891555545
159.4921875,0.0007973886405040337,0.0007973859931426217,-0.00011511071891556013,-0.00011511071891556013
159.53125,0.0007973886405040659,0.0007973859931426539,-0.00011511071891556478,-0.00011511071891556478
159.5703125,0.0007973886405040979,0.0007973859931426859,-0.0001151107189155694,-0.0001151107189155694
159.609375,0.0007973886405041297,0.0007973859931427177,-0.00011511071891557399,-0.00011511071891557399
159.6484375,0.0007973886405041612,0.0007973859931427493,-0.00011511071891557854,-0.00011511071891557854
159.6875,0.0007973886405041927,0.0007973859931427808,-0.00011511071891558308,-0.00011511071891558308
159.7265625,0.0007973886405042239,0.0007973859931428119,-0.00011511071891558758,-0.00011511071891558758
159.765625,0.0007973886405042549,0.000797385993142843,-0.00011511071891559207,-0.00011511071891559207
159.8046875,0.0007973886405042857,0.0007973859931428738,-0.00011511071891559652,-0.00011511071891559652
159.84375,0.0007973886405043163,0.0007973859931429045,-0.00011511071891560093,-0.00011511071891560093
159.8828125,0.0007973886405043467,0.0007973859931429348,-0.00011511071891560532,-0.00011511071891560532
159.921875,0.000797388640504377,0.0007973859931429651,-0.00011511071891560969,-0.00011511071891560969
159.9609375,0.000797388640504407,0.0007973859931429951,-0.00011511071891561403,-0.00011511071891561403
160.0,0.0007973886405044368,0.000797385993143025,-0.00011511071891561833,-0.00011511071891561833
